# Resource object code (Python 3)
# Created by: object code
# Created by: The Resource Compiler for Qt version 6.10.3
# WARNING! All changes made in this file will be lost!

from PyQt6 import QtCore

qt_resource_data = b"\
\x00\x00\x04p\
b\
ody {\x0a\x09\x09color: r\
gb(200, 200, 200\
);\x0a\x09\x09background:\
 rgb(32, 32, 32)\
;\x0a        /*marg\
in: 2%;\x0a        \
padding: 5px;*/\x0a\
\x09    /* line-hei\
ght: 1.5;\x0a\x09    f\
ont-size: 14; */\
\x0a\x09    font-famil\
y: Georgia;\x0a}\x0a\x0aa\
:link {\x0a  color:\
 royalblue;\x0a}\x0a\x0a.\
post {\x0a\x09\x09backgro\
und: black; \x0a\x09\x09/\
*border: solid; \
\x0a\x09\x09border-width:\
 2px; */\x0a\x09\x09paddi\
ng: 8px; \x0a\x09\x09bord\
er-radius: 8px;\x0a\
\x09\x09border-color: \
rgb(0, 0, 64); \x0a\
\x09\x0a}\x0a\x0a.post .read\
 { color: deepsk\
yblue;\x0a\x09\x09\x09  font\
-weight: normal;\
\x0a\x09\x09\x09  display: i\
nline-block;\x0a\x09\x09\x09\
  width:90%;}\x0a\x0a.\
post .unread { c\
olor: royalblue;\
\x0a               \
 font-weight: bo\
ld;\x0a\x09\x09\x09\x09display:\
 inline-block;\x0a\x09\
\x09\x09\x09width:90%;}\x0a\x0a\
hr.new {\x0a  borde\
r: 2px rgb(0, 0,\
 64);\x0a  border-r\
adius: 5px;\x0a}\x0a\x0ab\
ody::-webkit-scr\
ollbar {\x0a\x09\x09\x09\x09\x09\x09\x09\
width: 15px;   /\
* width of the e\
ntire scrollbar \
*/\x0a}\x0a\x09\x09\x09\x09\x09\x09\x0abody\
::-webkit-scroll\
bar-track {\x0a\x09\x09\x09\x09\
\x09\x09\x09\x09background: \
rgb(29, 32, 35);\
 /* color of the\
 tracking area *\
/ \x0a}\x0a\x0abody::-web\
kit-scrollbar-tr\
ack:hover {\x0a\x09\x09\x09\x09\
\x09\x09\x09\x09background: \
rgb(118, 121, 12\
4);\x0a}\x0a\x09\x09\x09\x09\x09\x09\x09  \x0a\
body::-webkit-sc\
rollbar-thumb {\x0a\
\x09\x09\x09\x09\x09\x09\x09\x09backgrou\
nd-color: rgb(61\
, 174, 233); /* \
color of the scr\
oll thumb */ \x0a\x09\x09\
\x09\x09\x09\x09\x09\x09border-rad\
ius: 3px;  /* ro\
undness of the s\
croll thumb */ \x0a\
}\x0a\x09\x09\x09\x09\x09\x09\x09  \x09\x09  \
\x00\x00)\xd5\
(\
\xb5/\xfd`\xb3\xce]N\x01j\x0b\x1e\x7f8\x10\x98\
\xe9\x01\xa1\xb6\x15\xe9|F\x83\x8fS:\x89\x0c\xfa\xd6\
\x8f\x82-\x1e\xa0(\xacW\xa4\x0d\x09\xce\x13PU \
\x06\x92(\xe5\x10;\xa2y[+f\xabX\x13%\xb2\
dR\xd8K2\x05\xe8\x07\xe4\x07\xe1\x07p+e\x8e\
\xfcax\xfc\x7f\xe6\x9f\xef\xc5\x9f\xc5\x04\x5c\xce\x01\xbc\
\x09\x03+\xb8\xcf\x0a\xaa\x09\xb5v\x87p\xc1\x16\xd0 \
P\xda\x90z\xcf\xf3\xcbW\x93\x8e\xf1\x0eB\x09\xedU\
-\xeb\x89\x89,\xa2M\xd5t\xc5G\x0dvF\xa2\xdb\
\xfdaGz>\x91V/\x9b\x17\xb3B\xc7\xe2\xb8'\
\xa5\x91\xeb\x80\xe83L1M\xddW-rb\x96\xc7\
\xdc\xf3\xd6U\x0c\x06\xce/:+\xbc\x08\x92\x1d  \
\x02&\x7f\x0b)\xc2\x04\x0cY\x84\xf0\xa1\xafJ\x8f\x86\
\x02\xe4\xe0)\xb4\xea'\xca\x01\x80r\x97\xa77\xbb\x8f\
\x9b$r\xeb#\xb4\xe2s=\xc9\xb3\x85\xfb7;\xee\
N\x1c\xbfx\x9c\xbd8\x9a!?`\x8e\xf8\x9a\x05\x5c\
o\x04\xbc\xca\x86\xba\x07|R\x8b.\x84\x86\xd1\xb2\x00\
%\x96\xc6\x9d\x5c\x18d\xcb\xc4g\xc8\x84\x904F/\
o\xde2I5\xcd\xf0\xbd\xafv\xe7\xfe\x99\x1c\xa3}\
A\xb6\xb9\x00\x87\xe6\xd0V\x98[\xd7'%\xf1\x17\xe6\
\x06\xbfh n\x00\xe8\xd8\xbc\xfe\x15n\xb7J\xc9H\
\x98\x93\xac\x9a\xe3S\x8f-\xdf&\xe7\xc3k\xb7\x1a\xf9\
F\xf2\xbc\xcd\xdd\x02\x11\xf1D\x0c\x0f\xaa\xcdUxF\
\xa2\x11\xdc]\x1a\x8b\xe1\xbet\x84\x5cn7DS\xe6\
\xb7#F\x0e\x1f\x9c\x10\x0b\xfcL\x92\xbf\x0d\xe4\xff\xe2\
\xf6\xabU\xc0\xf3@\xc0\xa7`\xa8\xeb*4\xa7\x95\xf3\
\x03\xf8 0\x9c\xb9\x10\xf6e\xd6\x1a\xe4PZX\xd4\
{\xde\x11\xc8a\xda\xd3dQ\x9c{\xc1\x86\xa8\x02 \
L\xb6\xcb\xdf_\xac$\xfd\xc8E\x0bN\x03oV\x84\
\x08v\x96\xe3V\xa5ho[\x07a\x08\x8eE\x87v\
\x04\x8a\xd7\x10\xd83\x84|1\xc3h\x95\x99\xdbP\xc5\
*\x89\xdb}DA\x0c\xf2\xe7\x8e$\xcc\x07\x7f[m\
J\x168\x87\xbd\xea\xb3*<=w[/\x09;#\
\xf3\xa0\x10\x80\xbc\xfd\x82q\xd5q\xec%\xb1R\x8b\x8e\
!\x15\xe5y\xff=\xfc\x80\x954\xea\xe1\xad\xb9=\x8e\
\x1e4d\xbe\xc4\xe9\xfb\x09\xd5o\xae\xc0\xd9D\xf9\xd3\
\xd0\xfde\x90\xfca\xd8~-'\xe0x^\xb8\x14\x0b\
u\x0f\xe0tZr\x0d\xe0r\x0cx\xe9\x09\xaa\x223\
\xdf`\xda\xc5\xa1\x00=p\x19O\xca\xd0c\x87F*\
\xbe\xa00\x8a\xc1\x86\xee\xb5h\x12\x08\xa7\x9e\xcd\xd5x\
%*\xafS\x8cxdEVW\x0c{\xedH\xcf\xa0\
\xc8\x92{\xe0\x1di\xb5\x0f\x80\x0a\x176b:\x85\xcd\
\xa0c\x9b\xa4\xac{\xf1\xaa\x0e\x07\x185\xd7Qa/\
\xe7\x10\xd0\xa2\x19p\x0e7AV\x15\x0dD\xc4--\
/\xde\x97v\x89\xe8\x84@\xfdb`\x8a\x9dM9\xf6\
<\xa4\x90+3#@\xe4\xe6\xf7\x04V]kB\x15\
\xdb\x0cr$s\xe0\xfcy\xfe:b\x0a\x01\xe1\xa8\xdb\
L\xf9\xd7@\x19C\xe4\x07\xa3\xe3\xef\x22\x86\xeb\x91\x80\
[\xe1\x00\xbf\x03k\xf2\x02\x22\xca\x95\xaf#\x11\xa0j\
p13\xc4\xeeF\x80\x92%\xae\xbc\xc9\xfa\xe9-9\
\xa7#\xb2\xac\xafGo\x9f\x8c\xc9\x1c\x1a\xfa\x0c\xbc\xbb\
W<\xf2\x9c\x06\x8f\xbb\x90i{\xf5\x942\x1e\xf41\
\x5c\xcfz\x22!ctF\xe0\x1f;\x811:3\xe2\
\xf05\x8e\xd2\x90#e\x1bzJ\x9f'\xb7\x1a\xd2\xb9\
\xf8\xd2\x86\x0a5A  \xd26\xe8?\xf7\xa6RO\
\xc4\xe6\xe6\x83\x81\x0c\xdd \xc0-\xbb\xe4\xca\xb6\xebC\
\xf8\xaf\xb1\xd3\x8e\x17\x8a\xf9\xe9\xfc\xfdr\xfa\xf4\xe2n\
\xaa\xfck\xd2\x7f\x9a\xb9v\x90\xff\x8b\x8d\xdf\x8f\x06<\
/\x04\x9cJ\x06xzN\xbb\x13i\x80:O8z\
\x9a\xab\xb8\xb7\x5c\x08b\xc1e\xc9\x22\xac\xaf\xfd7\xfe\
I\x8bD\x98m\x0df\xfbM_N*E\xf4\x8f.\
\x0e9'e\x11\xc28\x9b\x9b\x88\x16\xd0`G.\x84\
\x83\x01\x86D\x94\xe8P\xd6N\xb6[\xa7\xe4\xb6\x04\xc7\
6\xed\xc9\xccn,\xb4\x9c{_!A\x99\xc2\x05\xca\
\xdc\xac>\xb7\x0f\xd1\x0eL\xc5_\xe0n\x95\x9a\xa7!\
J\x5c\x83\x08{\x03l\x92\xd0\xeb\xd0R\xad\xf0\xd2B\
\x14-\xd9\xf0\xe3\xcerzZ\xaa\xa2r\x9f\xf7}\xe5\
\x95IDyn\xfc\xb2\x9b\xec~\xe4\xf0q\xffz\xda\
\xc4\xf7\x9c)\x04\x8c\xd3\xf9\xf2\xcfa\xc7\xe5\xf8\x11n\
\xf9\xd5\xd4\xfd\x82M\xfe2\xe8_L\x8f\xdfK\xdb\xdf\
\x17\x03~\xc5\x0c.\xe5\x82\x97\x5c\x03\x22\xb1\x8a\x87\x22\
\xb6\xb5\xf6\x8a\xb7<d#T\xac\xb2\xa1\xf7\xd1_\xcc\
\xa7\x11\x155_\x9e.\xeb\x9dK\xc9\x0c\xe14\x09?\
9&e\xf1\x81\xae~\x830\xc3\xb2a\x1f\xa3b\xf1\
'\xb8\x85J:i\xdb\x0bc\x19D\x09h)\xb5\xfe\
]\x8e\x87\x90-\x89\xc8\xdcWH\xeas\x1b\xd0\xcfI\
\xf4]\x97\x9au\xc0H\xd9f,\xb0SO\x08\xa0\xfa\
\x91\xfd\xd0}2UD@\xea\xe8\xa2^\xed_\x13\xb0\
=\xaf\x8d{\x1f\xaa\xad\xb4r%;\x9c=z\xd4\x8c\
\xf9\xd9\xff\x9c.p\xd6?\xa1\x167S~A\xb9\xdf\
L\x92\x1f\xcc\xf9\xef2\xfe\xf7\x5c\xc0\xadt\x80G\xa9\
P\xf7`\x9a\xa2\x0b\x9c;<@\x0eT\xce2\x9b7\
\xad\xb63q\xf9\xa3#\xb3\xc4\x146\xd6x%\x22\xb2\
\x9e\x04i\xa9\xd6\xc0y\xb6\x1b\xa7\xbe\x90\xf3\x16\x93~\
'X5\xc52}\xa7\xbaP\xca:\x17\x86^\xba\xca\
\x88\x0c8\xc6\xea\xeaQ\x9f\xbcs\xc2\xd9:](n\
\x1e\xcd\x13DL\xe1\x96\xfa\x1c\x18\x8b\xb9\xb1\xab\xa6\xf6\
\xbdJ\x9d\xbe\x9c/Y\x99\xe6\x83\xe9\x8f-uX\x82\
(\x1b\x91\xd3\x0e\xf3\x16t\x9f\xd2\xf5\xfb2\x17\x1c\xbd\
\xdae\x16Sl\xc1\xc6\xe2\xf9A\xbed\xef\x03\x87M\
\x9e4\xf1<\x82\xf1\xc0\xb8\x9d\xc0\x9f\xef\x8f\xc3\xf7\x0f\
j\xf9\x07\xb3\xfc\x83zl\xee\xfe3J\xfe/7~\
.4\xfeu\x1a\x9c\x8a\x06x\x9a\x02\x94\xaf\xba-|\
n\x0b>\xa7\x05w\xa2\x05\xa5\x17\xdf\xc4\xd0\x91r\x05\
\xd0M\x89\x02o_\xe4\x5c]\xcb\x8e\x06\x18\x9b\xe2\xa2\
\x07\xe9\xdeg9\xed\xc8\xae+6\xbf\x11\xc5\x07:\xa4\
\x0d\xb7P\xbfi\x93+\xae\x94m\x01*\x14\x90\xa6\xfa\
Z)k\xcfX\xb0\xe6\xebQ\xb9\xcb\xb8\x9eCs\x80\
*\xdb\xc481\xf2\x05\xd3\xb4\x8eo\xe1\xa7\xa8\x9b\xaf\
\xe2Hu\xaest\x12YmE \x16\xd4\x80\xd5[\
\x97\xf1jK\x05\xd4\xa5\xde\xf4'\x1el\xac\xb90d\
Q\xf7\x12&\xa0FI\xe9\xe7\x07\xe4\xb8'\xd3J\xa0\
X\x0c\xc3\x89\xb7\xdd\x9d\x18u\xeb#\x1bn\xc1\x14r\
+\xbb\x9cx\x9f8q>\x84q\xc37\xff\xfb\xcd\xbb\
M\xfc\xcd&\xae'M\x5c\x8f`<\xcf\x998\x9e2\
\xf1:a\xe2u\xc0\xc4\xe9x\xf9\xe5\xf8\xfd\x84[\xe0\
\xee\xbc\xdf}%\xfe\x06\xefo\x13\xe5Wc\xf7\x9bA\
\xff\x7f5\xfe\xbe\xb5\x7f\xcb\x17>\xe5\x02\x1c\xca\x84/\
\xf8\x93\x08\x10\xe8\xb6\x9c8h\x932&+\xa4\xd1\xdc\
\xa1\x92\x07\x86\x03]\x05\xb91\x85\xe8+Yqv'\
c\xf2\xc1\xd5\xdb\x07ky\xa2%q\xa2L\xab\x13\xaa\
QE\xe5\x22\x018\xff\x86sh\xbc^\x12xk(\
\xd4P\x04/\x8f^\x17\xe1\xbeK@\xb9\xc4\xad8v\
\xc6\x1d\xd0?\xd5a\x18\xc3\xb1\xb1\x0a\x97N\xa31*\
b^\x96\x5c\x03\xa9p8\xef\xc1X\xe6\xac$\xa6\xb9\
O\xdb\x81\xad\x0b\xab\xd2\x91K\x89Y}\xf8jY\x87\
,\xa3\xfc\xa4\xb6\xf4\xc9\x13\xf9[\xc2'\xc0\xda\x89\x06\
\xb4\x99\xfb\xae\xde\xa6@\xaf\x94\xe1\xed\xfazw%k\
\xe98\xd6q\xdc+VI\x1a@\xdc\x05\x06\x93\xea\x8d\
9\x8b\xcc}G3<?'\x22\xdb\xf8\xf2\xaf\xb9\xcc\
Z\xb4\x8f\xd7\xe8\xf4vi\xc7\x90\xff\xedyU^\x1c\
2\x0a\x9a\xe6yN,^\x07\x5cqq\xb3Z\x15\xc4\
\xb8&,\xe3\xd3\xb8\x9f9\xbf\x9f9\xf1>r~>\
p\xe2|\x06\xe3\x86\x83\xf1\xb7\x9b\xf8\x1e6\xf1=k\
\xfe=k\xe2z\xd4\xfcz\xd4\xc4\xf3\xa0\xf9\xf1\x98\x89\
\xdf!\x13\xb7C\xe6\xbf3\xe6\xb7\x13\xf8\xd7\x09\xf3\xd3\
\xf9\x83\xcb\xe1\xf2\xc3\xd9\xfb\xddX\xfe7V~7T\
\xfe6R\xfe5O~A'?\x19#?\xbb\xfc\xf3\
\xa9\xfdY\xd0\xe0Q\xc4\xe0P$\xc0\x9fx\xc1\x9f@\
\x80\xdbm\xe1v\x0f\xe0u\x5cp:.\xb8\x93,\xdc\
\x89\x0fo\x92\x05o\xb2 \xcf\x03\xe5}\xde{\x13`\
\xbb <\x08;\xd5\xc9\xc6\x17f3)\x9f\x5cqD\
?\x9f7.a%1\xb9^?>\x96U,e\xf6\
\xf9h\xf3\x96l\x80u\xc8QOO\x81\xb7TE\x1f\
F=\xc5\xf5Kk\xd5\x8b\xf5N\xd2\xa3:\x0cn\xa7\
Y\x98\xf3e\x8b\x155uf\xe2\xd8l\xe9\x09uZ\
#R\xea\xfc\xd6\x01\xadV\xe5\xf2\xd4&im\xc6c\
\x18\xc3\xcf\x0f\x16\x00\xef\xa7\x87\xef\xdb\x0c\x91\x13\xbd\xd3\
\xf0\xe6\x91\xc6\x88\xcaP\xd5\x9b\xaa\x8a\xc3^_\xd8\xad\
\xcd\x87\xad'\x22$\xdf\xd4M\xc9\x15\x92\xadf\x0d}\
\x10\xdc\xd7l\x1b\x8a\x0b\xf4\xb9\xe8\xb4\xd8\x94\x96\x0d\xcc\
\x19Zja\xaf\x1a\x99\xc1\xf9\xf7|\x9e \x85\xb5\x1b\
\xcd\xba[.\x16\x8ahx\xad*f\xefz\xac\x1eI\
ZT\x87\xf3\xb3\x18\x84\x9c\xc9\x0eg\xcd\x1c\xba\x8b\x98\
\xda[M\xb1eI\xa8\xf2\xf9}\x84;\x17m\x9e$\
\xbf\x1av\x86k\xc8\xa8\xef\x04\xf5\xdb\xc3\xf7\xf0\xbc?\
Q*\x1b\xfa\xbc\x86|\x1c\x15\x1a\x871Tg\x9b\x1f\
\xf1\x0b\x13\xd9+\x803\xc9\x07\xf7\x17\xe7\xca.\x02\xef\
V\xcc\xaa\xddC\x8e^d2S\xe0*\x17\xed\x0aI\
\x09\x1f\xd3\xca\x03\x89\xb9\xe5\xe7\xd8\xb6\x9b,\xca\xae\x07\
O\x1bN|\xf0\xca\xcf&\x8a\x921E\xbc\x94\x7f\xbf\
\x19\x7f\x97\x83\x9d9\xa1K}\xfeY]\xad\xae0\xac\
\xc6\xeb.\x02\x87a\x01Z\x08\xa8\x85\x93\xe3\xb8*\x98\
Ay\x8cz\xe6\x13\x81\xf2B\xca:FW\x94\x02\xde\
\xd72\x1c\xc2\xf4\xcd\xb6\xadA:\xa2\x0cP)\xde\xac\
\x15n\x0b\x92\xa0\xb2Lb\xc1\x7f\xa7\xd9g\x06\x8cJ\
\xb4#|\xa8\x99UW$%Z`\x1f\xea\x5c\x09\x8a\
\xb4\xecS\xe7\xd5\xad\x98\x80e\x91\x09\xf9\x19\xfd\x16\x86\
t\x00\x8d\xe5nM\x15}\x14\xf7\xc0\xae[V\x09H\
\x1cF\xfd\xd9\x7f\xf5L\xd2\xa3\x1f\xee\xaa\xd1\xc0\xf2\xf4\
\xde\xe6\x8c\x9d9\x7f\xf0\xc1,n\xaa\xc0\xd5<A\xc3\
\xc4\x0c:\xf0\x8d-\xfe\xf9`T\xa1K\x90|`;\
v\x1bIi\x15\xb7;\x08\xe0qN\xb2E\x96\xb2=\
HjF\xce\xa4)\x11>\xc6\x9d!\xe3C\x94AZ\
f\xab\xced\x8d\xba\x5c\x1d\xc2dB\x16\xe9\xc3\x16i\
\xe9\xf28\x86Sp^\xc3&1\xcb\xda\xb5o\xe4\xaa\
\xaa\x89\xcf\xea\xd9k\x91&\xf9\xb9\x83U\xb39\xb9\xe9\
\xd5L\xee\xd1\x91\xa2\xc6\xbd\x02X\x0e\x01\xc3\x04\xcd\x1b\
\xabQ\xa2\x1a`8\x1f\x5c\xf6\x95\x1c\xe2\xa1w\x0d\xd1\
_\xdb\xa1\xbd\xc8%O\xfbX\x5c|\xe6x\x81\xb7\xb9\
\x83\xa7\x993\x83\xe4'S\xe4\xd7\xda\x99]@\x8e\x96\
\x5c\xb4\xd2T\x80\x1c\x02\x91\xd7\x1d\xcc\xc8v\xe9\x18|\
\xcd\x0a\x87\xae\xb7j7d\x0d\x1a\x8e$_\x98P\x97\
,5b\xca\x16\x9e8%\xb5x\xad7\xe1*\x86\xd5\
f\xbaU\xe8\x10\xb2\xce\x1d\xf7\xfd\xbd\x1a)\xc92\x0e\
T%9\xb3Y\xf7\xa1\x11s\x89(\x0e\x8c\x98&W\
\xb4\xd8\x15\x0a,\x11\xb0\xcf\xf7xKc\xa3\xa0d\xd4\
\xb5Z\xff\xbf\xa6\xdd%.\xc7\x0f\xde\x06\x9e\xc6.\x8e\
\xa6I\xa19\xado\x86uN\x8f]1=\xbdP\x08\
bL\xe1@\xa8\xa8\xe4\xb0\xe7\xc0\x97)L(\xa3(\
\x19\xf2\x80\xa1\x0f\xd1\x1c\x90x\x1a\xc5V6\xa4nu\
=\x14\xdfI\x0a_\x10\xad\xc0\xd8\x10Y;U\xb3\xf0\
\xb1\x00,\xcbz877\x88k\xba\x99\xb5\x88\x85U\
\x05K\xad$\x12\x88h\xc1h\xfb\x88Y\x0e#\x95\xef\
\x5ck\x12\xf8\x0a\xc1\xacL*\xfd\xd8\xcb^\x87\xc8\xfc\
\xa7\xa5\x22q/o\xfbY\x5c9\xdc\x0e'\xfe\xbf\xdf\
x\xd0\x14~\x89+T\xf7\xe0\x89\x0dN\x13\xb8\xee\x7f\
D`\xc4\x1e\x17\x14HjF\x80\xacL\xe9\x0d\xee\xee\
\xa1\x8c3H\xa3)\x18\x08\xa7\xe0\xf1]k\x92\x94\xb6\
\xbd\xfc\xf0\x87\x99\x9f\xd7Yf\xfc\x83\xbd\xa4\xccAW\
YF\xdc\xbf\xd5\xce\x92\xa0q\x81\xfa \xf7mKm\
&\xc7Y0{\x09\x7f :.>\xad\xdd~\xac\xe1\
\x03G1_\x9f\xf3\xd6z<`\xe4\x9a\x13\xa6\xe6g\
\x18\xa8\xfe\xd0\xfa\xef:\xcc\x22\xc5$\xac\xaf\xb4\x94\xe7\
\xda\xfc\xecW9\xc8S\xe6\xff\xdbB\xe6\x88\x13Q\x17\
1{kAp;}\xa4S\xdaPXq\xfd(u\
x\xc3\x1a\xf2\x04\x02\xb0s\x0b\x14\xe1\xa6\xa1\xd8\x02\x8d\
'v\xed\x870\x88\x9fW9\x07\x8e^\xdeBo!\
\x8f\x0d\xb6\x1a--\xe8\xd3\x9c\x1cfD\xc2\xf2\xa8\xf5\
\xf6\xe7\xac\xbeW\xe2W\xf4\xa6\xd9a\xcc\xa6\x0d\xe4\xf8\
;\x17\x8d\xa3D\xc4S \x9e\x13\xb0\x07\x140\x90\xe7\
}O4U\x8ca\xe8\xa8\xa5\xe4\xea\xcb\x83\x97H\xe7\
m\x0f>\xf3\xa3\x96\x88\xf9^\xfe\xf6\xb7\x9e\x0aHm\
\xf8\xc5\xdde\x09\xdb\xfcu\xda]\xe2n,ax<\
\x91\xa0\xed\x91Nh&l\xe4\xb45u\x10\x01L~\
\x1f\x0c\x9f`|\x10fR\xdf\x1b(w\xc4&\xa8\xa1\
~\xe7G\xc0K\x88\x8dv\xb5\x04-\x9f\x80\xc3\xbe\x89\
\xaf\xe8x;\xda\x97\xca\x02\xda+\x89\xc9V\xe5\xf5\xdf\
&Lmx\x82\x1cO\xbbrb\xd4\x22\xe8\x99\xa7\xf0\
\xfb0\x8d\x00r\xf7\xdb\x0a\xbb\x0bY\xe1\xbcvc/\
\x86^\x83\xe6hB\x03\xe5\xfc\x9c\xda\xf4\x91B\xc0\x83\
\xbd`Z\x95\x10:4\xec\x1b\x0a\xf9\x10\xc5\x02\xd2x\
<U\xf3Le\x02\x00P1\x1a\x8c'G\xe5\xe2\x0e\
|SG\xc8\xf1\xf6?\x8c\xfbJ\xa1:\xb8\x93\x06\x01\
\xbe\x941Em\xd4\x11\x5c:\x13\x82\x01\x91\xa29f\
\x17vl1%\x80\xc3\xc8\x15z\xdd\x13j\x87\xb3\x9b\
\x07\xe3\x1b\x5c\xfe\xdd\x22\x80g\xe3}g%\xe0\xc8\x11\
|T\xd6\xcd\xaa-\x11\xe4\xb0\xd4L\xea\x99\x82\xf18\
0\x95\x98\xa2\xa6j\xd0\xed>\xbbJZ\x1e\xfd\x00a\
\xcf\xf2\xd6\xc5)\xdeu\xcc\x09C\xdd\xd2\xcf\x0c\xbba\
\xcc\x89\x0ci9\x9d\xfaJ\xbe4(\x87\xd6S\xde\xa9\
\x0c\xeb\x8d\x5c\xf7\xe3\xf8\x18\xf0\x9a\xd0g[\x849\xee\
\xa9\x9a\xd4\x99\x14$B\xf8\x5c\x15\x8cj\xf2m\xb9\x7f\
\xe5@\x88\x96[\xb6\xb1MO\xa3\xa2\xb8\xef\x90\x03\xee\
r\x0c\x07\x7f\xc37\x82?\x1c7Q\xe0_P\x22\xd8\
u\xc95\x803Q@@:#\x02\x94\x02.p\xa2\
\x0e\x97\x85&<Iz\xba\xbb]B\xef\x13\x81`<\
\xdb\x10\x06\xf1\xb3\xfc\x8d1z\x9e\xc9sw\xf5\xf3:\
\x9e5\x8bw,\xbc-\x01wA\x87\x8cw\xbav\xfc\
\x94\x92\x15\x9c\x18\xb5Y]D\xe6d\x1dq\x95/\x1b\
\x10\x1d\x8f\x9f\xa2\x7f\xd73\x01\x08\xd0`\xe3A\xc1m\
\x15\x12\x94O\x92\xafg\xb1\xb1\x15X\x22\x80a+n\
4\x07\x17\x00\xe2z\xfd\xc4\xf6\xa1u!\xc5DB4\
\x96\xcdQ\x96\x11\xc7:I\xcf\xcd\xf5\xa7Q\x9ew\x03\
\xb7E\xbc\xa0\xf8\xb6\x07{\x00\xb5\xc0\x07\xf5\xd00\xf9\
\x03\x87\xc0\xb9\x84\xb1\x9c\xc1\xd3\xdc:\xba.1t\x9c\
H\x075\xb8\x10\xf5\xd4\xf4\xef\xb8W X\x06\xdd\xb1\
7\x8e\xa0\x7fF\xc9GZ\xa4\x06\xc5\xdd\xbb\x8d\xf8\xa8\
\xe6$\xdb\x1d\xbd0\x807\xc1HY\xb6\x9b\xf2\xe4,\
\x09baA4\xa2/\xf7E\x85\x16\x91\x9f\xcc\x94\xda\
@\x8cJDG\xb7\xfb\xd0\x08\x099&\xe6\x18\xe3\x8f\
\xec\x0e\x03\xdaLvm\x99\x11\x97\xa8\x00\x92I\x02\xe5\
\xa6@x_\x8d\xe9\xb96\x80\x8a\xabT\x89\xb9\xd4\xd1\
EI\x8a\xfe\x8biDE\x04S\xfd\x1aYoCP\
8\xd6\x1e\xdc\xdc<\xa7 \x1ds\xf1sit,\xe9\
\xa8\x86V\xdc\xffV3\xa6\xb0\x8b\x9c\xb8;\xcfL\x9c\
\x9f\x8c\x7fK\x8a\xb4\x84Bv^sRB\xa0|@\
\x93=\x99\x1a,\x0d\xa6\x0c}\xc84\x9aw\x9f3\xd9\
\x13\xa5\xe9^(\x0c\x10\x85\xc2\x0a\xa3\xa3\x16\xae\xfb\x03\
\x0f\xca\x095\xd3\xf7\xa62\xe0\xa3j4D\x16k\xd1\
7\xbe\xb2\x1c\xa0\xfe8\x8b\xd6[\x9a:\xa3n\xf6\x9c\
\x8f':s1}^\x03w1\xf1{\xd91)\xb0\
\x94rL\x89\x03\xe5\xa4\xbc\xd1\xd2zN\x8e@\x05_\
\xb1\xa4I\xbd\x0e/O\xfe\x9bt\x00\x99\x9eo\xd7\xd0\
\x1aX(\x84%1;G\xe7\xf9\x5c\x81$\x8e<\xbf\
V\xeb\xae\x04@\x8fZf)\xa4kY\xcdd\x99\x0f\
\xceB.e\x9fcHh\xd8\xe6L\xbcN;^G\
L\xbc\xf0/>\x07\x0e_GuW)\xd8X\xd7@\
@\x9d\x82\xabL\x12\x831\x9b\xa3\xa1\xaa{+B\xea\
\xe1\xbc\x97\x06\x98\xa2\xe7ubt\x95/\x1b\xe6\xa2,\
\xcbCq\xd4\xec\xad\xb9\x01\x94\x8e\xb1w\xfa\xd7\xe5\xe1\
\x8cb\xb6\xc9a\xb1\xc1\x0a\x9aH;|\xf2\x14%\xa6\
\x825\xa7\x1by/<\x82\xcck\xa7EZK\xd6R\
9\xb1\xa9\xab7\x08K\xe2r4\x17\x0cj\xc7\x83=\
(\x98o\x16\xe0\x89\xc8\x0d\xca\xb0\x10{\x86\xd5\x14\xe6\
\x22LW\x8b\xf0\x0a\xa2\xc2}\xdalU\x1a\x96\xc4\xdb\
\xd9\xd8\x09\x13\xbf\x92\xc6I\xd8GK\x03\x08\xc6m\xc1\
\x07\xfbC\x0a\xb5:\x1cn\x86\xd0\xf6\xd4QJ\xc7\x12\
k\x0c\xd7<\x85\x05?C!\x8a\xe2\xe3\x98\x9bik\
T4\x86\xf3\xb4(<\x1c\x00\xf6\xaf\x11\xaeFb\x18\
2\x8bV%\x02\xd3\x16\x802\xfa`\xdd\xde!\x05G\
PJ\xeeiM\xc9R\x9b\x1a(9\xc3T\xc5oj\
\xda\xa64\x87\x9aL\xa6F\xdf\x01\x12O!e\x1dn\
\xc4\x163\xec\xe994\x18\xa5\xce\xdb\x17\x01\xaa\x1d\x10\
\xe2\xb4\xb1l1\x0bb.\x17\xd0K\xc1R\x99\xcb\xd8\
{\xc7T\x9a*\x12'\xc9o\xb3y,)e\x8f\xcb\
\x81\xc3\xfbf\xc8\xf9M\xac\xe9A(V\x081\xb8C\
\x5c\xd3\xcb\xa1 \xb0Ae\x8c\x9ei^\x99\x9a_\x80\
\xcd\x8b\x1et_\xdd]\xf2GL\xa2\x18C]\xf7,\
\x80\x1b_\xd9\xdbX\x89\xab\x95\xab\xc2<\x05\xabm?\
TI\xdd\xc4\xd3\x0a\xea2M\xd7B\xb5\xa8\xe6S\x88\
?V\xf0\xa5D\x16\x89h\xf7\x1a{\xaa\xe8,\xef\x0d\
\x0a\x9e\xafS(\x1bl\xa8\xf7\x16\x8d\xd5R\xba\xa1\xbb\
\xe1\xaeiiD\xbc\xaeD\xe8:J\xb6\xdd\xb9\x09\x1c\
Vu5\xb1\x84\xf7\xf2<h\x04\x8d\xf4tQ\xa1\xb7\
\x01O\x10\x22xH1)\xa0`\x7f\xec\x8a\xf5\xc1D\
\xea9\x9ao\xaeF\x89\xba\x944\xc4+\x15\x93[\x9e\
\x93\xdd\x18y\x0aZ\x8e\x99\x14\xb2\xa7\x16\x91{\x16,\
\xbb\xa2Vh\xb3Q\xca\x8a2#\xd0\x89\x93\xaa]=\
\xa5\xc2I\x10|\x0e\xd7|(9\x93d}\xdaO9\
\x82\xec\x89\x90\xe3\xc0^m\xc2\x16\xd4\xf2\x98D]H\
\xe5>\x05\xe0\xde\x80{\xf67\xe6\xa0t\x09\x13\x89:\
@@QSk\x8a\x0a\x14\xab\x07\xad\xc844\x9dL\
\xdd\xca\x1b\xf7\x855\x5ca\xfa\xa8Mq\x03%'\x06\
`\x12\x87\x9a\xe7&ro\x1fU\x16s\x0c\xfe\x9b\xdb\
\xebDgQ\xc4OU\x9e{\x8e\xa7W\xf3L\x89'\
%\x97\x04\x142\xba\xb6>,t\xba\xab\x055\xee5\
\x09\xefX:\xca\x82*\xbf4\x09\x1f\xaaY\x9fE\x15\
u\xd2\x1ax-\x91\xe3\xac\xfa\x0d\x0e\xa3Pt\x1e\xf7\
\x06\xd9g,\xa8'\x1be(5\x9b\xcam\xa2\xe2\xc8\
&!^\xd7\x9a\xe5\xe9\xb3_\xb3\xdb\xff\xc1-p\xbb\
-*^\x04-\xc80\x0d\xba\x0e%\x5c`\xc11\xa7\
N\x8bf\x9b\x01\xdf\x058\xaa\x1c5\xe4m~\xbeK\
\x00\xb2\xa4\xb3\xa5\xb1\x9a\xb1S(+9Dta\x9c\
\xc53\x22\xc3\x1e-\xd7rD/\x19\x0d\x80\x141!\
\xe3\x04\x8e\xab\xf7]z2\xb7\xc0g'\xeem\x81\xe2\
yL\x1c\x1cR\x02\xb8L\x02A\xf6ah\xf2V\x13\
i\xd4\x89V\x82\x96\xcc\xd3\x22\xa3\xbe\xf6\xe5\xd2\x07\x96\
K8\xda<\x5c\xcf\xf0\xac\xc9#6.b\xda\xbc \
\x7f#\xfc\xe1t\xd8X\xd4\xd8\x05\x06a\xd2#L\xe1\
\x02\xd0@\x85\xa4x\xcfM\xa0\xcf\x9d<a\xe4\xcc\xd0\
\xdbp\x07\x81o\xc4\x86\x8b\xc5\x156]\x0bg\xde\x9c\
\xe7\xe5\x0b\xc6k[j.*\xf9dU\x057\xdc\xed\
\x8aS\xd7j\xb1P\xbb[\x1c\xc5\x9cG\xf1{\xc4;\
\x8c\x88\x04%\xe4:i\x7fdbVJI\xa3\x96U\
_eM\x83\x12\xf9p\xdci5-\x08\xabbVN\
\x16/\x8a\x9e>\x8bf%\xea3\xd7M\xab\xdf\xb7\xd6\
\xb9\x9ak\x1d@$\xe6\x92\xe4Z\xd5S\xb2*\xc5E\
\xf7o\x05.\xe8$\xfd\x14\xed\xc2\xe6J\x86\x86l\x12\
P\xbe\xe2\x06N\x90su\x08\x1c\x86\x9e\x0fF*a\
\xe4\x8f\x08\x0ab\xd9\x9c\x7f\xe5\x87\x08F9\xc9\xc1\xe0\
\xdcH\x85`\xe1\xc9\xe7\xefu\x99U-\xd3\x93\x07F\
\x0b\x7fr@\x96\x92\xe46+\x5c\xfbp\xc8\x90\xa6%\
[/\xe5kw\xe4\x96d\xc3X\x98\xe6%%3p\
\x94$\x8fS\xf4[\xd6\xb3\xa8\xf8\x81NL\xfa\xb0-\
\xdau\xec}\xd8\xf5\xc6\x96\x91~\x1c\x13\xef\x0e\xdb]\
S\xd2\xa2\xaeu\xfb\x8d\xad`y\x84\x5c\x9bI\xe0\xf3\
\x06\x8ef\xc9\x93\xa8\xbbn\xf6\x08\xca\xa93\xe9\x86x\
\xeb\xa3c\x06\xe5e\xc1i\xa07.7\xd3\xef\x156\
q]\xde\xd8\x94&\x1a%w\xff\xa032\x17Ph\
j\xf9q\xbd1\xeaOy\xf5\x98\x85\x97)\xa6e\x22\
\xaa`\x87X\xf8mR\xe6{\xb2b\xc5\xaa\x9c\xc2`\
\xf4\x15\x83\x8c~\x024@\x22F\xbc\xe3\xfc\xdd\xb2\x82\
\x16\xf7\x98\x5c\xb7\x87Y\xd3\xa9\x1az?\x86G\xe3{\
\xde,\xee\xfah\xb2+\xd7R\x98K\x12\xbeG\xd3\x16\
8Bf\xcd\xb8\xf4\xc4\xfb\xe2\x9e\xf8R\xe0\xa1\xabH\
\x9cla\xee\x1e2\x00\x0e\x9b\xd2\xa86\x0e`>/\
\x8e6\xcf\x9e\xb7e\xc2\xcar\xedK\xcf\xc7j\xcc\xd0\
9\x15JW\x166Oe\x0b\xcf\x96&\xe8\xc5,u\
W\xa0$W\xc3,\xce?T\x91\xc4\x8b\xe7\x0b\xf3g\
0U,\x00pe>\x1d\x1b\xed\xa3Rpd\x826\
<\x82M\xa1\x00\xe9n$\xec\xbe\x89\x0d\x19Z\xda\xc9\
J\x02{\xb1\xa6,\xa7\xd8(\x06\xe3\xcbv)Q\xd2\
\x0f\xbf\xb1l,\x05\x0an\xd2\xf8\x05\xbey\xaf\x00\xb2\
y0 \x7fj9\xb2\xbc\xa3\xe8\x91\x09\xe5\xcb\xddu\
U\x1d\x89C\x91\xf6\x8d\xdd\xb9\x061\xc1\xc0k\xa3\xa7\
\xfd\xe66\xc5!\xe6\xd9<;\x00T\x97\xb89qm\
$T\xe0\x87\xa9\xe5\xe5\xe4#\xe6\xdf\xadqi\xe4\xf7\
\xbeo_x\x02Me\x0b\x83\xdf^\xe9\x1a\x03\xee\x92\
\xdd\xab\xc6\xb3P=\xb0T\xf4\x85o\x0a\x17Ur@\
*\x12&\xc4`W\x1d\x97\x02\xcb\xec\xd2\xbddoW\
FQ\xe2\x07T>g\xe7\x03\xce&qY\xdf\xc1\xa7\
\xedM\xfc\xae\x16s\xb1\xec-0)\x83\x7f\x9c\xb5\x18\
\x1f?\x97\xd6\x09\x98\xefO\x1e\xba\xaa)\x03\xc8\x18\xae\
\xeby\xad.\xc2\x80b\xd8\x8d\x16\x87?X\x99\x0c!\
yS\xa8I\x99\xd0*(\xf9\xca\xa0}\xb4\x11\x00\x91\
\x06\x9bx\x8f\x8b<\xcf\xd3#\x00i\x83\xd7}f\xd0\
\xa7\xe7a\x0d\xdd1\xb92\x0f%\x03rboa\xc7\
\x96\x87\x95\xe23\x90\xcc\xab\xfd%^/\xfa~\xdai\
\x7f.\x13\xe0LN\x89\xd5\xce\x96\x9cH\xe8\xae\xe5\xe7\
\xef\x0ad\x89Y\x06\x1b\x87\x03\xcb\xea\xb0\x00\x14\xf9K\
\xbc5\xea\xce\x848b\xda`\xd2\xc3\x07\xecV\x91j\
\x8c\xbdaoT\x12[\xa3\x1dc\xb8g\xban\xeb\xa4\
\xefF-\xb7/r\xb4!\xe7\xb2\xbf\xf9\xad\xc0\xddX\
\x09\xb3\xc3\xc1\x003A_l\x08\x98tt)kb\
\x96\xa2\x8ao\x10U\x06\xfb_,e\xca\xf7\xb4\xbc\x01\
\xad\xbd\x83\xeb\xa3\x82>\x97\xf4\xa25\x98\x88bfD\
\x1bX\x8d5X\xf5q\xa1k>\xa3\xbe\x82\xf5>\xfc\
\xa5\xb9\xac\xf6\xdd\xe6\x8dC\xc6\xe8>\xf6\xaa\xe34q\
8\xf3\xbc;\x88\x06sd\x83/\xee\xc9\xc1}\xd59\
zd\xf9\xa8]\x17F\xd1RVB\xbe\xf4i\x96,\
\xcc,zc|\x81\xf0\xad'O\xe0\x1e\x9c\xcd\xdd\x1f\
\xc6\xc7\x0f\x88\xa3\x10\x95\x16\x12)z\x0c\xe1\xa0\xe2\xcd\
\x09\xda\x07\x04\xa3sh\xda\xcd\xa3\x03\x06\xf5-m\x83\
.\xf0\xb6E\xb6Ra\x0bZ\xe9v\x00&<\xd5\xca\
\x1a87\xd5\x97\x94K\x85*\xd1\xbes\xf0\x16x\xb9\
\xd8L\x16\xe7r\xc6\x94H\xe3(\xbeG\xb7\xbde\x90\
\x98;aN\xc6\x15\xab\x9a\x1ab\xdc;O\x81+\xe4\
w\xfb\x9b\xbf\xcd\x9e4_~8|V\xe2m\xee\x9a\
\x9c\xa7:\x14\xc0z\x910@P\xd6V\xbb\xeb)\xaa\
\xe6\xdb##\xcb\x8fK+>\x94\xb8}\xc3\x1c\xa8\xd4\
s\x08m\x81\x8b\x07kH\x04y\xb7\xab\xc2VS\x8a\
AFw\xb2\x96\x8ei\xdd\xb2\xe1I\xde\xc7=\xf9\xb5\
\x04\x16\xd8\x88s\xbc\x82n3\xf9\x82/ \xd0\xaav\
$\xe3\xd1\xdf\xa3f\xfbQV2\xb4h\xf5\xa0\xddi\
\xd5\xe7\x89\xe4\xb8[\xe5\x0e\x8e\xf4\x04\xe8\x9e\xcds\xf4\
\x85l\x0b\xc5\xbc\x91\xd4\xc3X\xae\x92\xd5i9\x06\xe7\
\xab\xd9y)\xa9\xf6{\xb9\xa7*\xc6a\xfb\xa3\x15D\
\xca\xb5\x08\xb8\xc0]\x9cTP\x84K\xf1j\xab\xa7\x14\
\x82H\xec\x03aH\x04\xa1\xd7\x82\xedC\xf8\xd6g\xf6\
\x11\x9f\xcd\xce\x86\xf63\xb8\xe7M\x158\x9d\xb6\xbff\
\xdd@\xae\x89\xe7\xac\xaa\x02~\x99\xd7\x1d\x0c\xa2\x06k\
\xa3J=c\xf6M\xe7\xc7F\x8a\x99w\xd4\xb9\x82j\
2*e\x91k+l\x03\x8b\xfa\xa4`\x1e\xa3\xcb\xa2\
\x01\xa17r#\xb1\xef\xe7\x90\x0b\x8b\x80\x91\x07\xb2\xef\
I\xad?bQ\x84\xe3\xa2\xd7jU\x85\xfc\x00O\x9f\
\xce\x0a\xb9~\xc9\xb9lBx\x22\x94\xab\x02\xd4\x8b\xe6\
6%;\xe4|$\x18Q\xd3K\xaf\x0dW\xe3\x8a\x9c\
tm\x9fW\xed~b`I\xcc\xbdf\xe7BU \
5\xd0\xef\x0bo6R\xfe\xf4\x17\xd5\x07\x1e\xa9\xa8\x1e\
{s:\x1c\x7f\x92Zr<\xe8\x13\x91\xf3\x99\x96y\
l\x06\x83\xf0\xe7.\x00R\xa5q\xd0'Sg\xf02\
T\xac\x10g4\xc7&#\x904Rc\x9d\xc3H\xa3\
B\xd0\x22\x06F\xf9\xa1\x05\xe1\xbf\xfc\xeb;\x85\xc5H\
}}l\xd3Q\x12\x0f\xbf\x00g\x0c\xe8\xfc\xf8$\xf2\
\xf2\xe1\x0b62QRbz1\x9a\x11\xa9Q~\xb1\
\xdc6\x9e\xbeE9\x1c\x11sm\x1f\x1c[:D\xea\
\x99\x8b\x93<\x9b\xb9\xfb6\x1cL\xf3\xc7&\xfd@\xea\
\xc9\xe7\x0e\x7f}1% &Y\x07q\xe1m\x03{\
\xa9Y\xd6\xa3\xfa7Z\x14\x0a42\xfcY\x1b=\xbe\
\x95\xf5\xef\xb9\xd7\xb7Gu{~\xda9\xeb\xc0\x12\xb0\
\xe5q\xd0\xb7J\xe8\xadFb\x0aE\xdd\xc7c\xa5\xe1\
\x80,FD\x18-x\xc6\xd5\xe7`o\x85.\xa0Z\
\xd6\x19\x06\x04q\xad\xfa\xd1^\xb0\xfaH\x8e\xbd\x87u\
\xd0mR\x98\x0b\xf5\xfav\xc8F\x00@\xb9\xcb\x8c\xd0\
\x8a\x9a\xc0x\x86\x93\xc7\x8c\x9c\xba_\x0d]!cr\
\xfaF\x18>\xfbeK$\x11Y_\xa2&\xddP\xd8\
\xe4,\xeb!\xb2yZT\x0a\x15\xfb\x1e\x18\xd0\x17\x13\
rT\xbeL4\xd1\xe2\x0b\xd9\xd3Qth\xcf\x07\x0f\
U3X\x19\x22\x8e\x01\xb7\xd5,\xf9\x1a -\xe7N\
\xc4\xcercH\xea\x11\xb6\xad\xf5\xa1\x05=<\x84\x84\
\x82\x96\xb7\xedv\xd3\x12\xf3=&\x83r\x80yNE\
!^h\xb0Cr\x94\x0bS|r\xcb\xea\x8c\xea\xc3\
@\xf1\x06\x1b\x0e\xba\x93\xcd\x12(qt\x19\xcd\xce\xa6\
\x0c\xa825\xd5\x83o\xf6\x99Z\x84\xe2s'\xb7\xa1\
\xec\x86n8|\x84[\xec\xbc\xa2\x8a`1\xbe\xa8\xa8\
\x16\x0f\xe65\x96\xfcNj\xc8\xb1\xd7\x7f\xd1\xceJR\
\x1a)#\xb6\xd1\x02\xe6\xd0\x9c\xed\xe4\xa9\x1fA\xc2\xdc\
\x18d\x9bq\x8f{\x96\xea#4\x90\xc1N\xd4dr\
\xce\xaaFm\xf9\x882\xbd\x12(\xf8\xa8\xad]\xf8\x1d\
B\x94_\x95\x98}[\xd7s\xae\x1b%X\x9a\xf9*\
\xec7\xa0#\xaa\xc2[\xb3\xb0:huX\xa5&\x97\
>\xcaW\xaf\x89\x80Z\xde\x8e\x0d\xe5\xfc(H\xa0\xc4\
\x0fy\xe0\x0f\xd3g\x06\x8af?\xb8\xc1\xbb(3\xab\
\x89\xcc\x07\xa7\xcd.)\x9f\xec\x80Z\xe0\xbf\xef\x01\xef\
\x8b\xc9Md\xd4\xdd\xe4o0U\xcb\x9e\x16P\xc4^\
_\x81\xff\x14\xd5\x95d\xc8\x8f4\x18\xb8q\xa4,c\
@\xab\xe23\xb1J\xcc1\x1a\xeb\x9f!~gLI\
%E\xb4\x8f\xb3*\x9aU\x83$\x81\xe2iO\xfe\x12\
\xe0\x00\x09\x85\xec\xe0\x0b\xc1\xb0\xa8$\x1bm!\xfa\x8c\
\xf8z\x19p\x0aGX\x0f\xa6\xf9N0\x105\xf6R\
\xa2\xc2\x1c\x05\xe2\xe1I\x84\x8c[Z\xf0\x06\x8e\xda\x0c\
\x9anko>X\x93\x1d@*\xe8\xc1Y\xc6f\x97\
\xb5,^\x88W:\xc1f\xda^\xce\xe9\xc0r\x12\xa2\
\x90!!E\xbc\xe6\xa2\x8fqd\xcer\xbe0\x9a\xcd\
%\xde\xb2?\xb9\x10\x0e\xcc`d\xdd\x97\x88\xca\x85b\
y\x5c\x9f\xfa\xacQ\x1eO\xf3\x8c\x8cMR$\xe5'\
\xaf\x1a\x1e\x0c\x16\x09\x88\x90\xc7w\xd8BJ\x0e\xce\xf0\
v\xcf[\xe7,\xedj\x89\xec\xa5\xe4J\xad\x0f\x06\x84\
'\x1c\xc98\xabB<*\x8e\xd1\x1b~nC\xae\x0f\
\xa8T\x91\xc9f\x96~\xcb\x8d}\xf5\xd2m\xe2\xf8\xfd\
s\xfa\x8a\x80\xd1\xe1$\xdb\xd4\xa4\xa2\xb8\xce\xdb1\xea\
\xd0\x9e\xbb\xbe\xce]\x109C\xeb\xa4\xed\xd0\xbd\x17\xfc\
\xa5#7:\x99\x0c\x0dP\x8c\xde\x1a\xcd\xa3\xa4\xa9C\
K\xd5\x0687<)\xf6\x7f\xd0\x1f\xc6v\x84\x89\x93\
Z^.\xfcIGW\x92L\x0c\xbc\xa2\xcb\x12\xe8H\
\x8aY\xb8\x1an\xaf(#\x1b\xeb\xa8>]0\x0c)\
\xa6q\x04%\xd3\xa71\xdd\x00\xa9\xb9\x17\xc0J\x10V\
\x0b\xe7\xd3\xb9\x8b\xfc\xe4\xf5\x9e\x0e\xf0a.(+\xb5\
\xb51\xa9\xe2\xb2L\x98~\xbfM\xd8\x95\xc4Zp\xd9\
\xf3\x14e\x96\x8f`\xfb\xad\x09\x83\x1e\x0b\xb8\xa1\xbd4\
\xeaY=\x869V\x9f4\xe6\x1c\xf4\xe4\x00\xa8\xa8\x19\
\x90,o\x00\xf3\x0b\xc0;\xf1he\x0d\x91'\xb2\x8d\
z\x82\x88\xa2\xc3\x19\xbd\xc5\xa2\xcc\x96\x9cc\xd6w\xf7\
\x1c\x82\xdb\xc4$l\xddU\x9f]Y\x9fC\xe5\x10\xfc\
\xd4\xb7\xca\xcaO\xfaiw\xf4~\xe2X$@\xb2\xc5\
\xdd\xbdE\xf76D%\x93K\xc2\xdf72\x06S>\
|8\x81W\x96B \x99\x9a]\x92\xa4\xb1r0\x96\
\x8a\x88\xd6qn\xc1h\x86)\xe2.\xfd\x92:3\xc8\
\x9d\xb8a\x93\x07MS\xd1\xb9\xc8lE\xef\xc1j\x0c\
\xfe\xfa!2\x11\x0d\x06@\xe5M\xe9D,;a\xf5\
\x15\xb3\x12\x12u\xdf\xce\xbf\x1a\x8f\xc8\x848\xee\xa1u\
\xd9\x5c3\xf4\x88\xc8c\xd9\xb4\x90\xf3\x89c\x98\xdcZ\
\x1cv\x22\xa6\xe4\xd04R$\x84K\x80V1\xf6\xe1\
\xd4\xce3,,02!@z\xea\x86\x96\x09N9\
\xb8\xea\x19^\xd4\x1dU\xe9\x17\xeb\x94\x83\xdc\x83\x9d\x09\
\x96Y\x01\x84\xdb\xd0\x81ju\xfb\x02h\xb9O\x17\xa3\
B\xb6\xf1\xe9m3\x13\xf7\x19;q0\xe7\xdf\xef\xe6\
Ih\xb2\xa1\x85\x163\xe7\x84\x1b-\x8c\xd9\xf1\xc7\x9f\
\x8evQU\x8d\x0a\xc3\x14\xebo)Y\x803OD\
cq\xae>\x93\x22\x03\x91(\x12\x8f9\x95\xdd\x99\xab\
\x1e4_\xd5dS\xac\x82^\xb3\x86\xe1\xc9h\xaa\xc6\
\x9eUo\xa8!!f#\xa1\x9b]\x18S\xea\xf4r\
WP\xfb\xc0#u\xb4d\xd3\xe2\x91\x17\x80Y5\xb2\
\x81$\x5cQ'\x8e\x1e\x15\xd4\x1aj&\xda\x1ad4\
\x18S4\xc97\x0d\xdc\x8ar\xe1\xa8\x03\x82\xd9\xd7j\
'KhR\xfaq\x86j\xfdy\xc6\xe7\x90Z\x9a\xcb\
b\xb0\x5co\xff#\xc7O\x19:\x12\xe0L\x094\x8a\
\xbe\x1f2\x1cF'\x03#\xc65\x0a27W\x99$\
\xe3\x91\xd0\xaa\x1d\x01\xcf\x16\x80\xa4\x91\x08n\xf7\xdcd\
\xb2E\x91\xc8\xe5S\xe5\x014\xa0I\x0e\xefA\xf3\xd4\
#<\xc5\x5c\xab\xc7J\xbfv\xd5\x82/+\x03\x00\xfa\
\xdex\xcaJH\x93\xbdb\xa2\x00\x05R\x90\xe8\xd6c\
b\x1d\xb1&\x11\x09f\xa3\x5c\x18\xeb.\xbbb\xfa\xf1\
u|z\xc3\xc1S-\x11\xf5\xb5\xe7\xbeR5\xdc\xb8\
*<\xc5\xf4\xa6\xf4\x1c\xca\xf1\xe0\xd9=w\xc1*\x86\
\x10\xe7\x0e+%k\xa9\xe1\x07I\xee\xd2\xed\x0f\x5c\xc5\
\xe7\xda\xcc\xb0;e\x87P\xc4\xb6\xa5m_\xd9!\x96\
<\xdb\xd0\x98k\xf6\xb2\xf7\x19\xfc\xff\xc0\xc2\xbf\xcd]\
\x8d'\xbfU\x87Q\xcf\xd5l\xbe.\xaar\xe6\x03\x15\
x9]N\xd6C\xe1|{\x84\xd1n*rS0\
\xcf\xc7r\xc2\x05\x1b\xe6\xc8\x840j\xe9\xf2\xb7-X\
\x81\xd3\x0d=\xcc=\xb7\xa9r\x90\xecQ\x1e\x8b)\xcb\
\xb6HI\xe5\xd6\xad\xb5\x1eu\xa6\x06H.1\x91/\
\xf2\xb779\xb5\xe6\xe4\x85i\xaf\x11W=\xbe\xf0\x85\
\xa5d\x1e\x0fz\xa4\x17\xb2\xb7K\xfa\xfc\xe2\x95!\xd0\
op\xa1\xc1\xa4\xfd\x07\xadb\x8d\xf1\xfa\x8d%{5\
=\x9f\xf0=d\xe0p\xfa~\xbd:#2\x0dZ\x0c\
\x9d\x02\x09\x98Z2\xd0\xd9!.3\xfc^y\xa4\x99\
\x1b\xe1\xb2\xbb\x84*\xa8S\x97\xf3\x14d\x86\x10B\x08\
\x11\x11\x11\x11\x11\x11\xd2\x03\x03\x93\x11\x04\x14\x08\x02p\
(\x98Lm?3\xb3S\x89P\x8a\x88H\x0aC\x14\
Q\x04\x12c\x08!DH\x02\x11\x11\x89$\x10\x89\xf5\
\x189\xa4\x00\xc4m\xa7\xda\xf89\xe7:\x8aV\xc1y\
\x8a\x08\xea\xa7\xbc\x81;\xeb\xd8\xb8\xcf\xd7\xe1Z<h\
\x1cep\x8a\xcb\x10\xc3\xa6fh\x19K\xb5\x9d\xa1\xc9\
>\x95\x94\xbe\xa7+\x03l\x8f\x86\xce\xe1\x93\x8b\x1d\xbe\
\xae\x1aW\x18\xfevz\x05\xdd\x19N\xf0\x8fqn\x93\
t\xd6&P!\xc6\xbf4$S\xe2Q\x92zX\x9b\
,,\x14\xda\xe1N\xd6\xefn\xfc\x0ce\x17\x0d5I\
\x81\xd2\xf0\x155\xec\x88\x19\x12\xd17w\xfc4k1\
\x16@\x96\xce\xde:\xf3E\xf3\xb0Dy[\x1dNO\
\x8b\xe2\x93@\xa0\x8d\x82\xe0O7C\xa4\x97\xe0P\x83\
g\x88\x8c\x97\x1e\xe60\x1e\xf2og\x8e\xe0;j\x9c\
\x9d\xefu\xf3T\xa8{B\x96\xd6q2\x9a\x0fi^\
\xb1(iXtCk\xc5^\xfc*\xd7\x82i\xd5N\
\xc3\x8c\xb4\x86\xca\x00\xbc)\xa5N\x09\xd2PU61\
N\xe1\x91\xbf\x22\x9548:\xbb>@\x14\xcb<\x9e\
\xa1a6F#$\x0d\xb1O\x1d\x8e\x0e\xdf\xfb\xd6b\
\x06\x92\x16\xf3\xbb\x92&;\x9b+\xa4]\x8c\xc9\xe1\x5c\
&>G\xbc>v\xd1$\x16k\xa9+&\xd4\xb8\xa6\
\xb53$\x06\x0d\xb7N\x9f\xa4B\xdb\x99\x22\xb1\x0c\x11\
\xd2h\xf9[\x9bs\xcf\xba\xb9\x8f\x12[\xc1\xc8\xc9\x8f\
Tt\x92\x0ap\xa2{%\xc5f\x88\x86LsBC\
\xb5\x9b\x16\xe09\x0d\xebIkX\xb5\xda\x10\x1b\x5c\xa8\
{\x9d\xa4\xd9\x9a\x97\x16\x94\x03\x00|B@\xf8Mf\
\xe0 O\xc4\xb0q3\x94p\xe0Q\x14\x07\xb7\x09\xaf\
\xf2i\xf8\xd5\xcc0\xe9g\x1aZ'\x0d\xbf\x9a\x9e9\
x\xe3>\xf8.\x81\xb0G\xaf?JH\xe9\xf8\x92Z\
Z\x5c\x07(\x91\xa1\xf6\xc0\xe2\xf7;-\xd6;x\x90\
f\x98\x87\xac;CW\x03\x91V#\x1c\xbcQ ;\
\xcev\x7f\xfa\xc6]\x8a\xa9Dz\x5c\xb4\x16\x10\xe7\x7f\
m\xe8\xa6\xe7\x85\x9f\x92!/\x1b,\x0cu\xbcj&\
-f(\xaa\xea3\xf4\x02\xc5MR\x16\xf9\x1d\xf3\xa6\
N\xaa$;T\xccy\xa1\xbb\xbb\xc0\xd8\x96h\x09\x7f\
\xd7\xe1\xe1\x82\xc7~\x13:+^\x8efn\x8dF7\
\xd0\xb8\x0cM\xd9\xd4\xdd\xf5\x5c\xec\x0b&Yh\xbb$\
\xa1+\xdfh\x86\x7fdh\xe3\xf2\xee.\xc9\xc3\x8fY\
 R\xf9\x846\xa5\xfal\x86\x98\xa56{wva\
[\xdc\xea\x05\x9bD\xd86dhx2l\xdc\xc9R\
\xb9\x80\xd5$\x17\xdc\x9f8\xeeDj\xc0\xee\xc8s\x18\
\xfa\xd3\xd2\xd1\xc1\x93\xcf\x8e\xe0\xee\x0d\xf2\x0eq\xf0\x1a\
\xac\x15x\xd4\x18~\xa4\x16\xee]4\x19\xcaj\x19*\
 \xd0S\x0b\x0e\xa7d\x1c\xa4\x02\xd2h\xb0-8\x14\
_\x1e\x84\x91B\xc6(7-\xc3!\x9d\x06\xfd,!\
\xcd\x99u\xdf\x9c+\xf4\xa68\xa6r$\x9ee8\xa6\
\xb3\xaa\xb4p\xb4\xb9\x94\x19\x16dUXn\x84\x0a\x87\
\xe9\xf2>\xe9L\x14\x16\xde\xf9JO\xb8k*\x92\xad\
\x90\xc8\x84\x9d|\x83\x0d\xeb%2\x90\xb5\x85\xb3?\xab\
\xdc*\xdb\xbf\x9f\x7f\xc1\xb0\xaa\x1e\xb95t\xde$\xf0\
\xcdBnB\xd9]\xca\xea.\xf2\x0cI\xc1\xd9\xec,\
DR\xb00J\xa0\xc1\x96w\x9c\xaa\x10\xea*g\xa0\
2\xb3\x19f\x08p\xdc{\xae-\xf4\x89=iE~\
'\xb9\xe3\x1cd\x8b\x0eQ\x87\x08\xef\x11\xf0\xb7\x85o\
m\x9a\x1b\xe4e\xee\xeb\xad\xd8Z\xb8\x0fgx\xa9\x93\
\x85e\xf8\xf3M\x95\xaf\x94\x84\xa23\xe0\xcfP\xe32\
\xc3p\x86\xa0\x86\xffO\xcd\x01\xfe\x8b\x9e{\xc6\x9e\xa5\
\xff\x8a\xb3\xd8,u\x86\xfe\xc9$PVb\xd5\xaa\xf2\
\xee!\x9c\x004D\x0c\xff\x82\xf4\xee0p\xf7z\xff\
\xa8O\xea\x0c\x0c\xb9\x1b\x86H\xe3\x1d}\xef\x84\x15\xd9\
\x19\x02\x97\xe8\x14\x029\x95}\xd3\x93J\xa1t\xa1\x8b\
\x07,@\xa3!F\xd0\x10\xaeO\x09C\x88\x86\x17\xe2\
[\xee\x0cs\xdec\xd3\x0c\xd3\xaf\xe2\xe6w2T\x06\
\x80J\x89U\xf7\xad[^t\xe0\xa2\x8ea>\xb11\
\xbf\xcd\xe5\xa4C%$-\xca\xc8\x10'\x0d\xcbCh\
H\xcf&\xa4~\xbbg\xab\x83\x80%\xe2\x8f\xb4!\xb6\
\x03\x07\xc7Us;g5\x9c\x81R12>\x08j\
\x98^\x17\x84\x17\xc3\x92\xc5\xa4\xd9\xf0\xf4m\xc3\xb31\
).\xe1\x19r\x91tJ\x168\xd2p\xe8H\x09l\
X\xa9\xd2R\xc4\xa9\x1a\x9a\xa8A\x12\xc2}\xc8\xecn\
\x1a\xf2\xf9\x84\xa3\xc1P\xa5\xcb(\xfca\x91?\xf6T\
\x83\x0d\xf34\xbc\x04\xad!\xd5\xee\x9dL\xc3\xdb\xe5\x85\
\xe6\x02\xc4C\xe0\xf2\x7f\xc6\xc3\xfa\x11\xad\xe5\x12\xf9\xb4\
\xb7\x8c+DN\xcc\x1e0U\x0f\xf1\xb4|&\xbf\xeb\
f\xc3E\x94V-\x1bb\x83\x0d;(G+\xf9\x12\
\xa6\xa5\x01\xe0\x16\xaf\x8aT\xad\xfbs\x1f)\x1f\xdf \
\xee!\xc8;\xbb\xb0\xdd\x86\x83\xba!\xb7\xbc$H$\
m(\xd6\x8d\xed\xae\x88\xa7\xfeQ\xa4T\xad\xb7T\xb8\
\x22OW\xf2\x97\xa7\x0f7\x86\x87M!}f\x8f\x87\
 AiH\x89\xf2UN\xc4qnC\x14\x1c.h\
\x5c\x18\x0e/\xc8!CM\xfb{\xc3\xe3\xd9\x855\xc9\
zr\xddt\xd0t(\xf0H\xb1;$ \x1a\xb4\xe4\
\x7f\xaf.<\x8f5<]\xa5\xa3|\xc6'+\xcd#\
i\x07\xc4\xb1x9\xfc\xaf8\xe4v\x12\x08\xc4C\x98\
vR>\x9a\xa1\x89\xa0d\xa1M\x03\xb7\x88\x90\xf3\xc7\
\xa6\xd2\xb0\x83\xf8\x15\xe7\xf2\x9d\x0b\x91\xc7\xc0xo\x1d\
\xde[;p+\x9c\xa98\xee\x10\x91\x16AJ\xfb\x1b\
?u\x05\xe5\x1b\x02\x84P)\xd04T\x1cn\xb6\x1c\
\xce\xd2o\xfe{QU\xda\xddA)\xed\xe88|\x14\
J\xb1\x84\xc3\xa8\x9c\xa4;\xd4/\x1e\xe2\xce0\x1c\x9b\
7\x80\x13'\xf3@\xbe\x0bV\x1c\x02\x95\xc3:\x8b+\
\xb3\x13t\xa8\xb4\x00p\xf8d\x06\x00\xed\xc9\xc2\xaf*\
oe\xe9i\xbfG\xfb\x06\x96\x1e5H\xe8\xc0\xdba\
\xd9\xee[\x96\x04\xdc,?\xa6\xc9\x0e\xee\xe7\xa1\x0f\xc0\
\xf1q8_8\xe6\x1c\xda\xbf7\x92\xc9!\xc6\xde\xc9\
\xe3\x929\xb3\xe8\xd1\xa2\x1c\x82^\x85\xae\xfc\xf5b\xc3\
\x91\xc30jXx\xe7d\xae\xe5F\xcf\x0e+\x0di\
\xc95\x1d/mc\xb8HR\xec\x10O\xe4\x85\xc7a\
\xc7\xc0\xe11\xdap\x96\xfa\x0b\x98\xe5\xd4\xae4\xb2\x88\
\x91\xbf.\xbe,\xb0\xea\xbd[\x22\x8cC\x8bz\xb3\xe0\
\x22\x0e\xf7I#\xf6w\xff\xe4`n\x94\x96a\x87K\
\xed\xcfj\xf1\xba\x0e\x0e\xab\xdap\xbf\xfc\xe7\xa9\xa1\xec\
\xa1\xdd\xede\xb5RP\x99/\xba\xf1CiC'\xef\
k&M\xe8\x0c\xc63\x18\xb2\x92\xd1B\xc3R\xb0\xc7\
!\xf5\xcd4\x0doa\xb9\xbbG\x0do\x97\x9d`\x15\
\xd3a\xd4]\xe6r45\x5c\xfe\xd5\xec\xdc\x0d7\x1f\
\xce-\x01\x92\xf6\xabG4\xea\xfdl5CRF\xf5\
\xc2\x066\x8ae'^\xd1\x87g\xcan\x98\xdbJ\xc4\
\xd0\x86\xadg\xe3\xe0\xad\xc0\xa1W\xdaEY\x5c!U\
\xe9g\xbcAP\x81\xf4\x85.9).\x02\x0f\xca\xbc\
\xbf\x02\xf8A\x10.{\x0b\x86\x9ef\x80r\xf1\x06\xc1\
\xa1\xe8\xa4\x11h\x09\xfc\xef\x86h\xa3\x96N\xa3\xb6.\
\xd7\xe9=\xd8\x0a\xa9\xafT%\xc4\x0b\xba\xd1\x5c\xa6\x0d\
\x85Q\xf8\x06a\x98\x87~7\xa4c-\x13-\xf1v\
\x0d\xcb\x0b.\x0c\xca\x07z\xfa\xdaP\xe6\xbb\xdf!\xfc\
\x02\x8b\xcb&6\xa5Z\xda]4$\xd6r\xc9\xdaP\
O7\xc4\xfd\xb5\xdc_C\xe9\xf8\xcf\xda\xd0\x92\xe8.\
bJ#\x9a\xc3\x83\xa0\xe4\xdf\x0a\x91\xa6a\xa3X\xb2\
\x93\xd25\xdb\xfa\xb9\xa6\xaag{\xac\xe1\x09\xf6\xf3T\
\x93\xae\xb9\xee\x1b\x9e\xe1Fl\xbd\xd9l\xb8p\xfdr\
\x1e\x057\xca\xb8\xe1\xbe\x8d\x18E\x1e*\xc0\xefov\
\x06Y\xd0z\xbf0\x80\xc3\x5c\x87\xfc\xd5\x97\xc2\x07+\
V\x14\xba\x94\xc9\x85q\xc1\x16\xe2\x1c\xd8p\x7f\xa9\x09\
r\xb1\xed\xdb\x91\x83\x11\xe2\xf8B\xe4\x175'\xc4\xff\
(\x88\x93 \xcbA\xdd\x08\xf6\x1f\xf64\x9a\xf2T\xae\
\xd6L\xc4\x9f\x8b\x16\xbe\x09\xb5\x1b\xeeYZgJ2\
\xf5\xef^\x0f\xd3\xaa\xc0\xa5\x8c\xd4\xca,i\x11o\x85\
\xd1\x8df%\xe8\x91cE\xad_\xe3Q\xec\x8e\x0d[\
\xae\xbd\x95LF\x10\x07\x14\xf9\xed\x8f\x0a\xd9\xd0\xc1\x03\
\x8b\x9f(\xfc\x1ei\x13d\x91+\xc4c\xee7 \xb8\
$\x16\x0d\x10t\x0b-\xac\xf5v\x5c\x94\x1a\xc4\xf4w\
Y\xa0~\x96\x0a\xe14L\x97\xc1\xc7\xef\x96\x1c\xc8\xeb\
\xb4\xc1[\xcf\xb3\xabmJ\xd1\xb8\xf4y\xcfa\x5c8\
\x1c\x0e\x86?\xa3\xbd\x89e\x16Z\xddl\xb0V\x0b\x18\
\x19\xf0\x02\xb5|\x16\x88\xba\xe9x\xa0\x0eB\x14\x89r\
\xbd\xdf\xb9CR\x1e\x10\xf2\x8e\xc8\xdb\xbc\x1d\xbfh\xd3\
JWP\xd2\xad\x08\xf9i\xe0g\xec\x8ax8\x83\xde\
\x0e\xaf\xdeS,V\xf0a\xb1\xf1L\x0eT\xac\x85\x97\
\x9d\xd4fW^\x99\xd8\x045q\x98\x02\xa3\xcf\xc6\x8e\
#\x0c\xb9+5{Dq\xee1\xe2\x82\xb9\xf8@\xe0\
\x0c\x08\x1a/R\xf2\xc2A\xcff $\xcbd\x97~\
\xa5\xc6\xe5\xed=\xc8\x92\xa8\xe41\x8e27\x82\xa9r\
\xa8b\xcf\xcdn\xc0)\xfd\x1dY*3%\xb0\xec\xac\
&\xc9\xba\xb3\xfe\xce\xcd[C\xdc\xdb\xd5S\xd6L\xc5\
\x07\xff\x14\xb3\x89\xff\xf6=;\x82\xd2&\xb9\xc7\xf7\x06\
f\xd4\xb0\xa5\x9a)\xee\xdf\xbf\xf3\xe8NO\xa9 +\
\xf1>\xdf\xcaG\x18\x11\x0f<'\xff\xb7M\xde\x14\x85\
\xb7\xb3\xbd3&\xfb\x9f\x1d?\xb8\xd1\x0d\xbc\x91x\x1b\
\x92[\x07nd,\x91\xc9.\x97\xeee\x02o\xc9\x82\
\xa0\x0a\xbbS\x81I\xb8]\xf1\x9e/\xe3\x80\xf0\xbeX\
\xc2\xefz\x01n\xc0b~#w\xb4\x7ff rV\
\xbd\xed\xce\xdd\xeec\xd9\xf7\x96\x1aRM\x9c[+\x82\
'\x1f\xb6\x85\x01\x7fP\xdc\xba\xbbkt\xbfN\xdb\xe4\
v\x91\xb1qH\xdbexs)\xca\x8dFo!\xb7\
\xc7\x1d\x8cCoF'\xae\xfasV\x03\x99\x12\xed`\
\xc1q\xb8Iw\xe7\x88N\xb1\x1c\x13\xe4\x04\x8f\x93\x5c\
\x97\xeb\xc8U\xf2y\xbdH\xe8\xe2\xac\xf8x\xean\x8a\
\xb7\x07\x7f(\xb7\x1f\xc3\xee\xf0\xf4P\x00\x9d\xfe#\x05\
\x86\x00\x0d\xbe\xeam\x8aw\x95\xc9K-\xad=#y\
\x16G\xe9\x02\
\x00\x00\x0d\xcc\
\x89\
PNG\x0d\x0a\x1a\x0a\x00\x00\x00\x0dIHDR\x00\
\x00\x00d\x00\x00\x00d\x08\x06\x00\x00\x00p\xe2\x95T\
\x00\x00\x00\x06bKGD\x00\xff\x00\xff\x00\xff\xa0\xbd\
\xa7\x93\x00\x00\x0d\x81IDATx\x9c\xed\x9d{t\
\x1c\xf5u\xc7?wf\xb5;+c\xc4+m\xea\xc6\
\x0e.`B \x09\xc1\x0f\xadd8&\x90\x12\xd2\xd3\
\xf0h\x11\x10\x88s\x8c^\x078'\x94\x9c$\xa4\xb4\
\xa7\x8d\xc3#NrJ\xa0%\x01*K\xb6\x0f\xc5\x07\
\x1c\x87\x90\x96\x06\x9a\x92\x10\x93\xda\xd6J\xc6\x81\x02\xe1\
\x95`s,\x03M\x03\x18[F;+\xed\xcc\xed\x1f\
\xda\xc7`\x98\xc7\xee\xba\xc9D\xcc\xe7\xaf\xf9\x8d\xee\xbd\
\xbf\xbb\xf3\xdd\xf9\xcd\xef5ZHHHHHHH\
HHH\x98\xf1H\xa3\x8eVn\xc5\xd1\x82q\xab\x22\
\xfb\xed)\xf3r\xb6\x0f\xec=\x98\x89\xfd\xbe\xd1\xba\xa4\
{\x91k\xf2\x0dUy\xbch\xcd\xfd2\x9bV\x96\x1a\
\x89\x93j\xc4\xe9\x90\xce\xcb\xff\xa0\xe4N=\xa4p,\
@\xa6\xc5\x1d.\xc2?5\x12k\xa6\xe0\x1a\xf2M\x94\
\x8f\x09\x9ca\x15\xc6\x0e\xb3\xa1\x17\xd0z\xe3\x18u\xd7\
\xbc\xb4{v\xc9\x9dz\x80\xb2\x18\x80\x0a<Qw\x9c\
\x19\x86\xa0Oz\x0a\xddV{\xcf\x8d\x8d\xc4\xa9[\x10\
\xcb\x91;\x80\x85\xd5\xba\x95k\xec\xfc\xe0\xa6F*\x9f\
I\x14\xc6\xc7\xbf\x04<T=!\x5c\x9b\xed\xe8\xb9\xa4\
\xde8u=C\xac\x5cw\x1f\xc8@\xa5\xac\xe8M\xc5\
\xfc\x9a/\xd6[\xe9\x8cea\x7f[\xb6\xc5yD\xe1\
#\x00\x02{\xd5\xd1S\xecmkvD\x0d\x11\xf9\x0e\
\xc9t\xf6\x1f\x03rK\xf5\x84\xe8\xc3\xc5\xfc\xbck\xea\
Jx\xa6\xb3}`\xaf\xbar\xbe*o\x00(\xb4a\
\xcazX\x19\xf9:G7t\x9d\x9b\x81\xd6r\xf17\
\x86\xc1rX\xe9\xd6\x97\xf1\xcc\xc7\x1e\x1d\xdci\xa0\xbd\
\x9eS9\xab}w\xaf\xaf\xc3\x01Dj\xb22\xb9\xee\
O\x0a\xf2@\xd5I\xf9tad\xe8\x9eH5tt\
e\xb3\xcc>\x9b\x92>Z\xd8\xb6v,jbq\x22\
\xdb\xd9\xdd\xa1H\x8b\xbdu\xe8gQ}\xac\x5c\xef]\
\xa0\x97\x96\x8b\xaf\xb5\xb8S\xc7\x8f\x8f\xde\xf9Z\x98_\
\xc4;\xc4\xb8\xc1S\xd8\x5c\x18\x19\xda\x10\xc9\xed\xf4+\
\x0f\xb1\xf4\xd0\x9f\xaa\xca\xf7\xd54\x1eca\x7f[\xb4\
\xfa\xe2C\xba\xbd\xf7\x5cue+.\x8fX\x1d\xdd\xd7\
E\xf53\x95/\x08T\xc6fGN\x99\xa9H\xcf\xda\
PA\xac\x8e\x9e3\x05=\xa5\x5cTC\xb8\x8a(\xfd\
\xeb\xae.\xd3*\x16\xef\x05\xda\xcbg\x8e\xb0Z&\x0f\
\x8f\x92T\x9c0\xd1\xe3\xaa\x05\x95\xbf\xcb\xb4\xf7\x5c\x19\
\xc5\xef\xcd\x91\xc1_\x03_\xf3\xf8^\xd9v\xea\x15\xa1\
\x9f?|`\xa8|\xc1S\xfa\xd1\xc4\xf0\xd0cQ\x12\
\xb2v\xcf\xfe\x0a\xcaY\xb50\xfa\xadb~\xdd\x8bQ\
|#q\xfa\xca\x9459\xd6\x89\xcb|\x849\xe5J\
^\xc6\x95\x1dv\xeb\xfb\x86\x1b\x1d)\x1fH\x01{ \
K\xf6\xb3\x8a~\x08@\x84[\xb2\xb9\xcb\xb6\x17\xf2k\
GB}\xad\xccm\x96]\xbc\x068\x128\xb4X\x9a\
\xba\x12\x08\x1c\x9f\x04>Cf-^\xf1^\xc74w\
\x03&\x00\xae\x9ci\x8f\x0e>\x1c\x96Hkg\xdfb\
\xd7u\xf3\xd4\xee\xc0{\xec\xfc\xd0%40r=\x90\
t\xae\xf7\x04C\xf4Zu\xf9\x94\x08\x87\xf9\x98\xedA\
\xe5~\xd70VM\x0e\x0f<\xdbl\x9d\xadK\xbb\xe7\
\xb8\x8e\xe4\x81\xb9\xe5S;\xed)\xf3$\xb6\x0fL\x84\
\xf9Z\xb9\xee\xaf\x80\xac\xac\xfa\xe5\x87\x8e!\xe0:\x04\
6Y%\xc3\xbc\x88\x8a\x18\xc2\x0e{t\xf0\xa7\xe1\xe9\
\xaf4\x5cuo\xab\xc5\xd6gm+\xd3\x17\x94D$\
\x16\xf6\xb7Z\xb9\x9e\x01\x03}\x12ey\x80\x18\x00\x87\
#\xfaYC\x9d\xa7\xac\x8e\xee\x7ffa\x7fk\x80m\
(\x13[\xd6\xbc,\xc2\x05\xc0d\xf9\xd4|\xab\xc5\xb9\
6\x8a\xafa\xb2\x1ap*~\xd9\x5cOg\xa0}\xd0\
\x1f\xcbIL\xe3\xb2\x81\x08\x175\xdb\xb1\xeb\x5c\x94E\
\xe5\xa2\x82q\x05\x9bn\xdb\x1f\xe6\x17\x84\xb5\xa4w~\
\xb6\xc5\x19\x06\xfa\xa8|A\x002)\xdc\x13\xe7\xe0,\
[\x80\xb3l\x01\xee\x89s \xfd\x96V\xd8D\xa5?\
\xdb\xe2l\xb5r+\x8en&\x87\xc2\xf0\xd0(p\xb3\
\xe7\xd4\x17g-^\xf1\xde0\xbf\x89-k^\x06\xf1\
~\x91\x03G\xef\xfe\xcf\x90\x85\xfd\xad\xe0,\xa9\x14\x0d\
\xe4\xde\xb0\xca\x01T\xc5;X\xfc^\xb3\xd3*\x9e\x89\
\xccc\xaau\xcc;\x82\xd2%\xed8\xb9\xf9\x909\xe0\
#\x14K\x98\xf9\x1d\xa4\xee\x1aAv\xef\x99\xb6\x87\x8f\
\x80\xf9\xd0!\x9d\x97/\xdd\xbf\xf5\x8e\xffm4\x17{\
b\xf2z\xab5\xbd\x1c\x98\x03X%\xd3\xfc<\xf0\xe5\
PG\xd1\xbbQ>^\xce\xe5O\x83L}\xef\x10+\
Uj\x07\xd2\xe5\xe2\xbe\x89y{\x1f\x0f\xab7\x9d\xeb\
=\x01\xc8\xd5\x82\xbb_\x0fM6\x88\xae.\xb3\xe4N\
\xfd+\x151D(]\xb8\x88\xe2\xed\x97\xe2,;\xee\
\xedb\x00dR8\xcb\x16P\xbc\xe33\x94.\x5c\xe4\
\xfd\xcb\xb1%g\xea\x07tu\x99ow\x8a\xc8\x13\xff\
\xf2\xa6\xa07U\x8a\x02\xbd\x9c\xd8\x95\x0er\x01\x90\x92\
\xfb\x90\xa7x\x5c\xf6\xd4\xfey~\xb6\xfeM\x96!\xd5\
\x0b\x8b\x90g\xe3F\xc7\xd7\xb6\x16\xec\x22Oq\xfbD\
~\xed\xcf\xc3|\x82\xc8\xecj\xbb\x1c\x8f\xc0S\xfd\xa7\
Q\xba\xac\x13\x8c\x08\xe3YS(]\xd6I\xa9\xff\xb4\
\xda9\xa1#3\xd6\xd6\xdfLN\x05-\x0e\x02\x95\x87\
\xf9\x11\x99\xd9\x87~\x22\xd4gz@\xfcB\xa5\xac\xa5\
\xd2i~\xb6\xfe\x82h\xad\xff\xadJ\xe8\xdd\x01\x80\xe8\
\x19\xd5C\xf8n$\x1f?\x16\xf6\xb7\x8a\xe8\xf5\x95\xa2\
s\xd6\x098\xe7\x9d\x5cw\x98\xd2\xf9\x1f\xc59\xf3\x03\
\xb5\x14\xd1\xeb\xe9\xe8\xca6\x9c\xd7\xc8\xfa}\xc0\xfd\xb5\
x\xf2g\xd1\x1c%_;6>\xe8g\x15 \x88T\
\xdblQy\xc1\xd7\xae\xc2\xe9+S(\xd5g\x8e\x18\
F\x84\x1e\x99?\xd9\xb4s\x1e0=\x90\xb2Z(\xad\
X\xdap\xacR\xefi\x90\xad\xb6,Gf\xb5\xed\x9c\
fr\x03\xfd\x8f\xda\xb1{z4\x17\x9e\xab\x1e\x8a\xbb\
\xc0\xcf\xcc_\x10\xe1\xfd\xb5c7t\xfa8S\x1c;\
\x1a\xc8\x94\x8b\xeeDz\xea\xc9 \xfb\x08\x5cX9p\
\xce\xfc\x00zx\xe3=W=,\x8b\xf3\xb1\xda5p\
\xdf\xda\xb4\xd6\x1f\xcfH\xfdW\xad$\x0b\xa2\xdcq\x22\
nU\x10C\xe58?\xbb\xa0n\xef\xec\x9a\x91\xbe\x1e\
Z\xa1#\xde\x07\xd5\x18\x9b\xd6\xd9a>A\xa8Rm\
\x9f\x9c\x8e?i&\xd4t\x8c\xf6Z\x0cA\xebo\xfb\
<\x14\xffx\xcf\x8b@\xe5\xf3\x19if\x1d\x1bd\x0f\
\xa0\xa2\xbf\xae\x1eW\xee\xfcw @\x10\xa9\xaa^\xc2\
,\x84U\xe8JM@az=\xa0a\xa6\x07r\x95\
Q1:\xf7\x88\xa6\xc2\xc1tW\xd9\xc3\xfb\x9b\x1a,\
Nwp^\xaa\x14\x0d5\xfe0\xcc\xc5\x94Tu\x13\
\x88*\x87\xfa\xd9\x05\x08\xa2\xd5FW\x0cc\xd2\xdf\xae\
\x5c!n\xb5\x0f\xaa\xd0\xd4<R[\xd6\xccxs\xd3\
\xb6\xc6\x9f\xc1\xd5\x18\x87\xbd%\x86\xc1\xec\xc9\xd0\xeej\
`<e\xbcr,\x9e/\xa3\x1f%$\x92}P\x93\
U\xbd+\x14'\xf4\x8a\xb8\x82g^Gg\x85\xd9\x07\
\xb1\xd7y\xf5-\xcd\x9d\xeco\xaa\xf5\x9b\x8e1~@\
\x8c\xec\xec\xd0\xbb>\x08Cj\xf3\x80\x8ek\x84.\xd4\
\xa9\xebz\xbf\x00E\xdf\xb8\xbe\x11\xa4\xf6\x0d0\xd1\xd0\
o\x80!R]|\x11\xe4\x8f\xc2\xec\x03\x19\xdeh\x03\
\xd5\xe7\x96\xbc\xd2\xfc\x96/ye\x9f\xb7\xf8\x1a\x0f\xde\
\xea{Q\xa2\xa0\x9eo\xb9\xe1\xb9[\xfcH)\xde&\
\xd2wR2\xa0\xdb[{\x0e\xb8\xae\x1c\x15Va\xda\
L\xff\xb2\xe6J[\xeb\xc2\xfefDQ\x11\x86\xabI\
\x8e6?ko\x8c\xd6:\x8a\x02[\x9b\x0a6\xdd\xc5\
\xaf=\xe3Z\xdc\x97\x82\xcc\x01\x5c\x5c\xefs\xa3\x01A\
`g\xcdH}\xbbi\x15\xf6n\xbe}\x0fH51\
mq;\xc2|\x82\xd1\x1fW\x8e\xcc\x9f<\x03\xf6T\
\xe3\xa1\xec)\xcc\x87\x9f\xaf\x16]\xe5'\xcdd\x96.\
\xbex\x02\xd0R.\x96\x8ao\x8c\xef\x0c\xb2\x07\xc0\x90\
\xf9\x9e\x92\xefR\xb6\xaf \x8aw \xc3\xf1\xe1i\x02\
\xe8#\x1e\xff\xc0I\xb40\x0a\x19w\x1d\xb0\x1f@^\
\x9f \xf5\xbd\xc6gaR\xdf\xdd\x8e\xecy\xb3R\x1c\
/\x96\xccu\xcd\xe4&\x98\xcb<\x85\xc7\xf9\xc5\xc6\xd0\
N\x8fw\xa0M\xc0@\xdbW\x10A\x9f\xa9\xfa\xab\xb1\
\xc8\xcf\xee\x00\xfe\xd3\x93\xc1\x05,\xeco\xf17\x0da\
\xd3\xba7T\xe5\xf6J1u\xf7(\xc6\xa3\xf57]\
\xc6\xb6\x17Im\xd8\xe6=u[\xb3\xfb\x90\x05=\xbf\
r\xac\xaeD\x9a\x91\x10\xf4\xa4ZRZ\xbf \xae\xea\
\x16O\xb0\x93\xa3\xac\x07\xdbj\xdf\x07R\xe9\xbd\x1c\x95\
M;]Q\x92\xf5\xa3\x98-\xfd=\xf0t9!\xd2\
\xd7\xfdp\xba\xf9\x8a\x88\xf9\xc8/I\xdf\xf8\x00\xb8\xe5\
e\x1c\xe59[\xf6}\xb5\x99\x9c\xac%\xbd\xf3Q\xa9\
N\x97\x18\xe2DY\x96\x10\x85j\x13\xae\x18\xbe\xcb\xbf\
\xbe\x82L\x8e\xac}\x06\xf8\x9f\x8a\xdd\xa4S\x0c\x9f\xb3\
\x19Y\xbf\x0f\xb46\xa9\xa8\xf2\xd7\xf5l\x12{\x1b\x9b\
\xd6\xd9\x86\xf0\x99\xca\xc63\xa6\x1cZn\xfa1-7\
>\x80\xec\xf2\x9f<\x90\xb1\xd7i\xb9\xe1\x87\xb4|\xfd\
A(V\x87D{L\xd3\xb8\x98\xe1\x8dMuw\xc5\
\xd0/Q\xb9n\xcasQ\xd6\xd6\xd3\x8b\xfb>\x08\xbc\
\xa7\x5ct\x8a\xee\xc4\xb0\x9fm\xd0&\x07\x05\x1e\xa6\xbc\
\xc2\xa5.]\xc0}a\x95\xbb\xc87\x0ct9`(\
\xfa\xa1LnW\x7f1\xcf\x1da~~L\x0c\x0f=\
\xd6\xda\xd9w\x96\xeb\xba?\x02\x0eG\x15s\xf3\xaf0\
7\xff\x0a\x9d\x7f\x14\xee\x89s\xd0\xf7L\xf7@\xe5\xd5\
\xfd\x18O\xbd\x84\xec|\xf5\xc00{\x0cW\xcfz3\
\xbf:\xda\xac\xb5\x0f\x99%}\x0b\x14\xb7\xbbzB\xf8\
\x87(~\x86\xe9\x9c\xeb\xd9\xbe\xf0xy\xc6\xf8\x9dm\
\x83\x02)Z\xdb\x7f%\xc6yQ\xf6UM\xe6\x07\x9f\
AX_\x0b\x22\xab\x9a]>\x9d\xd8\xbaz\x9b\xa4\xcc\
\x93\x81\xb7\xb4\xd7\xb2\xf3U\xcc\x7f\x7f\x82\xd4\xda-\xa4\
\xd6n\xc1\xbc\xff\xbf\xdfA\x0c\xdd\x8a\xa3\x8b&F\xd7\
<\xdaL\x0etu\x99b\xba\x83T&P\x85\x1d\xf6\
\xf8\xbe;\xa3\xb8\x0a\xc6\xc5\x9e|\xbe\x1fd\x1b(H\
q*\xf5 P\xfe\x84\x9a\xcd\xb4\x94>\x1d%\x01\xb3\
\xe4\x5cS\xd9$6\xbd\x19\xc1\xdc\xd0\xd4\x1a\x04P\xd8\
<\xb0\xcb\xce\xcf\xfd\xb8 \x17\x03\xa1\xcd\x04\x90\x17\xf4\
\x22;?\xef\xb4z6;\xfba\x8d\xb5]\x87R]\
XR\xe5\xea(\xbd\xabY\x9d}'W\xb6\x10\x01\xa8\
H\xe0:Q\xe8\xd2[6\xd7\xfd\x8f\x8a\x5cU.\xbe\
`\xcf\xddw|\x94\xd5\xc3l{\xcf\xc5*\xdc\xed\xa9\
\xe8\xdf\x0a\xd6\xdc\xbf<X\xfb\xa52K\xfa\x16\x88\xe8\
R\x15\xfd\x9c\xc0G\x01\x14\xf9\xb9(\xdfV\x95-\xc5\
\xd1\xd5\xcf\x87\xc5\x88\x8a\x95\xeb\xe9\x05\x06\xa8]\xaf\xbb\
\xec\xfc\xd0\xf2\x88\xbe\xeb\xa9ml\x18\xb1\xf3C\xb9 \
\xfb\xd0\x07\xae\xe2\xde\x0cTFe\xc7Xc\xb3/\x0e\
\xb2\xafP\x18\x19\xbaGT\xbfS\x8b\xc39VqW\
\xdd\xefK\xf8Q\x1c]\xfd\xbc=2\xb8\x16\x95\xea\xd8\
\x07\xe5g\xf6\xc8\xe0\xda\x83)Fy\xc6\xe1;\xd4\xc4\
x\xda\xb62WD\xf1\xb5\x96\xf4\xce\xc7\xb3\xae#\xe8\
\xb7\xc2|B\x05\xb1\xf3\xeb^D\xf0l\xac\x96U|\
xy\xa4\xc9\xc3\xc2\xbc\xf1\xbfR\xa8\xb5\x99\xae4\xbd\
Q\xeew\xccnI\x99\x9f\x8c\xbc\xad\xc9\xd0UT:\
N\xc2\x8e\xc2\xdc\xf1\xd0.r\xa4.\xa9\xba\xce\xf5\xd4\
f(\xe7Z\xad\x99\xbf\x89\x94\xd0\xc6\x8dN\xf1\xf0\xd6\
KT\xb9\x1a\xd1^{d\xe8\xaeH~1bb\xfb\
\xc0+\xa8\x9e\x0d\xf2U\x0cN-l\x1e\xd8\x15\xc5\xcf\
\xea\xb8l\x19\xde\x95I\xd5\xeb\xa34\xf5\x91\xdf\xa0\xb2\
r=7\x00\x7f[.N\x1a\xae.m\xba\xe7r\x10\
\xc8\xb4\xf7\xde,\xa2W\x03\xa8\xca-\xc5\x91\xc1\xcf\xff\
\xaes\xe2\xc3\xcbgY\xad-\x8f\x82TvW\x8c\xd8\
\xf9\xb9\x9dQ\xde\xa7\x89<h\xb3\xa7\xcc\xaf\x01\x95\xb9\
\x8b\xb4k\xc8=\xb4_\xea\xbb\xf2\xf5n\xc6jM\x7f\
\xdb#\x86+\xc2UQ_n\x8a>\x8a\xde>0!\
\xaa\xcb\xa9\xad\x06\x1e\x935\xac;\x9b\xdax6\x03\x99\
~\x0f\x93\x15\x9eS\xab\xca\xdbP#Q\xd7\xb4Fa\
d\xcdf\xcfNnT9\xd7\x1a;\xf4\xf6 \x9fw\
\x13\x99\x8e\xbe?\x07\xb9\xcdsj\xc4\x9e2\xeb\x9a;\
\xab{\x9e\xc9\xce\xbfo\x95*?\xf0\x9c\xea\xcb\xe4\xba\
?Wo\x9c\x99F\xba\xb3\xe7$Qw\x03\xd5\xe9(\
yIT.`\xfb@]\x0b9\x0dL\xfc\xadt\x8b\
\xc6\xbeK\x10\xaa{\x93\x04\xf9\x8b\xfa\xe3\xcc,LG\
>A\xf9\xa5XU\xdep\x0d=\xbb02\xb8\xbb\xde\
8\x8d\xcd\xc4\x0eo,\xd8\x19\xe7\x1c\xa6\xe7\x96~#\
\xc8\xad\x0d\xc5\x99A\xa8\x94\xee\x05}\x16\x183\xd0O\
Mn\x1dz\xaa\x918\x0d\xfd\xaf\x13\x006\xad{\xc3\
\x863\xc2\x0d\xdf\x1d\xd8\xd3\xaf\xeb\x9d\xd0l\x9c\xc6\xd7\
*\x12\xfe_H\x04\x89\x19\x89 1#\x11$f$\
\x82\xc4\x8cD\x90\x98\x91\x08\x123\x12AbF\x22H\
\xccH\x04\x89\x19\x89 1#\x11$f$\x82\xc4\x8c\
D\x90\x98\x91\x08\x123\x12AbF\x22H\xccH\x04\
\x89\x19\x89 1#\x11$f$\x82\xc4\x8cD\x90\x98\
\x91\x08\x123\x12AbF\x22H\xccH\x04\x89\x19\x89\
 1#\x11$f$\x82\xc4\x8cD\x90\x98\x91\x08\x12\
3\x12AbF\x22H\xccH\x04\x89\x19\x89 1#\
\x11$f4\xfe\xd2g\x83\xa4\x17\xf7\x9dh\xa6\x5c\xdf\
\x1f4\xa9\x17U\xad\xfe\x0e\x85\x88.\xc8v\xf44\xf5\
\x8f7\xbd8%\xe3\xe9\xc9m\xab\x7fq\xb0\xe2E\xa1\
\xae\x9f\xefn\x96\xd6\xdce\xa7\xb8\x18\xa3x\x7fi-\
\xde8\x86\xb08\xea\x8fi\x1e\x0c~\xabM\x96b\x1e\
\xc7\xef\x8f\x18\x00\xa6j\xf8\x7f\xf5>\x98\xfcV\x9b\xac\
\xc2\xf8\xde\xfb\xb2\xb3\xdbnU\xdc\x1cH\xcc\x9f_\xea\
\x0a\x0c\x17\xa6R\xa1\xff\x895!!!!!!!\
!!!\xa1.\xfe\x0f\xdb\xaf\x88\x5cbl\x9f\xd4\x00\
\x00\x00\x00IEND\xaeB`\x82\
\x00\x00\x08\xa4\
\x89\
PNG\x0d\x0a\x1a\x0a\x00\x00\x00\x0dIHDR\x00\
\x00\x00d\x00\x00\x00d\x08\x06\x00\x00\x00p\xe2\x95T\
\x00\x00\x00\x06bKGD\x00\xff\x00\xff\x00\xff\xa0\xbd\
\xa7\x93\x00\x00\x08YIDATx\x9c\xed\x9d[l\
S\xf7\x1d\xc7?\xffs\xec\xc4q\xae$\x10\x02$\x05\
\xc6\xbd\x02B\x97AB\x02]EA\xac\x0f\xd5\xa6v\
\xbcL\xaa\xc6\x80\xd2M*\xea\xdb\xa4M\xd3\xb4\x97i\
O\x9d4u\xda4\xb5\x81M\xad&\xa4i\xa5+L\
e\xabT\xb5\x13-\x97!A\x18\x8c\x94\x8b\x06\x8cB\
\x064\xe1\x16\xec\xd8\xe7\x9c\xdf\x1e\x8e\x9d\x045N\x9c\
\xe0\xf3\xf7\xdf\xdb\xf9<\xf9r\xec\xef\xcf\xfe\xf8\xdc\xfe\
\x97c\x08\x09\x09\xc9\x8d*v\x01S\xa6mg\xbc\x22\
\xea\xbe$\xf0<\xc8\x22P\x0a\xb8\xa8\x94\xbc\x9d(\x8f\
\xfd\x9a\x0f\x7fu\xbf\xd8%N\x85\x92\x14\x12o\xdf\xd1\
\xe6)\xd9\x07\xb4\x8c\xbd\x84\xfaL)y.q\xb8\xfb\
\x98\xd6\xc2\x0a@\xc9\x09)\xeb\xd8\xb1\xccB\x8e\x005\
X\x0a\xb7\xfdKx\xad\xcd`\x81u\xe6:\xf6\xa1\xf3\
\xe0\x0a\xc0=\xcf\xb5\xd6\xa6\xfe\xfe\xfa\x99\x22\x97<)\
\x22\xc5.`\x92(\x0b\xd9\x03\xd4PYF\xea'\xcf\
\xe2-\x9f3\xfc\xa4\xfbl+\xee\xa7O\x10\xfd\xf1\xbb\
\xa8\xbb\x89j\xcb\xf6v\x03\x1d\x80\x14\xab\xe0\xc9b\x15\
\xbb\x80\xc9P\xd1\xbe\xad\x0bh\x07H\xef\xda\xf0\x90\x8c\
,\xde\x92\x998\xafl\xc8\xde]\x13\xeb\xdc\xbe^_\
\x85\x8fNI\x09\x11\xd4&\x00i\xa8\xc2}rQ\xce\
\xe5\xdc\xce\x05\xc8\x8c\xea\xcc\x1d\x9e\xd6R\x5c\x81()\
!@3\x80\xcc\xad\xcf\x1cT\xe5F\x1e\x9b\xf6\xd0k\
J\x85\xd2\x12\xa2(\x03 \x92G\xd9\xb6\xf5\xf0kJ\
\x84\xd2\x12\xf2\x7f@(\xc40B!\x86\x11\x0a1\x8c\
P\x88a\x84B\x0c#\x14b\x18\xa1\x10\xc3\x08\x85\x18\
F\xa9\xb5\xf6\xfa\xdcMb\x9d\xb82\xe12\xa5HI\
\x0a\xb1z\xfb(\xfb\xe1;\xc5.#\x10\xc2M\x96a\
\x94\xe4\x1a\xb2aA\x82\xd7\xb7\xdc\x1aw\x99\x17\xff0\
\x9d\x0f.Vh\xaa\xa8p\x94\xa4\x90\xa8-\xd4\xc6\xbc\
\x09\x97)E\xc2M\x96a\x84B\x0c#\x14b\x18\xa1\
\x10\xc3\x08\x85\x18F(\xc40B!\x86\x11\x0a1\x8c\
P\x88a\x84B\x0c#\x14b\x18\xa1\x10\xc3\x08\x85\x18\
F(\xc40B!\x86\x11\x0a1\x8cP\x88a\x84B\
\x0c#\x14b\x18\xa1\x10\xc3\x08\x85\x18F(\xc40B\
!\x86a\xe6\xa55\x9e\xd9U\x1e\xebO|\x1b\xc5\x93\
\xc0\xcc\x91'd9\xd0T\x1fwY\xd1\x94\x1e\xf7-\
\xfe\xd1\x17\xa5\xff\x81\x0d\xd0\x07\xea\xb4\xffr\xcf\xc5\xe2\
2p,YW\xf9\x16\xef\xbd6\x14\xd0'\x982\xc6\
\x09\x89ul\xdb\x08j\x0f\xc1\xcf/\xbf\x86\xf2\xbe\x95\
<\xbc\xe7\xa3\x80s&\x85QBbk\xb7?\x8dp\
\x00\x88\xd9\x16\xac_\x96`\xdet\x07\xbb@\xa3\x10]\
W\xf1\xaf\x9bQ\x0e\xf5\xc6p\xfd\x81\x8fIP\xcf$\
\x8f\xbc\xf1aA\x02\x0a\x809B\xd6n\xa9\x88I\xcd\
\x05`vK\x83\xc3\x9b/\xdf`\xcd\xc2`\xa6\x14\x1c\
9\x1f\xe3\x85_6\xf2Y\x7f\x04\xe0\x5crZ|\xa5\
)\x9b/cv\xea\x15\xd4~\x03\x98\xad\x14\xec\xfe^\
p2\x00:\x16%y\xe3\xa5\x1b\xd9\xabs,.\x1f\
\x18\xdc\x1cX\xd8$1F\x08\x22\x9d\x00+\x1f\x1b\xa2\
kI\xf0\x93m\xbe\xfax\x92\x15-\xa9L\xb6\xb5.\
\xf0\xc0<1F\x88\xa0*\x00\x1ak\x5cm\x99\xd3\xaa\
\xfc\x1d\x89\xa5\xc4\x98y\x0b\xc6\x08Q\xc89\x80\xd3\xff\
.\xc7\xf1\x82\xdf\xb59\x9e\xe2\xd4e\xff\xba4\x22\xea\
F\xe0\x81yb\x8e\x10\xc5\xfb\x80\x5c\xbfm\xf3\xea\xfe\
\xba\xc0\xf3^\xdd_\xc7\xc0\xa0\xff\xf1=[\xf6\x05\x1e\
\x98'v\xb1\x0b\xc8\x92\xbez\xa2\xcfnnkU\xb0\
\xecog+\x18\xb8o\xb3\xfc\xb1!\xaa+\x0a7\xf1\
F\x04.\xf4E\xf9\xd9;\xf5\xfc\xfc\xcf\xb5\x88(\x04\
\xb5/u\xb8\xfb\xb5\x82\x85<\x22\xe6\x1c\xf6\x02U\x9d\
\xdfmt\xbc\xd4G\xa0\x96j\x8a<W\xa6X{\xf7\
pw\xbf\xa6\xbc\x091f\x93\x05\xe08N%X\xa7\
\xf4%\xaa\x93)qk\xf4\xe5M\x8c\x19k\xc8S[\
c\xe5I\xfb\xa7\x0av\x01\xd1\xec\xc32\xbd\x11o\xd6\
\x5c\xa4\xba\x16\x89WMxY\xbf\x9c\x88\xa0\x1e\xdcG\
\xdd\xbb\x83u\xed\x0a\xea\xf3\xff\x8c~6-\x8a_\x0c\
\xd5\xc5\x7fd\xc2\xc9a\xd1\x85\x94\xafyq\xb1\xb2\xbc\
?\x02\xcb\xfd\x07b8m]\xb8\xcbV!\xd3\xa6\x07\
\x92\xa9\x06na\x9f\xed!r\xfc\x10\xa4\xfcs\x1e\x05\
\xa7<q\xbf9t\xf4\xb7\xe7\x03\x09\xcd\xb7\xb6b\x86\
G\xd7lk\xb5-\xf5\x17`&J\xe1\xb6\xb6\xe3t\
mB*\xe2Z\xf2Ub\x90\xc8\xc7\xefc\xf7\x1c\xf3\
\xf7\xf8\xd0\xe7YlJ}\xd2}ZK\x01c\xd5T\
\xac\xe0X\xc7\xd6y`\x1f\x07\x1a\xb0#\xa4\xbf\xf6<\
\xee\xb2UE\xa9\xc5>{\x82\xe8\xc1\xb7\xc1u\x00n\
b\xb1:\xf9I\xf7\xe5\xa2\xd4R\x8cP\x9e\xda\x1a\x8b\
8\xf6A`\x01\xb6Mj\xcb\x0e\xbc\x05\xba\x0e\xac\xbe\
\x88\xcc\x98\x85\xd72\x1f\xfb\xecI\x10\xa9\x04\xd69\x0b\
[\xdf\xe4\xd2IGw-E9\xca\x8a%\xec\x1f\x00\
m\x00\xe9\x8d_\xc7k\x9eW\x8c2\x1e\xc2k\x9eO\
z\xf3s\xfe\x1d\xe1+\xb1!\xfb\xfb\xc5\xa8C\xfb\x1a\
R\xb1\xfa;-X\xea\xf7@\xd4]\xde\x86\xd3\xb5I\
w\x099\x91\x19\xb3Pw\xfa\xb1n\xf6\x01\xac\x89\xb6\
\xac\xf8\x9ds\xb5\xe7\x9e\xce\x1a\xb4\xaf!\x9e\xad^\x01\
\xe2\xd8\x11\x9c\xce\x8d\xba\xe3'\xc4Y\xbf\x19\x22Q\x80\
J!\xf2\xb2\xee|\xbdB\xdavF\x15\xbc\x00\xe0\xac\
\xea@j\x82o\xb3\x9a,RU\x8b\xbbru\xe6\x8e\
\xdaJ\xdb\xce\xe8\xf8\xaf(,Z\x85\xc4\x22\xce:P\
\x8d\x00\xde\xd2\x15:\xa3'\x85\xbbd\xb8\xb6\xa6XY\
\xbaSg\xb6\xe6M\x96\xdf\x11$\x95UxM9\xfe\
\x1c\xc7\x00\xbc\xd9s\x91\xca*\xff\x8e\xa8.\x9d\xd9Z\
\x85\x88\xe2\x09\x00ij\x9ez3\x88\x0e\x94B\x1ag\
\x03 \xa8/\xeb\x8c\xd6*D!3\x00$^\x9d{\
\x99\xfe[\x94\xed\xfd\x0d\xf6\x89#\xf9\xbd\xa9\xe7\x11=\
\xb0\x97\xe8\x81\xbd\xe0\x8d\x7f\x0d\xad,\xd1\x0f\xf6\x13\xfd\
\xd3[\x90N\xe5\x5cF*\xfd6G\xa5h\xcc\xaf\x90\
\xc2\xa0\xfb(\xab\x1e\x18\xd9\x1c\x8cA\xe4\xd0_\xb1\xae\
^\xc2>}<\xaf7T\x03\xb7\xb0{{\xb0{{\
P\x03\xe3_e\x0e\x00\xd7\xc1\xee9\x86}\xfe\x0c\x91\
\x9e\xa39\x17\x93\xaa\xe1\x1fM}^\x85\x14\x08\xddB\
\xfc+\xd8\xd99N\x7f\xd2)\xec\x8b\xff\x04\xc0[\xf8\
x~\xef(2\xf6\xed\x5c\xd8\x11\xbc\xf9\x8b\x01\xb0\xce\
\xf6\x8c\xb3\x5c\xa6F\xe1\x7f\xf7(k\x22\xac\xab\x97\xc0\
\xf5\x079\x04\xd9\xae\xe5.]\xe9\xe7\xdd\xb8\x86J<\
\x08,g*\x98%\xe4\x96\xdfO!\x15q\xa4.\xb8\
-\xc5\xf0\x11\x9e\x08\xaa\xfff`9S\xc1(!j\
\xe0s\x00dzS\xa09R;\x0d\xa2e\x99\xcc<\
\xf6;\x1a1K\xc8\x1d\xff\xcb\x91\xfa`:\xa6F\x82\
\x14^]\x83\x7f3\x14\x92\x1bug\x00\xc0\xef\xae\x0d\
\x9a\xcc\x91^6\xd3\x14\x8c\x12B\x22\x01\x8c\x7f\x9eR\
(\xb2\x19j(\x11x\xd6d0G\x88\x08*\x95\x19\
c\x10\x0f\xbe\x0bW*+\xfd\x1b\xa1\x90\x1c\xa4\x87@\
\xfc3m\x89j\xf8\xeb\xc1Hf\xa7\x9e4\xeb_\x14\
\x8c\x11\xa2R\xa3\xa6\xa8\xd9\x1a\xae\x80\x9e=\xf1K\x8f\
?5N7\xc6\x08\xc1\x1b5\xea=\xd7\x99|!\xc9\
J\x17}\xa3\xed\xf3\xc1\x1c!\xa3\x9b=4\x08\x91l\
F\x9e\x0d\x92\xba0G\xc8h\x09\x1a\xbe$\x95]#\
ul\x1e'\x819B\xa2\xa3\xda\xf0\x1c\x0d\x9b\x91L\
\x9bY\xa6\xff\xdc\x18\x8c\x11\x22\xa3\x7f\xa9\x9e\x0e!\x99\
!W\x91p\x0d\x19\x1b;2\xdc\x8b\xa8\xc6\xe98*\
\x18\x99\xa3+\xb1\xc35dl\x94\x1a\xf9\xb5&\x06\x83\
\x8f\xcb6\xbb\x97\x99\xf5w\xeb\xe6\x08\x01\xa42\xd3\x9c\
\xf1@\x87\x90\xc1\x872M\xc10!\x99~\xecA\x0d\
\x83\x053\x19\xa3\xbaj\x8d\xc0,!\xd5\x19!\xb7\x83\
o\x12\xcf\xf6\xbdPe\xd4\x04*\xc3\x844\xf8\x17\xfe\
\x19\xfe\xb2\x02B=\x18\x1cn\xe5\xf5\x1afN\xb0\xb4\
^\x8c\x12\xe25\xcd\x01\xfc>\x0au\xffN`9\xea\
\xda\xc8\xdf\xb6\xca\xcc9\x81\xe5L\x85\xa2\x1c\x84\xab\xdb\
\xfdX\x97/|\xf1\xf1\xa1\x91\x96W\xbb\xe7\x18^\xf3\
\xfc\x89\xdf\xeb\xeeH\x07\x93u\xfd\x0a\x92\xc7\xfe\xc7\xee\
=\x09\x80\xc4\xe2\xa8\x1b\xd7\xc6\x9c\xb5\xa4n\x17gb\
\xae\xd6\xe1\x83\xb1\xf6\xed\xbd(\x96\xe8\xcc|d\x84O\
\x93G\xbb\xb5\xcd&\xd2;r\xd1\xe2\xa0\xce\xbcB \
\xa8\xf7t\xe6\xe9\x1f`\xdb\xb5\xad\xbaV\x95\x9b\xd5^\
\x91\x83;2\xe4\xf0\xf1n\xad\x13vB\x0c\xe3\xbfQ\
\xa2T\x90\x8f\xbdBc\x00\x00\x00\x00IEND\xae\
B`\x82\
\x00\x00\x07\xa6\
\x89\
PNG\x0d\x0a\x1a\x0a\x00\x00\x00\x0dIHDR\x00\
\x00\x00 \x00\x00\x00 \x08\x06\x00\x00\x00szz\xf4\
\x00\x00\x00 cHRM\x00\x00z&\x00\x00\x80\x84\
\x00\x00\xfa\x00\x00\x00\x80\xe8\x00\x00u0\x00\x00\xea`\
\x00\x00:\x98\x00\x00\x17p\x9c\xbaQ<\x00\x00\x00\x06\
bKGD\x00\xff\x00\xff\x00\xff\xa0\xbd\xa7\x93\x00\x00\
\x06\x99IDATX\xc3\xed\x96ml\x96W\x1d\xc6\
\x7f\xffs\xdf\xcf\xf3\xf4y\xda\xae\xa5\xbc\xd4\x16\x1dT\
\xa00\x90\x17\xd9p \x03\x06\x1dK$~\x80H\xc6\
\xb0\xb8\xf8\x85\x18? \x99\x1f\x8cK\xfc\xb4%\xce\x98\
e\x1a\x89S$!\xd3\xa9(dYU\x10\xa6\xc3L\
H\x157\x97e+\x05yi)e0\x06\xeb\xcbC\
\xdb\xfb\xb9\xdf\xce\xf9\xfb\xa1\xbc\xa4\xb4\xa5\xdfuWr\
\x7f\xb9\xcf\xf9\xdf\xe7:\xd7u\x9d\xff\xb9\xe1\x13\xfc\xbf\
C\xee~\xb1\xee\xfb\x03DA,e\x15\xb9\x0d\x22\xac\
\x04t\x8c2UEt\xe2\xef+@\x14\x86\xd2\xdf\xd7\
w\x04\x91\xe3\xed?\x9e5b\x82\x7fwE\x14F\xe4\
\x0by\xe9\xeb\xef[\x09\xec\x10\x91\xc2]$D\x9d5\
\xd5\x05\xb1Yo\x82\xcd\xa93\x00i\x9a\x06\xce\xa6\xdd\
\x82;>\xa1\x02\x00\xab\x9f\xed%\x8c\xa2\xda\x9a\xea\x8a\
W\x15Ya\x1d\xf6\xd6\x98\xb5VJ\x03\x1f\xf3\x9d\x0d\
\xd9xN\xad\x97q\xe3\xc8\x10'\x09\x83\x83\x83\x9e\x82\
\x89R\xf3\xcas\x87\xcb\xb7\xcf\x9e\x92D\xbfzz\x02\
\x05\x00\x0a\xe5y\x0a\x15\x85\xe9\xf9\x8c6F\x09\x06\xc1\
\xdc\xd1T1F\xdc\xe4\x0a\xf1\xa6U\x99q\x09\x04\x81\
%7,\x9cz\x9e\xb6\xbe\xf4d1Z\xb2p\xe1\xa8\
y\xa3\x08,\x7f\xaeH!\x07q\xaa\xab\x81\xa9\xd6\x8d\
c\xae\xdeyF\x8f)q\x92\xa2\x0a\x02\xbd\xa8\xbc\xe3\
{c\xfb\xe5\x03<\xfeB\x88B\xc6\x13]`\x84\xfb\
J\x11\xd9\x5c\x86M\xe3-~K\x8ba\x07G3p\
\xcea\xd3\xf4\xa6\xc9r\xce\xf3\xccy\x1dG)\x03\xe0\
\x1b%ctM>\xcb\xa1\x5c\x86?\x97ei\x01\x1e\
\x89\xd3\xb1J\x04\xa3\x91Tu\xed\xf6\xf3\xe7\xf6\x22.\
\x1e\xb1s\x11\xb06\xc5\xa9\xc3\x08\x18\x91w\xde<t\
\xb0?\x9b\xcb\x8e\xad\xc0\xfa\x17B\x0a9%JxP\
\xa1>\x8c\xefH<\x1e\x8c&\xe4{\xfenr\x83\x01\
\xa5O\x7f\x19\xf2\xb5\xf4\xf7\xf7\xd1\xd9\xd9\xc5\xcc\xb9K\
\x18\x18R\xc2\xd0'u\xea\xca2r\xa2q\xe5\x06f\
54\x8cM\xc0\xa0\x1c;\x89\xac\x98G\xa3\xba{/\
<R\x08s\xfb\x10\x891\x9c?\x7f\x8e\x7f\xbdw\x81\
\x83W\x96Q\x8c\xcbQ\xb5\x84\xd1P\xef\xb4\x8a\xf4\xa4\
u2\xeeg\x0c\xc0\xfc\xfb)\x18a\x96u\xc3\xfe9\
\xe7P\xbdG\x00\xd4I\x1a8\x88\x8a\x14\xba_\xc6\x0d\
~\x80M\x1d\x8b\x97~\x81\xebA\x86\xebC\x1e\xd7\x06\
=\xfa\x02\xceE\x89\xe9r:~\xc3\xf0\x01\xb2>5\
\x08\xd3\xad\xb3\xc4q8\x1c/\x11r\xd9<\x22#\xd9\
\x0b\x10\xb92\xf6\x16\xbf!\x15C\x01\x0c\xe6\x19:c\
X2c.\xb3\xeb\xf3\x98\x8e\xe1`:\x97\xe0\x8b{\
\xeb\xe5}q\xff\xb6-\xb9{\x130B}\x922\xd5\
\xa9\xe0y\xfe\xcd|\x0b2\xa6rJLV[\xa3\xd5\
\xd8\xd8\x13\x86 \xba\x12s#J\xd2H\xd5\x0e\x95J\
~\x9a\x08\xa8\x15\xc4\x5cX\xf7\xa5\x1c\x17{' \x00\
\x94\xacr\x19\x8c\xcbdr\xb7R`\x80J`\x94~\
\xaah\xea4\xf5=\x9b\x15R\xd48\xde\xbdR\xe6\xba\
\x82J\x9b\xda\xe1\xf6\xabx^)\xb6\xab\xc1\xdbc\x8c\
\x0b\xc6' \x8aS\xdaq\xb2QD&\x81\xa8\x9a\x8c\
C5#.~\x1ext\xa4\x07\x02\xea\xc8\x0fu\xc8\
}\xd1\x7f\xc8$=X\xf5\x89L\xd5\x05\x1b5\xee\x0e\
*\x17\x9f\x15\xb5r\xd3\xc5\xee\xb2\x8c_J\x9d\x1do\
\xfd\x91w\xc1\xb6Mk\x91\xb8?\xeb\xcaj\xa7:/\
o\xfa\x1e\xda\xfb\xa2z\xf9\xcdw\x8e\x86\xe0\xd2\x12r\
\xb1\x85\xaa\xe2q\x8c\x0d\xd0\x9bc\xc6\x18\x87\xba\xb60\
\x18xf\xce\x8a\x8d\x87\xdf?\xf2\x0b^?\xf6o&\
\x82\x00l\xd9\xb2\x15\xe7T<\xdf[\xed\x9c\xdb\xa1\xaa\
\x8b\x01\xb1U\xf3k\xa2\xba\x0d\x93\xd2\xca\xf9\xc3;G\
\xc8^\x7f\x93\xf2K\xfb\xc0%L\xab\xad\xa5\xa1a&\
A\xa9\xc4\xf9s\xe7\x09\x82\x80\xb0T\xea(\x05\x03_\
\xf9K\xeb\x9c\xf7J\xcf\xb7\xdc\x8f\x8885\xdd\x22\xaa\
\x85o]\x1em\xc1W\xb76c\x01\xcf\xb0VU\xf7\
\xd6\xd4\xd4\xccx\xe0\x81y\x88\x18\xce\x9c9\xcd\xb5\x8e\
\xdd\x14\xeb\xb7\x90\xd4,\xc3\xa4\x03T~|\x0c\xb5\x11\
\xb3\xe74\xd2\xdc\xbc\x95B\xa1\x1cc\x84S\xa7N\xb3\
\x7f\xff\x01\xc20\x9a\xb5\xf0S\xc1\x0f\x8f\xeci9\x18\
\x17\xf9\xbaZ5\x06\xbb\x0d\xa1}\xcc\x0c8U\x04\xca\
U\xf5\xe9\xc9S&\xcfx\xea\xa9\xafQSS\x83\xb5\
\x8e\xe5\xcb\x1f\xe67\xbf~\x85\x1b]-\xae'\x9a\xd2\
[\xe6\xfaLM\xe9\xea$\xcf\xcf\xc8\x9a5\xabHS\
KK\xcb\x1f\xc8f\xb345\xad\xa3qn#\xad\xad\
'0\xa2\x8f\xc7\xce{\xcc\xcbY\xa3\x0e\xb5!\xab\xc4\
\xd0^\xdaUG~\xc7\x87#\x08\x18D@\xa4\xde\xa9\
~~\xe1\xc2ETWO\xe2\xe0\xa1\xc3\xfc\xee\xf7\xfb\
\x89\xa2\x88E\x8b\x97\x90\x09/G\x85K\x07vL\x1e\
\xfc\xe77\x8dF\xa1\xe7\x19***\xe8\xe9\xed\xe5\xc3\
\xab\x1f\xd1\xd1\xd1\xc9\xc0\xc0\x00\x85B9\xd6Z\xa2\x14\
\x92HMt\xcd!>\x22\x86okJ3N\xcaK\
?\xa9\xbb\x8b\xc00<\xc0\xcf\xe5\xb2\xc4qLOO\
\x0f\x1f]\xbdJ\xb1X\xc4\xf3|\x9cM\x5cy\xf1\xc4\
\x07\x93\x92\xd3o\x0b\x5c\x8f\xe3\x84\xf6\xf6S\xcc\x9c9\
\x83\x07\x97.\xa1\xa9i-N\x1d\x9d\x1d\x1d$QH\
_\xe0\xb7\xe6r\x1c\xc8\xd5\x1a\xc5\x09\xea\x98\x83\xb0\x07\
\xd1\xbd\xc0\xb2\xd2\xae:S\xdaUw\x8b\x80\x02zU\
D\xce\xb6\xb7\x9f\x02`\xd5\xaaGX\xbf~=U\xd5\
\xd5\xb4\xb5\xb5\x11G\xd1E\x11s!\x9f/t\x03\xaf\
\x03\xb4\xb6\xfe\x83\xa3o\xfc\x8d\xba\xfaz\x00\xfe\xf4\xc7\
\x83tvt`\xd3\xa4\xd4\xd1[x13\x90\xee\xb5\
\x01i:\xa4\xb7n\xec<\xf0\x04\xf0\x1a\xca\xf7p\xd4\
\x87-\xd3\x91'\xb76c\xad\xc5\x18\xd3\x0c\xfc\xac\xa1\
af\xe5\x82\x05\x9fC\xd5q\xb2\xed$m\xef\xb7E\
q\x1c=\xf3\xc6\xd1\xbf\xfeh\xf3\xe6'0\xc6,p\
\xaa\xbf5\x22\x8b\x8c1\xe4\xca\xca\x88\xe3\x98\x1b\xfd\xfd\
\x84ahEd\xcf\xd1w\xe7\xed\x8c\x9e}\xf51\xa7\
\xb4\x00\x991\xb2\xe7\x5c\xa4o%E\xb7S\x006n\
\xdc\x04HVU\xb7\xab\xeaN\xe03\xd6Z\xe2(\xba\
\xe2\x9c\xfb\xb9\x97\xf1\x7f\xaa\xaa\x01\xaad\xfc\x1c\xd6%\
KE\xe4\xbb \xeb\x9cs\x95\xd6Z\xa7\xce]\x12\x91\
_\xfa\xbe\xff\xd2\x0f\x1e>\xdb7\xb7*\xf8\xa2\xb3\xbc\
\x86R3\xc6_\x8b\xb8PK.\xd1\xed\xb7\x1b\xd1\xa3\
k\x9bPU\xe3\x1b\xef~U\xf7YU\xc5\xf3\xfc\xae\
\xb2|\xae\xcbZ\xe7\x0e\x1f>t\xbbz\xdd\xda&\x04\
\x0a\x884\xaaj\xad\x88$\xbe\xe7u\xfa\xd9L\xb7:\
u\xfb\x96\xbd\x0d\x90S\xcbC\xa22u\xac\xfe\xa3h\
\xaf\xc90q\xa7\xfa\x04\xff\xf3\xf8/\x8d\x0d\x5c\xfc\x97\
\xfbb/\x00\x00\x00%tEXtdate:\
create\x002026-02-1\
4T06:29:43+00:00\
\xe8p\xe4\xf6\x00\x00\x00%tEXtdate\
:modify\x002026-02-\
14T06:29:43+00:0\
0\x99-\x5cJ\x00\x00\x00(tEXtdat\
e:timestamp\x002026\
-02-16T04:13:19+\
00:00K\x94J_\x00\x00\x00\x00IEN\
D\xaeB`\x82\
\x00\x00\x12Z\
\x89\
PNG\x0d\x0a\x1a\x0a\x00\x00\x00\x0dIHDR\x00\
\x00\x00d\x00\x00\x00d\x08\x06\x00\x00\x00p\xe2\x95T\
\x00\x00\x00\x06bKGD\x00\xff\x00\xff\x00\xff\xa0\xbd\
\xa7\x93\x00\x00\x12\x0fIDATx\x9c\xed\x9dyt\
\x1c\xc5\x99\xc0\x7fU\xdd3\xa3\xfb\xb0N\xcb\x07>\xc1\
6`,\x1b|q;\x0e\xe10\x81d\xe3\xc5/\x9b\
%\x01\x87\x90@6\xbc\xdd}/\xc9\xb2y\x9b\x90\x0d\
9v_^\x92G\xb2$\x80\xb1\x93\xb0\x84\x84,\xb0\
\x09`\x12s\xd8\xc4\x96m\xe1\x0b|\xc9\x96d\x09Y\
\x92u\xcb\xf2\xe8\x98\x99\xee\xae\xda?Z\x1eI\xb6e\
K\xa3\x99\xd1x3\xbf\xf7\xf44\xd3]U\xfdM}\
\xddu|\xf5\xd5\xd7\x90$I\x92$I\x92$I\x92\
$\xfa\x88\xf1\x16 \xcc\xb5\xf7gzm=E &\
\x0b!&\xa2\x85OH\x95\x86\x16>-t:Zx\
5\xda\x14\x08\x1b@@'\x80\xd2\xa2[B\xb36t\
\x8bR\xa2\xd5\xa7B-\xfe\xf2_\xb5\x8f\xef\x8f\x89\x9c\
x+D\xf8\x96\xad\x9d)\xb5^\xa8\x05\xa5hq\x15\
p\x090\x05\xc8\x8c\xe2u\xfc\x1aQ)\xd0\x95\x08}\
ThyPc\xef\x0c\xec\xd8P\x1b\xc5k\xc4\x84\x98\
+$m\xd9\xdaR\xa5\xb9\x03\xcdG\x11,\x00\xb2b\
}\xcd\xf3\xd0,\x04;Plu\xa4\xf1jh\xfbS\
\x15\xe3(\xcb9\x89\xbeBV\xaf6|\xf5Y\x1f\x15\
\x8a\xbb\x11\xdc\x01L>_r\x9d\x9a\x06\x99\xd9\xe8\x8c\
ltV\x0e:3\x1b\x9d\x96\x0e\xbe\x14\xb44\xc1\xe3\
\x01\xd3\x04\xd3\x03R\x82RnF\xa5 \x14D\x04\x02\
\x10\xecu\xff\xf7\xf8\x11\xfe\x93\x08\x7f\x17\xa2\xab\x03\xd1\
\xdbs!i\xab4\xfc\xd1@=\xd7\xbbc\xfd\x9e\xa8\
\xfc\xfe1\x125\x85d.\xbe7\xcf\x12\xde\x87\x10\xfa\
\x01\xdc&\xe8\x8c+\x09tN>\xaax\x12\xba\xb0\x04\
UT\x82*\x9a\x04\xbe\x94h\x89p\xf6%\xfbz\x11\
\xed\xcd\x88\xb6\x16d\xd3qdC\x1d\xa2\xb3u\xb8\xe4\
;\x81'\x03\xb9i/\xb0\xf1\x89`\xcc\x84\xba\x00c\
W\xc8\xfc\xbfOOI\xf3~\x1dx\x843\xfb\x01o\
\x0a\xce\xb4\xd9\xa8YsP\xd3\xe7\xb8O\xc38#\xfa\
z\x91\xb5G\x91\xd5\x15\xc8\x9a\xa3\x88`\xdf\x99Ij\
\x05\xe2\xeb};\x9e\xf9\x1d\xa0\xe3.\xdfX2\xfb\x96\
\xdc\x7f\x8b\x10\xe2)\xdc\x8e\xb9\xbfD\x81\x9a~\x19v\
\xe9R\xd4\xd4\x99`\x98c\x951v8\x0eF\xf5!\
\x8c\x0f\xdeC~X\x05zp\xfd\xeb2\xa4\xf8t\xa0\
l\xdd\x87\xf1\x14)b\x85\xa4.]\xfbU\x0d\xdf\x03\
$\x00\x1e\x0f\xf6\xfc%8\xa5\xcb\xd09\x13\xa2%_\
\xdc\x10m\xcd\x98\xdb6aT\x1d\x1a\xac\x98V$\x9f\
\x0a\x94\xad{7nrD\x92)u\xc9\xe7\xbf\xae\x85\
\xfe\xde\xe9\xefj\xd6\x5c\xac\x15\x1fGg\xe5\x8c\xac\x00\
\xad\xf0\xbe\xf2kD}\x5co\xbe\x11!BA\xd0j\
\xf0!\x078\x15aq\x87\x02:p;;\xff{\xc4\
\xf9G\xdd\x9e\xa4,_{\x83V\xfa\xbb\x00\x08\x81}\
\xd3\xed\xd8\x8b\xae\x1bU\x19\xa2\xdb\x8f\xacN\xb8\x11\xe7\
p\x18@n\x84y\xaf\xf5\x91\xba$\x08\x9bF\x9aa\
\xf4\x0d\xbc\xe2\x07\xf4?Y\x91(\xc3e\xa0\xad\xce\xcb\
t\x98\x9aoGPF\xe2\xd2\xd2e\xd0\xd0\xd1_\xb5\
R\x1b\xa3\xc9;*\x85\xa4^\xf7\x85\xa9\xdav\x96\x02\
\xa8\xc2\x92\x08\x951\x94U\xa5\xbd<\xf9\xc0\xb0C\xd1\
\x8b\x92\x1f\xbf\x96\xcd\xa3/\xe4E\x94W\x8e&\xb1\xb6\
\xd5\x8c\xd3\x9f\xd5%\xb3\x22\xba`\x92\xf33:\x85\x08\
\x1d\x9e\xc5\x09\xff\xc9\xe8K3\x88\xd6S\x06{k|\
\xb4\x9e:\xff\x13_\xd3b\xb2\xaf\xd6KOp\xf8\xf1\
\x89Rp\xb0\xde\xcb\xfe:/\xb6\x1a>]_H\xf0\
\xfe\x87>\xaa\x9a<\xe7\xbdfG\xb7do\x8d\x8f\xa6\
\x93\xd1\x1f\xd2G\x5c\xa2Qy\x08\xbb\xbd\x19\x9dW\x14\
My\xe8\x09\x0a\x1e}>\x9fu\x9b3Q\xca\xb5\x96\
\xdcw\xd3)\xbe\xf7\xe9\x0e2|\x03\xa3\x9f\xba6\x93\
/>S\xc0\xe6\x83\xa9\x00\xa4\xf94\xdfZ\xdd\xce\xc3\
\xb7\x9cB\x0c\xaa\xf3\xb2#)<\xf8t\x01\xd5\xcdn\
%O\x9a`\xf3\xb3\xb5m\xdc2\xbfw\xc8u7l\
\xc9\xe4_\x9e\xcf\xa3\xab\xd7\xbdG\x17\xcf\x0a\xf0\xd4\x83\
\xad\x5cZl\x85\xd3\x04,\xc1c\xbf\xcf\xe5\xa7o\xe4\
\xe0(\x10\x02\xd6,\xf7\xf3\xc3{\xdb\xc9I\x1b22\
\x8b\x98Q=!Cpl\xbc\xaf\xbe\x80\xe8\xf6GE\
\x90\xd3<\xb2\xa1\x80\xa7\xdf\xce\x1cb\xb2Z\xf7v\x16\
\x8f\xac\x1fh\x93\x83\xb6\xe0\x93?,\x0e+\x03\xa07\
(\xf8\xeas\xf9<\xf3\xce\x80\xb1\xa0\xa6\xc5\xe4\xee\xff\
,\x0e+\x03\xa0\xa1\xc3\xe4S?,b\xcf1_\xf8\
\xd8\xefwd\xf0\xd03\x05ae\x00\x94W\xa5p\xfb\
wK89\xe8\xd87^\xc8\xe3'\xaf\xbb\xca\x00w\
\xba\xf2\x9bm\x99\xac}\xb20j\xbf?r\x85\x00\xa2\
\xb5\x09\xefo\x9eD6Dg>q\xa8\xde\xcb\xf3[\
3\x00\xd09\xa9\xd8\x9f(E\xe7\xba\xe6\x96\xdfl\xcb\
\xe4`\xbd\x17\x80\xe7\xde\xcd\xe4P\xffg=\xa3\x00g\
\xd5|\xf0\xb8M\xdbc/\xe6\x85\x9b\xa5\xc7_\x9e@\
w\xd0\xfd\x89j\xf14\x9c\xeb\xdd~\xcfV\x82\xc7_\
\x1e\x18\xc9\xfe\xdb\xef\xfa?K\x81s\xdb\x15\xa89\xc5\
\x004v\x1a<\xf3\x96k\x9cn\xe80\xf9\xf9\x9b\xee\
g\x9d\xe1\xc3\xbe\xbb\x14]\xe0*\x7f\xe3\xbe4\xca\x8e\
D\xc7&\x17\xb9B\xfa\xdb\x05\xd1\xd5\x89\xf7\x85_\xe0\
\xd9\xf42\xc2\xdf5&a\x8e4z\xc3\x9f\x9d{\xae\
\xc6\xfe\xc2\xf5\xd8k\xae\x09\x1f;t\xdc\xdb\x9fn\xe0\
\x8e\xb7\x1eY\x81\xf5\xf0M8\xcb\xdc\xf1FG\xb7\xa4\
\xf9\xa4\xab\x9c\xc3\x0d\xfd\xe9|&\xa1o\xde\x89\xf5\xe8\
\xed\xe8<W\xe1\xa7\x15\x1a\xb0\x04\xb5\xadn:5\x7f\
2\xd6WV`}\xed\xd6p\xf9\xa7\xcb8r\xc2\x13\
~j\x9d\xbb\x16`?x=\xf6g\x97\x0d\xc86H\
\xf6\xb1\x10q\x1fb\xaf^\x88\xaciG\xbeW\x0bZ\
c\xbc_\x8eq`\x0f\xce\xbcR\x9c\xd2\xa5\xa8\xc2\x92\
Q\x97Y\x94=0\x1f\x91[*\x91%\xb9\x18\xef\x1c\
\x0d\x1f\x9b8\xc1=_\x98\xed\x84\x8f\x19\x7f\xfc\x00\xb1\
t\x06r\x7f#\x00>S3!\xc3=?1\xdbf\
/>\x08\xda\x98/\xedE\xa7z\x10\x9d\xaeI~b\
\xae\x1dN\x9f\x93\xeep\xb2\xc7@V6cl\xa9D\
\x1ej\x0c\x97_\x9c\xad\xfae\x1bt\xcdm\xd5\xa8K\
\x8b0\xde<<(]t\xe6R\x91?!\x99\xa9\x84\
\x1e\xbb\x13\xeb\x1fW\xa2s\xfa\xdbr\xc7\xc6\xd8\xff\x1e\
\xde_=\x81o\xc3O0\xcb\xdfE\xb4\xb7\x8c\xb8\xc8\
%\xb3\x03,\x9a\xe1Z\xbeeE\x13\xdeo\xfe\x01Y\
q\x02\x80\xd2\xe9A\x96\xcev\xcf\xfd\xdd\xf5~r\xd2\
\xdd\x0a2\xde<\x8c\xe7;\xaf\x85+\xfa\xbe\x9bN\x91\
\xeau'\x9e_\x1c\xd4\xc1\x9b\xeb\xb6\xe2\xf9\xe9;\xa0\
\xdcs_\xfa\xa8k\xcd\x10\x02\x1e\xea\xffLO\x08\xcf\
\xf77b\xfc\xe1}\x00R\xbd\x9a\xfbnv\xcf]>\
9\xc4\xcd\x97\xbb\x96aQ\xdb\xe6\xca\xb6\xef8\x00\x97\
M\x0c\xb1\xf2\xca\xb3\xac\xc6\x111\xa6>\x04!pn\
\x99G\xf0\xd9\xcfb\xaf\xbd\x16\x9d\x9b>p\xaa\xad\x09\
\xf3\xdd\x8d\xf8\xd6\xff\x08\xdfS?\xc0\xb3\xe9e\x8c\x83\
{\x10\x1d\xad\xc3\x1a\xb5\x0d\x09\x1b\x1ej\xe1\x8a)\xa1\
!\xc7\xe7M\x0e\xb1\xe1K-\x98\xd2\xcd81\xc7\xe1\
\x97\x0f\xb7\x92\x9f\xe9\x0cIw\xfb\x82\x1e\xbe\xbd\xa63\
\xfc}\xe5\x95}<~O;\xdeA\xed\x80!\xe1\xab\
\x1f?\xc9\xeae\xdd\xe1c_\xbb\xfb$k\x96w\x0f\
.\x8a\xec4\xc5\xd3\x0f\xb60k\xd0(\xeb\xa9/\xb4\
r\xf5\x8c\xa1K%3\x8b,~\xf9\xe5\x16R<\xd1\
\xb1\xd4\x8f\xca\xb8\xe8[\xb6\xf6V\xa1\xd9\x08`\xaf\xbd\
\x0e\xfbS\x0b\x87&\x08\xd9\x18[\xab1\xde>\x8c\xdc\
{<|7\x9e\x85\xc7\x0b\x96[\xe9\x9f\xbd\xc1\x7f\xd6\
L=d\xc3k{28\xd6b2\xad\xc0b\xd5\xa2\
^|\xe6\xd9e\xb5\xfb\x0d\xfe\xb8'\x8d\xce\x1e\xc9\x82\
K\x06\xee\xe03\xa9j\xf2\xf0\xe7\x0fRQ\x1an\xbe\
<\xc0\xe5\x93C\xe7L\xb7\xfdh\x0a\xe5U)\xa4\xa7\
*V\x95\xf6R\x9csv3d+\xc1\xc6\xbdi\x1c\
=\xe1ar\x9e\xcd\x9d\x0b{H\xf3\x0d\x95m\xf0L\
]\x0bn\x0bn_\xf7\xc6\xb9+\xe2l\xa2;\xb3\xf1\
\x9a8+.\xc3Yq\x19\xa2\xa3\x07\xb9\xfd\x18\xc6\xee\
\x0f\x91\xfb\xea\xa1oP%X\xe7\xae\x90A\xc5\xf0\x89\
\xc5\xdd\xe7M\x03\xae\x1d\xecs7^x\xd8=\xab\xd8\
\x1ar\xa7\x0f\xc7\xb2K\x03,\xbb4p\xde4\xa6\xd4\
\xdc\xb9\xe8\x82K\xc3\x11\x13\xb3\xd5#=!\x1d\xe7\x8e\
+q\xee\xb8\x12l\x85\xaclF\x1ciFV6#\
\x8f4#\x1ab;\xd3\xbfX\x89\xcfr\x9e)Qs\
'\xc2\xdc\x898\x80h\xf5\xe3\xbbw=\x00\xb5m\x1e\
^*O?\x7f\xfe\x8b\x8c\x03\xf5\xbe\x0b'\x1a\x86q\
__\xddr(\x85-\x87b\xe7\xe8p\xb11\xb6Q\
V\x84\xe8\xecTtz\xe4w\xd1E\x84%\x1cqd\
4\x19\xc6\xe7\x09\xf1\x9a\x84~\xb4:<\x99Kd\x8c\
\xb2*\xe4\xee\xba\xd3_\x1fG\x8b\xba\xf3\xa5\x1f\x8c\x14\
\xce\xae\xde\xf2\xf55\xa3\xb9\xde\xb85Yz\xca\x04\x9c\
)\x89\xef\x0c!\x9a\xba\xc2\x0a\x91\xa8\x97zw\xc6\xd6\
\xa1n\x5c\x9a\xac$\xc3\x93TH\x82\x91TH\x821\
\xee\xc3\xdes!\x0f4\x22w}x\x86'\xe10x\
\x0d\x9c\x8f]\x8e\xce\xcf\x88\xbd`q r\x85\x0cg\
\xa7\x1a+!\x1b\xef7^\x81\xe0\xc8\xcd\xd9\xf2h3\
\xa1\xc7>\x1e\x1by\xec\xe8,\xcd\x8e\x94\x88\x9b,Q\
5r\xb3\xfa\xa80\x0dt\xe1\xe8\xb6\x90\xa8\x92H\xfd\
\xd8.\x8c\xacl\x8eY\xd9\xe7\x22r'\x87\xb2*\x9c\
\x8a\xa6\xf0rg\xd4\x90\x82\xe0\x13k\x90\xc7;F\xe4\
{\xae\xbd\x06zjl\x86\xcfrg\x0d\xf2@|\xe7\
J\x917Y\x8e\xc6\xf3\xedW\xb1\xbes7jF~\
\x14E\x02|&jV\xf4\x1c\x07\x22A\xee\xaf\xc7\xfb\
\x1f\x7f\x8a\xffu\xc7\x92Yt\xf6\xe2\xfd\xe7\x171^\
?0\xb2\x0e\xf8b dc\xae\xdf\x86\xf7\xd1W\xa0\
\xf7\xfc\xcb\x04\xb1 \xf2'\xc4\xeb\x83P\x10\x02\x16\x9e\
'\xde\xc6\xf8\xd3\x01\xec{\x97\xa3\x16Na\x88c\xd4\
\xc5\x82\xd2\x18e\xd5\x98\xcfnC\x9c\x18\xe4\xac\xe1M\
\x81\xd0\xf9\xd7H\xa2I\xe4N\x0eKo\x86\xbe^\xcc\
]\x7f\x01\xad\x91G[\xf0~\xe3\x15\xf4\xe4\x5c\xec\xbb\
\xae\xc2Y9\x17R\xce\xef\x01\x98\x08\x88\xee \xc6\x1b\
\x070^\xdd\x8fh\x1e\xb4k\xc0\xf4`\xddp+\xc2\
\xdf\x85\xf9^\xdc\xb6\x87\x8c\xe1\x09\x11\x12\xfb\xc6\xdbP\
\xb3\xaf\xc0|\xeb\x7f\x91\xcd\x0d\xee\xe1\xfaN<?\xdb\
\x8cg\xdd6\x9c\x85SQ\x8b\xa7\xa1\x16O\x1b\xb2\xde\
>\xde\x88V?\xb2\xbc\x16cg\x0d\xf2\xfdzw\xcd\
x\x10j\xc6\x1c\xac\x15w\xa2s&`\xbe\xbb1\xae\
\xb2\x8dyb\xa8J\xa6\x10\xfa\xcc\xc3\xc8c\x15\x98;\
7#\x1b\xfb\x8d\xa1\x01\x0b\xa3\xac\x1a\xa3\xac\x1a\xa4@\
\xcd*@\xcf+A\xcd*@\xcd*BO\xc9\x05\x19\
\x87\xa6\xcdV\xc8\xba\x0eDe3\xb2\xaa\x15y\xb0\x11\
Q\xd3vv\xba\xd3[\xf1\x96\xae@\x95\x9c\xbdg5\
^Dg\xa6.\x04j\xe6\x5cB3\xe7\xba\xde&\xfb\
w!\xab\x0e!\xba\xfa=@\x94\xdb\xa4q\xb4\x85\xb0\
\xebt\x8a\x075-\x1f=)\x1b\x9d\x9f\x89.\xc8@\
\x17d\xa2\x0b3 7\x1d\xed1 m\x04\xceg=\
!\x84\xe5 \xda\xbb\xa1\xad\x1b\xd1r\x0a\xd1\xd6\x83h\
\xf1#\x1a;\x915\x1d`\x0d?\xc9\xd4yE8\xb3\
\xe7\xe1\x5cy\x0d:;v\xf3\x99\x91\x12u\xd3\x89\xce\
/\xc6\xbay\x15\xdc\xbc\x0a\xd1\xd6\x8cq\xac\xc2\xdd\xf1\
\xdaX7t\xabX\xc0r}\xae\xfa\xfd\xae\x86\xc5c\
\xa0}\xa6\xdb\x1fy\x0cw\x06\x1f\xb2\x11\x01+\xb2Y\
\xb4a\xa0\xa6\xcc\xc0\x991\x075cN\xc2\xed\x87\x8c\
\xa9-K\xe7\x17a\xe7\x17\xc1\xe2\x1b\xc1\xb1\x11\x9d\x1d\
\xc8\x96zdS\x03\xa2\xb9\x01\xd9\xd4\x00\xce\x05L$\
\x96\x83\xb0\x1c\xe8\x8e`\xeb\xb84\xd0\xb9\xf9\xa8\xe2\x12\
T\xe1$t\xf1$wo\xbc\x99\xb8\x83\x8d\xf8\x19\x17\
\x0d\x13\x9d_\x88\x93_\x883\xaf\xdf\x9fK9\x88n\
\xbf\x1by\xc1\x7f\x12\xd1}\xca\xf5\x0f\xee\xe9F\xd8!\
\xb0,\xb0m\xb0-\x84\x15\x02\xe5\x80i\xa2\x0d\x0fx\
|`H\xb4\xd7\x07\xa6\x17\x9d\x91\x81\xce\xc8\x86\xac\x1c\
tz\x16:+\x1b\x9d\x9e\x01\xe2\xe22h\x8f\xaf\xb5\
W\x1an8\x8d\xac\x1c\x06ou\xffk\xe6\xe2\xba}\
\xfe\x0aH*$\xc1H*$\xc1H*$\xc1H*\
$\xc1H*$\xc1HH'\x07s\xfb[\xc8\xaa\xc3\
\x17N\x08`H\xece+Q\xd3/\x8d\xadPq\x22\
r\x85\xd8\x17\xdeo\x11\x11\x96\x85\xb9\xed\xcdQe1\
wn!\x14#\x85\x08+F\xbfs\x18\x22n\xb2\xe4\
\xf1c\xd1\x94c\x00\x8f\x07g\xc1Rtj:\xda\x97\
z\xe1\xbf\xccl\x9c\x05Kb#\x8b\xd6\xc8\xe3\xd5\xb1\
){\x18\x22~Bd]5\xc6\xe1}8s\x17D\
S\x1e\x00\xac\x95w\xc1\xca\xbb\xa2^\xeeh1wo\
E\xb4\xc5\xc8\xbbf\x18\xc6\xd4\xa9{\xde\xf8\x1f\x8c\x8a\
\xf7\xa3%KBa\xec)\xc3\xdc\x12\xdf\xc5)\x18k\
\xa7\xee\xd8x^}\x01Yw\x0c\xfb\x86\x8f\xa1S\xc6\
?\xc8\xe5X\x11';\xf0\xbc\xf92\xb2\xb6j\x5c\xae\
\x1f\xb1B\xf4\xa4\x9c\xf0>A\xe3\x83rd\xe5\x01\x9c\
\xab\xaf\xc3\x99\xbf$!\xa2\x8f\x8e\x16\xd1\xdd\x85\xb1w\
\x07\xe6\x9em\xae\x95\x19\xc0\x10\xe8\xe2\xec\xb8\xee\x87\x8c\
X!\xce\xadW\xa0\x0b20\x7f\xb6\x19\xe1\x0f \xfa\
z1\xff\xf2g\xcc\xb2\xb7q\xe6.p\xa39\x14M\
\x8a\xa6\xac\xd1Gkdc\x1d\xc6\xde2\x8c\xa3\x07]\
\xf3\xfe\xe9S\x13\xb3\xb1\xfei%\xb2\xbc\x16\xf3\xc5\xdd\
q\x13iLM\x96s\xe3\xa5\xa8\x05S0\x7f\xb9\x1d\
c\xd3!w\x05\xcf\xb11\x0e\xec\xc28\xb0\x0b\x9d\x95\
\x83\x9aq\x19\xce\xcc\xb9\x89\x132\xd6\x0aa\xd4V\x22\
\x8f\x1dA\x1e\xab@\xf4\x9c\xb1\xad:\xd5\x8b\xfd\xc9R\
\xec\xbf]\x04^\x13Y\x1e\xdfp\xf1c\xae!\x9d\x9d\
\x8a\xf5\x95\x15\xd8\xf7\x5c\x8d\xf9\xd2^\xe4[\x15\x88\x1e\
wuO\x9c:\x89\xb1o'\xc6\xbe\x9d\xe0\xf1\x0cZ\
\xb5+A\x15NF\xe7\xe5\xc7v\x01I9\xc8\xf6\x16\
DS=\xb2\xb9\xd1]\xa5li\x04\xc79+\xa9\x9e\
\x90\x86s\xdb\x958w]\x85\xce\x1c\xbfM\xa8Q\xbb\
euQ\x16\xd6\x97n\x84\xfb\xaf\xc5\xd8Z\x89\xdcQ\
\x83\xb1\xbbn `\x80e!\x1bj\xa1\xa1v\xc0\xd1\
\xc1\xf4\xa0\xb3'\xa03\xb3\xd0\x999\xee\xff\xac\x5ct\
z&H\x03RR\xd0\x86\x01\xa6\xd7]v\xf5\x98\x03\
\xab\x88\xa1 B+\x08\xf4\x81\xe3 \xba\xbb\x10\xfeS\
\x03\xb1\xdf\xfb\xe3\xbf\x9f\xab\xf2\xc32g\xa7\xa0\xae\x9e\
\x86Z>\x13g\xf1t0\xc7\xdf\x92\x14\xfd6\xc4g\
\xe2|d.\xceG\xe6bY\x0er\x7f\x03\xc6{\xb5\
\xc8=u\x88\xfa\xce\xa1\xdb\x18l\xcb\x8d\xcd\xde\x1e'\
\x0fsS\xa2\xa6\xe7\xa3J\xa7\xa2\x96NG]V\x1c\
\x1fW\xa4Q\x10\xdbF\xddc\xa0\x16NE-\x9c\xea\
~\x0fX\xc8\xda6De+\xb2\xba\x15Q\xdd\x8ah\
=\x85\xe8\x8a\xb2\xab\xa6\x10\xe8\xdcTta6zV\
\x01jf\x81\xfb\xff\x92\xbcp\xa0\xb3D%\xbe\xbdl\
\x8a\x075g\x22\xccq#:\x84\x09\xd9\x88\xd6nD\
{\x0f\xa2\xd5\x8f\xe8\xec\x85\x90\x03A\x0b\x11\xb4\xc0r\
\xa0\xcf\x06\xdbq\x03\xa1\xf8\x0c\xb4\xaf\xdf-(\xcd\x03\
^\x13=!\x1d\x9d\xdf\xef\xdb\x95\x9b\x96\xf0\x15?\x1c\
\x090\xec\xc1\xad\xd0I9\xe8I#\x0cU\xfe\xff\x98\
\xf1\xef\xc5\x92\x0c!\xa9\x90\x04#\xa9\x90\x04#\xa9\x90\
\x04#\xa9\x90\x04#\xa9\x90\x04#1\x86\xbdg`\xbc\
\xb6\x1fc{5\x8cd\xb7\x81\xd7\xc0^sM\xf4\xb7\
g\x8f\x13\xa3R\x88\xd0\x22\x10\xde<\x1e\x8a\xd1KX\
\x826\x9e\xff\xda<\xaaH\x11f_\x88\xd0\x0f\xfe&\
&\xe2\x9c6\x94\x02\xd8R\xc6|[\xee\xa8\x9a,\xe1\
8\xe1\x15\x7f\xb9g\xc4q\xbcF\x87\xcft\xc3\x86\x8f\
t'\xaf\xc7\xc0\xb9!F.@\xb6r#\xaa\xf6\x7f\
\x0by}1\xb7\xc5\x8f\xda\xb2\x96\xb2dm\x19\x82e\
\x00\xd6WV\xe0\xdcvE\xf4\xa5J\x10\xcc_\xef\xc0\
|\xbe\xfc\xf4\xd7\xdf\x06v\xac[\x13\xebk\x8e\xbeS\
\xd7\xe2k\xf4\xb7\xee\x9e\x9f\xbe\x83\xf1\xfa\xfeh\xcb4\
\xfeh\x8d\xf9\xdc\xce\xc1\xca\x08jC\x7f3\x1e\x97\x1e\
\xb5\x05\xcen\xd8SgNYh\x01\x1fA\x83Q^\
\x8b\xac8\x81\x9aW\x02\x19\x17\x7f`Kq\xa2\x0b\xef\
w_\xc7\xd8\x14\xf6\x9cT\x02\xfd\x99\xc0\xf6g\xe3\xb2\
Y=\x22\x93\xa8]\xbfw\xabg\xd2\xa2 \x82\x15\x80\
\x10'\xba0\xdf8\x00}!\xf4\xe4\x5c\xb8\x08#\x8e\
\x8a\x16?\x9e\x0d\xdb\xf1\xfc\xf8mD\xe3i\xa7\x06\xd1\
\x87\xd0\x0f\x04v<\xfb|\xdc\xe4\x18Kf\xdf\xb2\x07\
>&\xb4z\x9a\xc1/#6\x04\xce\xf2Y8\xab\xe6\
\xa3\xae(I\xb8\x05\xa0!\xd8\x0a\xb9\xab\x16c\xd3a\
\x8c\xf2\x9a\xa1\xbbz5G\x1c\xad\xef\xb1\xca\x9f\x8d\xab\
\xe3\xd9\xd8k\xeb\xda\xfb3S\x1c\xf1\xaf\xc0\x97\x81!\
\xe1\x1atv\x0aj\xd1%\xa8%3p\x16MM\x88\
'G\x9c\xeaC\xee=\x8e,\xafA\xee\xfe\xf0\x5c\x8b\
c\xad\x1a\xfd\xefA\xbf\xff\x17\x1c|1\xee\xd1g\xa2\
v\xfbf\x5c\x7f_\x81m\x8b\x7f\x00\xf1y4\x13\xcf\
J`\x08\xf4\xd4<\xd4\xec\xfeH\x0e\xb3\x0b\xdd\xb0N\
\xde\x18\xceM{\x82\xc8\xe3\x9d\x88\xdav\xe4\xe1\x13\xc8\
\xc3M\xee2\xf29#\x17\xe9\x0a\xad\xc5\xcf\x83\x04\xd6\
\x8f\xe6U\xa9\xd1&\xfa\xed\xc9M\xdf2}\x81\xba\xdb\
\x85\x16w\xf5\xbf\xe0~\xf8\xd7\xb8I\x81\xceMG\x17\
\xf6Gr\xe8_\xf1#7\x1d\x9db\x82\xd7\x80T\x0f\
\x18\x06:\xdd;07\xd1\x1a\xd1\x13r\x1d\x18\xfcA\
Dw\xc0\xfd\xdf\xd6\xed\xae<\xb6\xfa\x11\x8d]\xe1\x97\
\xbc\x0c\x8b\xe0\x04\x8a?\x80\xfem`\xe7\xb3\x9b\x19\x87\
\xd7u\x9f-RL\xf9\x96L[\xde\xb0Hi\xe7N\
\x94X\x89\xe0*`<\xdd\x1a\xfd\xc0\x0e\x10eB\xe8\
\xd7\xfb\xb6\xaf{\x8f\x04P\xc2`\xe2\xdb\xe3\xae^m\
xks\xe6H\xa9\x16jA\xa9\x80\x05\xc04\xa0\x04\
\x88f\x07\x13\x02\xea\x04\xbaBiyXHu\xc4q\
\xd8e]\xe2?\xc0\x8b/\x0e\xef\x17\x94\x00$\xcc\x10\
(\xfd\x9a\xcf\x15kC\x948\x88\xc9\x02\x8a\x04d\x82\
\xf0hD\x16h\x03\xa1\xc3\x91a\x84\x16\xb6\x06?B\
\x87\x84\x16\x9dZ\x8b\x93R\xeaN\x0d\x8d\x22d\x1c\xef\
\xdd\xfdT\x13\x09v\xe7'I\x92$I\x92$I\x92\
$\x19O\xfe\x0f\xfda\xda\xf02\xf2\xbfp\x00\x00\x00\
\x00IEND\xaeB`\x82\
\x00\x00\x08\x15\
\x89\
PNG\x0d\x0a\x1a\x0a\x00\x00\x00\x0dIHDR\x00\
\x00\x00d\x00\x00\x00d\x08\x06\x00\x00\x00p\xe2\x95T\
\x00\x00\x00\x06bKGD\x00\xff\x00\xff\x00\xff\xa0\xbd\
\xa7\x93\x00\x00\x07\xcaIDATx\x9c\xed\x9d[l\
\x1cW\x19\xc7\xff\xdf\x99\xbd\xc6\xae\x9d\x14\xa51\xd4\x85\
\x14\x9aT\xa5j\x9a^\x227\xa4\x15\x91(\xa5\x94K\
\xd2\x96\x88\xaajD\xea\x9a\x14$*\xc1\x13B\xe2\x81\
\x07$\xde\xe1\x01D\xb0\x83Z\xa8D@JT\xa44\
\xf0\x82\xd4*\xbe$r\x9a^\x08M\xa3P\x93&\xb1\
[\xeaK}\xd9\xdd\xd9\x9d\x99\x8f\x07\xec\xf5\xee\xd9\xd9\
\x9d3\xb3k\xd8\xcd~\xbf'\xcf\xb9\xcd\xf1\xf9\xef9\
\xdf\xf9\xce93\x03\x08\x82 \x08\x82 \x08\x82 \x08\
\x82 \x08\x82 D\x80\xea.\xe1\xcb\xcf%\xd3sK\
\x8f0\xd3\x1e0\xb6\x82p\x03\xc8\xa0\x5c\xe6)fu\
\x92\xe1\xfe6?v\xf8\x5c\xdd\xf5\xb8F\xa8K\x90T\
\xdf3\xfbA\xf8)\x80O\xd6Q\x8c\x07`(\x97\xc9\
\x7f\x1fo\xbc\xb0TO}\xae\x05\xa2\x09r\xfb\xbeD\
\xaa\xb3\xeb\x97 \xf47\xb0\x22o\xc0\xf5\xbe\x9a=}\
\xf8\xbdF\x95\xd9\x8a\xa8\x08y(u]\xf7P#\xc5\
\x00\x00\x06\xb6qL\x8d\xad\xfb\xdc\xb7w4\xb2\xdcV\
#t\x0fI\xee|\xe6{\xc4\xf8Ei\x18wt\xc2\
\xbd\xf7\x01\xb8\xb7\xdc\x06\xee\xda\x00X\xb1\xda\x85\xe4s\
PSW\x10{\xf5\xafP\x93\x97\xf4\xd8\x0c\x11?\x95\
\x1d\x19:\x1a\xb6n\xd7\x02V\xa8\xd4\xbb\x0f\xac\x8f;\
\xea(\x80\xf4J\x90\xd7\xbb\x19\x85'\x9e\x85\xf7\xa9[\
\x80t\x07\xa0\x0c:\x9d\x15\x03w_\x0f\xf7\x8e{\x80\
|^\x17%\x0e\xd0\xbe\xf8Mwe\x9d\xcb\xaf\x0d\x87\
\xaa\xdf5@(A\x92=\xf7\x1e$\xe0\xb1\x95k\xee\
\xde\x80\xfc\x13\x07\x81\xd4\xbahw'\x82w\xf3V\xf0\
\xba\xeb`M\xbc\x030\x17c\x00\xfab\xac\xf7\xee^\
g\xd3\x8e\x13\x98\x1c\xf7\xa2\xdd\xa0\xf5\x08eC\x08\xbc\
\xb7\xf4\xda\xd9\xf5\x10\x90LWKn\x8c\xbb\xbd\x0f\xf9\
G\xbf\x05$Rz\xd4@*\xee\x1d\xc7\xee\x03\xeb\xeb\
\xbeI\x8b\x10\xd6\xa8\xdf\xb9\x9a\xd3\x82\xbb\xe5\xb3\x0d\xab\
\x88w\xf3V\xd8O>\x0b\xee\xd2\xdb\x9e\x1fL\xe5\xd4\
H\xba\xaf\xff\xfe\x86\xdd\xac\x8917\xea\xbb\x0f\xa4R\
9+\xbbr\xc9]\xeba\x1f\xfca\xe3+\xb4\xb4\x80\
\xf8\xd1\x17\xa0\xa6*f\xbf\x0c\xe0\x023\xce\x11\xa1\xd0\
\xf0\x1bG\x86\xe6\xc1\xf8\x17)\xfeKvd\xf04\xfe\
[\xcf\xe8\xa5\x99&\xec\xbe\xff\xbb\x1bl'?\xb3r\
\xcd\x1f\xbb\x01\xf6\xd3?\xa8\xe7\xde\xd5)\x14\x10\x7f\xf9\
\x08\xacw\xdeZ\x9b\xf2\xd7\x8e\x0b\x04\xfeqvt\xe8\
\x8f\x88(L\x14?d\xed\x89\xc7Q\xf8\xda\x93pv\
=h6kk\x1e\xb60\xe8\x0f\xc9\x9d\xfdG\xb0m\
\x7fG\x94\x02\x9a\xf7\xbf%\x82\xb3\xf3\x0b\xb0\xf7?\x07\
\xf7\xb6\xed~\x06\xbfi!\xa6o\xa4:\x12/\xe3\xf6\
}\x89\xb0y\x03<\xb8\xff?\xbc\xb1\x07\x85\xaf|\x13\
\x05\xcf\x03\xcd\xcf\x81\xeclp\xa6\xff\x15\xec\x01\x8b\x0b\
PW&`\xbd9\x0e\xcaeJ\xe2\xf0@\xaa\xb3\xeb\
\xe79\xe0;a\x8alN\x1b\xd2\x82\x90\x9dE\xfc\xf8\
\x11\xa8\x8bo\x97\x06\xb3b\xda\x91\x19\xfb\xcd\xb8i9\
\xcd;d\xb5\x18\x9cL#\xbf\xe7)x\xbd\x9f.\x0d\
&\x97\xf8Ga\xca\x11A\x1a\x89\xb2Pxh/@\
\xab\xcdJ\xc0\xc3\xd8\xb9\xcf\xd8{\x16A\x1a\x0c_\xbf\
\x11\xde'\xca\xb6\x87:\xd2^\xf7\x9d\xd5\xd2\xeb\x88 \
k\x00o\xec\xd1B\xbc\x1bM\xf3\x8a k\x00'\xcb\
\xa7\xe8\xac`\xbc\x16'\x82\xac\x09\xd1w\xc6E\x90&\
\xa3\xa6\x94\xe9\xfb\x9e\xeec\xa8\x01\x806\x03\x88\x03\xfc\
\xf9bd<\xa1\x1b/a\x19\x9a\x9b\x06}4[\x1a\
t\x0e\xa0\xab\x00\xbf\xab\x94:\x94\x19>t\xbaj\xde\
j\x11\xa9\xfb\xfa\x0f\x004\x08\xe9E\x8d\xc6\x05q\x7f\
nd\xe8y\xbfH_A:\xfa\x066\xb9\xc4\x13\x00\
Zg\x01\xa9\xa5\xa0lL\xc56/\x0e\xff\xea\x03=\
\xc6\xf7\xd7\xef\x12?\x0c\x11c\x0d\xe1\xb4\xe3\x16\xbe\xe4\
\x17\xe3\xbb\xb8\xc8L\x9dD\xab\xcb\xf9\xee\xde\xedp\xbe\
n\xec\xdb\x08>\xc4^z\x1d\xd6\xb1\xb3\xc5k\x06u\
\xf9\xa6\xf3\x0bT\x8a?\xe0\xd2\xed\x95\x82\x0b\xfexw\
ck\xd8n\xe4\xdd\xb2K\x05\xbc\xef\x97\xcc\xdf`{\
<Yv=\x93\xf1M&\x98C\xb3\xda)Y\xd2\xda\
x\x19_A<+V\x96\x98f\x16\x1bU\xaf\xf6e\
\xba\xbc\x0d\xd9\x0d!\x88mC\x13DzH\xbd\xe8m\
\x98\xf3bS~\xe9\xfc\x87\xac\xf1_g\x00\xcc\x17\x0b\
\x9b]\x02\xbc\xba\x0eS\xb47\xcc\xa0\xb9UA\x08\xf8\
h\xb9\x8d+\xa8\xe1\xf4\xf1\xd5\xe2\x9f\x8e\x07Z\xb0\x1b\
W\xc16\x83\xe6s\x80\xb3z\xf8\x92\x81\xab\xd5\xd2\xd6\
\x10\x84\xca\xc7\xb8Y\xb1#\x91\x9913\xe8@\xede\
\x91r;2-v$*\xa4\x0b\xc2*\xbc \x0c\x96\
\x99V\x83\xa0\xe9rA8J\x0fQ\x9a\x8a4+=\
$*\xba\x0f\xa28\xca\x90\xa5\xb4\x1e2\xdd\xf6\x8f\xff\
E\xa6b\xb8\xa7(C\x96\xee\xad\xeb\x9e\xa6`\x8e\xd6\
v\xcc\x88 H\xac|j&=$:\x156\xc4\xa3\
\xf0\xd3^\xdb\xb1\xc5\x864\x08\xdd\x86\xd8q7\x82\x0d\
\x19\xfb\xfd<\x80bI\xf4\xa1\xf4\x90\xa8h\xcb&K\
89\xb4P-m\xd0\xf6\xec\xeazK\xc1\x01\x96\xc4\
[\x0f\x0b-\xda@\xde)\x0d\xaa\xda;\x80`A4\
_DzIh*\xbc\xf4\xba\x04!\xcd\xb0\x8b\x1d\x09\
K\xa5\x97^}\x1d\x0b\x08\x10\x844\x8f\x92d=+\
4\xfa\xb2;3\xd5\xd1CX_\xcf\x92!+,\xa4\
mL\xa9\x1a\xcb&@\x80 \x15k.\xb2Q\x15\x9e\
\x8a\x1eR\x87\x0daO\x89Q\xaf\x93\x8aa\xbe\xae\x1e\
b\xe9+\xbe\xd2C\xc2\xa2O\x84<\xd7\x8a.H\xd2\
)\x88Q\xaf\x13\xddKO\xc5\xbc\xe8\x82,\x9cz~\
\x06@\xaeX\xb8L{C\xa3M\x84\xec\xf9\x91\xc1\xd9\
ji\x81`\xc7\x90Qz\xa0+\x9b\x07rM\xf4V\
\x8bf'W\xd0\xdbk\x12\x01ox09\xd9.S\
\xdf\x88T\xac\xff\x05\xcc\xb0\x00\x03AX;\xecPq\
\x02O\xa8\x8ans9`\xd9\x040\x10D\xe9{\xeb\
bG\x8c\xd1g\xa5\xb5\xb6n\x8bi\x82\x12\xb0>d\
\xc9L\xcb\x18\xddo\xe3\x1a[\xb7+\x04\xdb\x10\xf1\xd6\
\xa3\xa3\xb7U\x80S\x08\x98\xf4\x10muR\xbcus\
\xf4\xa3S\xb5N,\xae\x10(HLY\xe2\xadGD\
\xff\xf1zUN\xbc\x97\x12<d\xb9\xbaQ\x17\x1bb\
\x8a>\x01J\xc6\x12\xf5\x0b\xb24\xd6\xfbo\x00\xab{\
\x902d\x99S\xdeV\xce\xe2p\xcf\x87AY\x0c\x1c\
\xc3\x9fx\x00\x8aO\x8b\xfa\xec\x11\x0b~\xe4\x1dP\xd9\
\x19\x04z\x7f\xb9-kb\xf6\x0c:i\x86]\x8e\x04\
\x05Rik\xbd@\x83\x0e\x18\x0aB\xb2s\x18\x1a\xdd\
\xa0\x13\xc8\xf7\x89)\x1d#A<\xa6\x8be\x85OL\
\x1bW\xac]\xa1\x89rs\xa1\xb7a5\xccz\x08\xf1\
\xd9\xd2k\xeb\xd5\x0b\xc6\x15kW\xacW\xca\xdb\x88\xc0\
gL\xf2\x19\x09\x12\x8b{\xc7\x01\xe4\x8b\x99\xce\xbe\x07\
5\xf2\xcf0\xf5k+\xac\xe1\x8bP\xaf_.\x0d\xb2\
\xe3\x5c8n\x94\xd7$Q\xfe\xd2\xd9L\xac\xf7\xee[\
\x01l+f\x1c{\x17\xde\xad\x9b\xe4\x85\x02\x1a\xea\xcc\
%$~v\xa2\xec\x99B0\xbd\x989u\xf8E\x93\
\xfc\xc6\x9f\xab\x88\xdft\xc7)\xc0\x1a\x00\x90\x04\x008\
\x1e\xac\xbf\x9d\x07M\xce\x03\x9d)pg\x12H4\xfd\
k\x80\xd7\x86%\x1b\xea\x1fS\x88\xfdn\x14\xf1\xa1\x93\
@a\xf5\xad\x0d\xcc\x98\xb3\x1c\xeb\xd1\xc2\xe4\xb8\x91G\
\x1d\xea\xd5g\x89\xbe\x81=\x8a\xf8Oh\x81\x1707\
\x09\x0e\x03\x8f\xd9\xa3\x83\x7f6\xcd\x10\xea\x83.\xee\x95\
3\xe7\xe3\xbdw\x9d\x07\xe8\x11\x00\xa1_\xa3\xddf,\
\x12\xd3\xfe\xdc\xd8\xe0\xb10\x99\xc2}\xf2\x08\x80s\xf9\
\xb5\xbf\xab\x1b\xb7\x1f#E[\x00|&l\xfe6\xe1\
\x84G\xd6\xe3\xf6\xe8\xa1W\xc2f\xac\xeb;\x86\xeb\xfa\
\x06\xee\xf1\x88\xf7\x02\xd8\x05\xa0\x07\xb4l_\xda\x0d\x86\
\xbd\xbc\xd7qR1\x1f\xcb\x8c\x1e6\x9a\xe2\x0a\x82 \
\x08\x82 \x08\x82 \x08\x82 \x08\x82 4\x8c\xff\x00\
#\xe3\xd9\x17\xfd$#\x87\x00\x00\x00\x00IEND\
\xaeB`\x82\
\x00\x00\x10\xbe\
\x00\
\x00\x01\x00\x01\x00  \x00\x00\x01\x00 \x00\xa8\x10\x00\
\x00\x16\x00\x00\x00(\x00\x00\x00 \x00\x00\x00@\x00\x00\
\x00\x01\x00 \x00\x00\x00\x00\x00\x00\x10\x00\x00\x00\x00\x00\
\x00\x00\x00\x00\x00\x00\x00\x00\x00\x00\x00\x00\x00\x00\x00\x00\
\x00\x00\x00\x00\x00\x00\x00\x00\x00\x00\x00\x00\x00\x00\x00\x00\
\x00\x00\x00\x00\x00\x00\x00\x00\x00\x00\x00\x00\x00\x00\x00\x00\
\x00\x00\x00\x00\x00\x00\x00\x00\x00\x00\x00\x00\x00\x00\x00\x00\
\x00\x00\x00\x00\x00\x00\x00\x00\x00\x00\x00\x00\x00\x00\x00\x00\
\x00\x00\x00\x00\x00\x00\x00\x00\x00\x00\x00\x00\x00\x00\x00\x00\
\x00\x00\x00\x00\x00\x00\x00\x00\x00\x00\x00\x00\x00\x00\x00\x00\
\x00\x00\x00\x00\x00\x00\x00\x00\x00\x00\x00\x00\x00\x00\x00\x00\
\x00\x00\x00\x00\x00\x00\x00\x00\x00\x00\x00\x00\x00\x00\x00\x00\
\x00\x00\x00\x00\x00\x00\x00\x00\x00\x00\x00\x00\x00\x00\x00\x00\
\x00\x00\x00\x00\x00\x00\x00\x00\x00\x00\x00\x00\x00\x00\x00\x00\
\x00\x00\x00\x00\x00\x00\x00\x00\x00\x00\x00\x00\x00\x00\x00\x00\
\x00\x00\x00\x00\x00\x00\x00\x00\x00\x00\x00\x00\x00\x00\x00\x00\
\x00\x00\x00\x00\x00\x00\x00\x00\x00\x00\x00\x00\x00\x00\x00\x00\
\x00\x00\x00\x00\x00\x00\x00\x00\x00\x00\x00\x00\x00\x00\x00\x00\
\x00\x00\x00\x00\x00\x00\x00\x00\x00\x00\x00\x00\x00\x00\x00\x00\
\x00\x00\x00\x00\x00\x00\x00\x00\x00\x00\x00\x00\x00\x00\x00\x00\
\x00\x00\x00\x00\x00\x00\x00\x00\x00\x00\x00\x00\x00\x00\x00\x00\
\x00\x00\x00\x00\x00\x00\x00\x00\x00\x00\x00\x00\x00\x00\x00\x00\
\x00\x00\x00\x00\x00\x00\x00\x00\x00\x00\x00\x00\x00\x00\x00\x00\
\x00\x00\x00\x00\x00\x00\x00\x00\x00\x00\x00\x00\x00\x00\x00\x00\
\x00\x00\x00\x00\x00\x00\x00\x00\x00\x00\x00\x00\x00\x00\x00\x00\
\x00\x00\x00\x00\x00\x00\x00\x00\x00\x00\x00\x00\x00\x00\x00\x00\
\x00\x00\x00\x00\x00\x00\x00\x00\x00\x00\x00\x00\x00\x00\x00\x00\
\x00\x00\x00\x00\x00\x00\x00\x00\x00\x00\x00\x00\x00\x00\x00\x00\
\x00\x00\x00\x00\x00\x00\x00\x00\x00\x00\x00\x00\x00\x00\x00\x00\
\x00\x00\x00\x00\x00\x00\x00\x00\x00\x00\x00\x00\x00\x00\x00\x00\
\x00\x00\x00\x00\x00\x00\x00\x00\x00\x00\x00\x00\x00\x00\x00\x00\
\x00\x00\x00\x00\x00\x00\x00\x00\x00\x00\x00\x00\x00\x00\x00\x00\
\x00\x00\x00\x00\x00\x00\x00\x00\x00\x00\x00\x00\x00\x00\x00\x00\
\x00\x00\x00\x00\x00\x00\x00\x00\x00\x00\x00\x00\x00\x00\x00\x00\
\x00\x00\x00\x00\x00\x00\x00\x00\x00\x00\x00\x00\x00\x00\x00\x00\
\x00\x00\x00\x00\x00\x00\x00\x00\x00\x00\x00\x00\x00\x00\x00\x00\
\x00\x00\x00\x00\x00CA@\x00B@?\x02EBC\
 CABBB@ABFCD\x22MLL\
\x02KII\x00\x00\x00\x00\x00\x00\x00\x00\x00\x00\x00\x00\
\x00CAB\x00CAC\x0aDBC0CAB\
GDBCBGEG LKK\x02KIJ\
\x00\x16~\xf1\x00\x16~\xf1\x07\x16{\xf0;\x17z\xf1\
P\x17z\xf1P\x17z\xf1P\x17z\xf1P\x17z\xf1\
P\x17z\xf1Q\x16z\xf0?\x16\x7f\xf2\x0b\x00\x00\x00\
\x00QPP\x00RPP\x06QOOkPNN\
\xdaPNN\xf7MKK\xf7FDE\xddDBC\
uHGF\x0aGFE\x00FEE\x00MIJ\
\x00HGG2IHH\xaaJHH\xecHFF\
\xf9ECC\xf7CAB\xdaDBC{HFG\
\x11\x22}\xcf\x00\x18\x8c\xf6:\x18\x89\xf4\xe9\x18\x88\xf4\
\xfb\x18\x88\xf4\xfa\x18\x88\xf4\xfa\x18\x88\xf4\xfa\x18\x88\xf4\
\xfa\x18\x88\xf4\xfb\x17\x80\xf2\xf2\x16{\xf0W[YX\
\x00XVU\x00ZXW[ZXW\xf2zyx\
\xff\xa6\xa4\xa3\xff\xa4\xa3\xa2\xffxvv\xffKHI\
\xf8DBCq\xff\xff\xff\x00USS\x00WUU\
+VTS\xd1WUU\xffYWW\xffa_^\
\xff[YX\xffKIJ\xffCAB\xfcDBC\
\x97l\x11\x00\x06\x19\x93\xf9J\x19\x92\xf7\xfa\x19\x92\xf7\
\xff\x19\x92\xf7\xff\x19\x92\xf7\xff\x19\x92\xf7\xff\x19\x92\xf7\
\xff\x19\x92\xf7\xfd\x18\x8b\xf5\xc7\x16|\xf06ZYX\
\x00ZYX\x10YWV\xc2vts\xff\xd4\xd3\xd2\
\xff\xbb\xba\xb8\xff\xb0\xae\xad\xff\xc6\xc5\xc3\xffvts\
\xffECD\xd5ECD\x1bgdc\x03[YX\
\x9aZXW\xffca`\xff\x9f\x9d\x9c\xff\xc6\xc5\xc3\
\xff\xb8\xb7\xb6\xff\x80~}\xffPNN\xffCAB\
\xf6G>:R\x17\x96\xffH\x19\x94\xf8\xfa\x19\x92\xf7\
\xff\x19\x92\xf7\xff\x19\x92\xf7\xff\x19\x92\xf7\xff\x19\x92\xf7\
\xe4\x19\x92\xf7~\x19\x91\xf7\x1a\x1b\xb0\xf8\x00[YX\
\x00[YX(XVU\xe8\xa0\x9f\x9e\xff\xd4\xd3\xd2\
\xff\x7f}{\xffkih\xff\xb6\xb5\xb4\xff\xa3\xa1\xa0\
\xffLJJ\xf4CBC<][Z![YX\
\xe1ZXW\xff\x9d\x9c\x9b\xff\xe1\xe1\xdf\xff\xac\xab\xaa\
\xff\xb8\xb7\xb6\xff\xcc\xcc\xca\xffsqp\xffHEE\
\xff=P]\xc4\x1b\xa3\xfa\xaa\x19\x9e\xfb\xfe\x1a\x9d\xfb\
\xff\x19\x93\xf7\xff\x19\x92\xf7\xf6\x19\x92\xf7\xa9\x19\x92\xf7\
5\x19\x93\xf7\x02\x19\x93\xf7\x00\x00\x00\x00\x00[YX\
\x00[YX%XVU\xe4\x9a\x98\x97\xff\xda\xd9\xd8\
\xff\x92\x90\x8e\xff\x83\x81\x7f\xff\xc5\xc4\xc3\xff\x9f\x9e\x9d\
\xffQML\xf6{Q8X\x86`IV[YW\
\xf6_^]\xff\xc7\xc7\xc6\xff\xc2\xc1\xbf\xff|yw\
\xffwts\xff\xce\xcd\xcc\xff\x96\x94\x92\xffPLJ\
\xff9Zn\xff\x1b\x9c\xf3\xff\x17\x87\xf4\xff\x19\x9f\xfb\
\xff\x19\x95\xf8\xda\x19\x91\xf7[\x1a\x91\xf7\x0b\x19\x92\xf7\
\x00\x00\x00\x00\x00\x00\x00\x00\x00\x00\x00\x00\x00ZXX\
\x00ZXX\x0bYWW\xb3lkj\xff\xc9\xc9\xc8\
\xff\xdb\xdb\xda\xff\xd9\xd8\xd7\xff\xcc\xcb\xca\xffooo\
\xfflUG\xfd\xd0n.\xeb\xbfl6\xedbZU\
\xfe][Z\xff\xbb\xbb\xba\xff\xd4\xd3\xd2\xff\x93\x91\x90\
\xff\x99\x97\x96\xff\xdb\xda\xd9\xff\x8b\x8a\x88\xffSOM\
\xff9^u\xff\x1c\xa3\xf8\xfd\x19\x9d\xfb\xff\x19\x9b\xfa\
\xfe\x19\x93\xf7h\x19\x95\xf8\x00\x19\x93\xf7\x00\x00\x00\x00\
\x00\x00\x00\x00\x00\x00\x00\x00\x00\x00\x00\x00\x00[YZ\
\x00[YW\x00[YXBZXW\xe0kih\
\xff\x93\x92\x91\xff\x95\x93\x92\xffllk\xffe[U\
\xff\xbcuF\xff\xf1\x87A\xff\xe4\x83C\xffzcT\
\xffXWW\xff~|{\xff\xd7\xd7\xd6\xff\xe2\xe1\xe0\
\xff\xe3\xe3\xe2\xff\xba\xb9\xb8\xffecb\xffSPO\
\xff:]s\xb9\x19\xa5\xfem\x19\x96\xf8\xcd\x19\x93\xf7\
\xcf\x19\x92\xf7+\x19\x93\xf7\x00\x00\x00\x00\x00\x00\x00\x00\
\x00\x00\x00\x00\x00\x00\x00\x00\x00\x00\x00\x00\x00\x00\x00\x00\
\x00YWW\x00XUU\x01[YX?YWV\
\xacXVU\xdbXVU\xdc\x82eR\xee\xcc~K\
\xff\xf6\x8bG\xff\xf7\x8cG\xff\xf8\x8cG\xff\xb8wM\
\xff_ZX\xffZXX\xffqon\xff\x91\x90\x8f\
\xff\x88\x87\x85\xffdba\xffZXW\xffQOO\
\xdcDEF/i\x0a\x00\x00\x19\x91\xf7\x1e\x1a\x92\xf7\
\x1f\x1c\x91\xf5\x01\x1b\x92\xf6\x00\x00\x00\x00\x00\x00\x00\x00\
\x00\x00\x00\x00\x00\x00\x00\x00\x00\x00\x00\x00\x00\x00\x00\x00\
\x00\x00\x00\x00\x00\x00\x00\x00\x00AQ\x5c\x001K]\
\x06HS[\x1bQVY\x1d\xef\x8aH\xab\xf8\x8dG\
\xff\xf7\x8cG\xff\xf7\x8cG\xff\xf8\x8cG\xff\xef\x88E\
\xff\x9fiF\xffbZU\xffXWW\xffWVV\
\xffWVV\xffYXX\xfdWWX\xd0JMP\
I\x9a\x86u\x004>G\x00\x00\x00\x00\x00\x00\x00\x00\
\x00\x00\x00\x00\x00\x00\x00\x00\x00\x00\x00\x00\x00\x00\x00\x00\
\x00\x00\x00\x00\x00\x00\x00\x00\x00\x00\x00\x00\x00\xf6\x8dG\
\x00\xf6\x8cF\x03\xf7\x8cF%\xf8\x8dG6\xf9\x8dG\
5\xfe\x8fF3\xfd\x8eF8\xf7\x8cG\xbf\xf7\x8cG\
\xff\xf7\x8cG\xff\xf7\x8cG\xff\xf7\x8cG\xff\xf4\x8aD\
\xff\xdct0\xfd\xbbo<\xfa\x93hJ\xff\x80cO\
\xff\x84bL\xff\x93dE\xd8\xb9rBq\xe8\x7f7\
K\xe5~8L\xe5~8M\xe5\x7f9/\xec\x84A\
\x01\xe9\x82=\x00\x00\x00\x00\x00\x00\x00\x00\x00\x00\x00\x00\
\x00\x00\x00\x00\x00\x00\x00\x00\x00\x00\x00\x00\x00\xf7\x8cG\
\x00\xf7\x8cH.\xf7\x8eI\xd5\xf7\x8cG\xee\xf7\x8cG\
\xed\xf7\x8cG\xed\xf7\x8cG\xef\xf7\x8cG\xfc\xf7\x8cG\
\xff\xf7\x8cG\xff\xf7\x8cG\xff\xf7\x8cG\xff\xf3\x89D\
\xff\xdeu0\xfd\xe1z3\xf9\xe2}7\xff\xde|8\
\xff\xdcw3\xff\xe2y4\xf9\xef\x89E\xf5\xed\x86A\
\xfa\xed\x86A\xfa\xec\x85@\xfd\xe6\x80;\xad\xe8\x80;\
\x0a\xea\x82=\x00\x00\x00\x00\x00\x00\x00\x00\x00\x00\x00\x00\
\x00\x00\x00\x00\x00\x00\x00\x00\x00\x00\x00\x00\x00\xf7\x8cG\
\x00\xf7\x8cH7\xf7\x8fL\xf0\xf5\x8cG\xff\xf0\x87B\
\xff\xf0\x87A\xff\xf1\x87B\xff\xf6\x8cG\xff\xf7\x8cG\
\xff\xf7\x8cG\xff\xf7\x8cG\xff\xf7\x8cG\xff\xf3\x89D\
\xff\xdev1\xfe\xe2|7\xfe\xe5}4\xff\xe5|4\
\xff\xdfu-\xff\xda\x93e\xfb\xe1\xb8\x9c\xf8\xeb\x8bK\
\xfc\xec\x86A\xfc\xe9\x85A\xfd\xe6\x86Do\xe5\x85B\
\x00\xec\x81=\x00\x00\x00\x00\x00\x00\x00\x00\x00\x00\x00\x00\
\x00\x00\x00\x00\x00\x00\x00\x00\x00\x00\x00\x00\x00\xf7\x8cG\
\x00\xf7\x8bF\x1d\xf7\x93Q\xdb\xf4\x8dI\xff\xec\x84?\
\xff\xec\x84>\xff\xed\x85?\xff\xf6\x8bF\xff\xf7\x8cG\
\xff\xf7\x8cG\xff\xf7\x8cG\xff\xf7\x8cG\xff\xf4\x89D\
\xff\xd8v7\xff\xa4\x83r\xff\x9a\x87~\xff\xa3\x8f~\
\xff\xd2\x9as\xff\xd9\xb9\xa3\xff\xe2\xd3\xc7\xff\xf4\x94V\
\xff\xf6\x8bE\xff\xef\x87A\xff\xe4\x85D\x90\xde<\x00\
\x00\xe5\x93\x5c\x00\x00\x00\x00\x00\x00\x00\x00\x00\x00\x00\x00\
\x00\x00\x00\x00\x00\x00\x00\x00\x00\x00\x00\x00\x00\xf7\x8cG\
\x00\xf7\x87@\x0b\xf7\x92Q\xc0\xf7\x8fL\xff\xf5\x8aE\
\xff\xf5\x8aE\xff\xf5\x8bF\xff\xf7\x8cG\xff\xf7\x8cG\
\xff\xf7\x8cG\xff\xf7\x8cG\xff\xf7\x8cG\xff\xf4\x89C\
\xff\xd0x>\xff=\x92\xd4\xfe%\x9b\xf8\xffs\xc1\xf2\
\xff\xd0\xde\xe6\xff\xb2\xb0\xb0\xff\xc9\xb7\xab\xff\xf3\x92T\
\xff\xf7\x8bE\xff\xf4\x89C\xff\xe6\x84@\xc6\xe4\x95`\
\x10\xe6\x97b\x00\x00\x00\x00\x00\x00\x00\x00\x00\x00\x00\x00\
\x00\x00\x00\x00\x00\x00\x00\x00\x00\x00\x00\x00\x00\xf7\x8cG\
\x00\xf7i\x16\x01\xf7\x91O\x9d\xf7\x91O\xff\xf7\x8cG\
\xff\xf7\x8cG\xff\xf7\x8cG\xff\xf7\x8cG\xff\xf7\x8cG\
\xff\xf7\x8cG\xff\xf7\x8cG\xff\xf7\x8cG\xff\xf4\x89C\
\xff\xd2y>\xfe?\x9c\xd8\xfe4\xa2\xf8\xff\xd3\xdf\xe8\
\xff\xec\xea\xe8\xff\xb4\xb4\xb3\xff\x93\x85|\xff\xee\x9ci\
\xff\xf4\x96Z\xff\xf1\x95Y\xff\xe6\x8eQ\xeb\xe2\x9ag\
0\xe3\x98d\x00\x00\x00\x00\x00\x00\x00\x00\x00\x00\x00\x00\
\x00\x00\x00\x00\x00\x00\x00\x00\x00\x00\x00\x00\x00\xf8\x8cE\
\x00\xf7\x95T\x00\xf7\x90Mw\xf7\x93P\xff\xf7\x8dH\
\xff\xf7\x8dH\xff\xf7\x8cG\xff\xf7\x8cG\xff\xf7\x8cG\
\xff\xf7\x8cG\xff\xf7\x8cG\xff\xf7\x8cG\xff\xf4\x89C\
\xff\xd2y>\xfe=\x9b\xd8\xfe3\xa2\xf8\xff\xd3\xdf\xe8\
\xff\xea\xe8\xe7\xff\xd9\xd8\xd7\xff\xb9\xb6\xb5\xff\xe9\xdd\xd5\
\xff\xe0\xd2\xc8\xff\xd8\xca\xc0\xff\xd7\xc8\xbc\xfd\xd8\xcd\xc4\
\x5c\xd7\xc9\xbe\x00\x00\x00\x00\x00\x00\x00\x00\x00\x00\x00\x00\
\x00\x00\x00\x00\x00\x00\x00\x00\x00\x00\x00\x00\x00\x00\x00\x00\
\x00\xf7\x8eJ\x00\xf7\x8eJD\xf7\x93Q\xe5\xf7\x93Q\
\xf4\xf7\x93Q\xf4\xf7\x92P\xfd\xf7\x8dH\xff\xf7\x8cG\
\xff\xf7\x8cG\xff\xf7\x8cG\xff\xf7\x8cG\xff\xf4\x89C\
\xff\xd7z<\xfe|\xae\xcf\xfc\x87\xc3\xf1\xff\xe2\xe5\xe7\
\xff\xe8\xe7\xe6\xff\xe8\xe7\xe6\xff\xe7\xe6\xe5\xff\xe8\xe8\xe7\
\xff\xe1\xe1\xe0\xff\xd4\xd4\xd2\xff\xd4\xd4\xd3\xff\xd6\xd5\xd4\
\x94\x8d\x8e\x98\x00\xdf\xdf\xdd\x00\x00\x00\x00\x00\x00\x00\x00\
\x00\x00\x00\x00\x00\x00\x00\x00\x00\x00\x00\x00\x00\x00\x00\x00\
\x00\xf8\x8cF\x00\xf8\x8cE\x05\xf7\x8dH0\xf7\x8eJ\
>\xf7\x8dID\xf7\x92P\xc1\xf7\x91N\xff\xf7\x8cG\
\xff\xf7\x8cG\xff\xf7\x8cG\xff\xf7\x8cG\xff\xf3\x89C\
\xff\xde{:\xfd\xe3\xce\xc0\xf8\xe9\xe8\xe8\xff\xe8\xe7\xe6\
\xff\xe8\xe7\xe6\xff\xe8\xe7\xe6\xff\xe8\xe7\xe6\xff\xe8\xe7\xe6\
\xff\xe5\xe4\xe3\xff\xd6\xd5\xd4\xff\xd4\xd3\xd1\xff\xd5\xd4\xd2\
\xc7\xd9\xd9\xd8\x10\xd9\xd8\xd7\x00\x00\x00\x00\x00\x00\x00\x00\
\x00\x00\x00\x00\x00\x00\x00\x00\x00\x00\x00\x00\x00\x00\x00\x00\
\x00\x00\x00\x00\x00\x00\x00\x00\x00\x00\x00\x00\x00\xf1\x838\
\x00\xf7\x94R\x00\xf7\x90Lp\xf7\x93Q\xff\xf7\x8cG\
\xff\xf7\x8cG\xff\xf7\x8cG\xff\xf7\x8cG\xff\xf3\x89C\
\xff\xde{:\xfd\xe4\xce\xc0\xf8\xe8\xe8\xe8\xff\xe8\xe7\xe6\
\xff\xe8\xe7\xe6\xff\xe8\xe7\xe6\xff\xe8\xe7\xe6\xff\xe8\xe7\xe6\
\xff\xe7\xe6\xe5\xff\xda\xd9\xd7\xff\xd4\xd3\xd1\xff\xd4\xd3\xd2\
\xec\xd7\xd6\xd54\xd6\xd6\xd4\x00\x00\x00\x00\x00\x00\x00\x00\
\x00\x00\x00\x00\x00\x00\x00\x00\x00\x00\x00\x00\x00\x00\x00\x00\
\x00\x00\x00\x00\x00\x00\x00\x00\x00\x00\x00\x00\x00\x00\x00\x00\
\x00\xf7\x8dH\x00\xf8\x8eH2\xf7\x93Q\xea\xf7\x8eJ\
\xff\xf7\x8cG\xff\xf7\x8cG\xff\xf7\x8cG\xff\xf3\x89C\
\xff\xde{:\xfd\xe4\xcf\xc1\xf8\xe8\xe9\xe9\xff\xe8\xe8\xe7\
\xff\xe8\xe8\xe7\xff\xe8\xe8\xe7\xff\xe8\xe8\xe7\xff\xe8\xe8\xe7\
\xff\xe8\xe8\xe7\xff\xde\xde\xdd\xff\xd4\xd4\xd2\xff\xd4\xd4\xd2\
\xfe\xd6\xd7\xd5g\xd3\xd3\xd0\x00\x00\x00\x00\x00\x00\x00\x00\
\x00\x00\x00\x00\x00\x00\x00\x00\x00\x00\x00\x00\x00\x00\x00\x00\
\x00\x00\x00\x00\x00\x00\x00\x00\x00\x00\x00\x00\x00\x00\x00\x00\
\x00\xee\x82>\x00\xe7{6\x17\xf3\x8bH\xc4\xf4\x8bG\
\xfd\xf4\x89D\xfa\xf4\x89D\xfa\xf4\x89D\xfa\xf1\x86A\
\xfb\xddy8\xfb\xe3\xc3\xae\xf5\xe6\xda\xd3\xfa\xe6\xd9\xd1\
\xfa\xe6\xd9\xd1\xfa\xe6\xd9\xd1\xfa\xe6\xd9\xd1\xfa\xe6\xd9\xd1\
\xfa\xe6\xd9\xd1\xfa\xe1\xd4\xcb\xfa\xd5\xc8\xbf\xfd\xd5\xc8\xbe\
\xff\xd7\xc4\xb7\xa2\xe2{:\x07\xdd\x8f^\x00\x00\x00\x00\
\x00\x00\x00\x00\x00\x00\x00\x00\x00\x00\x00\x00\x00\x00\x00\x00\
\x00\x00\x00\x00\x00\x00\x00\x00\x00\x00\x00\x00\x00\xec~;\
\x00\xf5\x86D\x02\xe4x3\x86\xe4x3\xf3\xe5y4\
\xfd\xe5y4\xfc\xe5y4\xfc\xe5y4\xfc\xe5y4\
\xfd\xe2w3\xff\xe3\x81C\xfc\xe3\x84H\xfc\xe3\x84H\
\xfc\xe3\x84H\xfc\xe3\x84H\xfc\xe3\x84H\xfc\xe3\x84H\
\xfc\xe3\x84H\xfc\xe3\x84H\xfd\xe1\x83H\xff\xe1\x83H\
\xff\xdd|>\xf5\xd8l)g\xd6l*\x00\x00\x00\x00\
\x00\x00\x00\x00\x00\x00\x00\x00\x00\x00\x00\x00\x00\x00\x00\x00\
\x00\x00\x00\x00\x00\x00\x00\x00\x00\x00\x00\x00\x00\xf3\x86B\
\x00\xed|;\x01\xf4\x88CK\xf4\x89D\x86\xf4\x89D\
\x85\xf4\x89D\x85\xf4\x89D\x85\xf4\x89D\x85\xf4\x89D\
\x85\xf5\x89D\x84\xf5\x88C\x85\xf5\x88B\x85\xf5\x88B\
\x85\xf5\x88B\x85\xf5\x88B\x85\xf5\x88B\x85\xf5\x88B\
\x85\xf5\x88B\x85\xf5\x88B\x85\xf5\x88B\x84\xf5\x88B\
\x84\xed\x80;\x85\xdco+=\xddp+\x00\x00\x00\x00\
\x00\x00\x00\x00\x00\x00\x00\x00\x00\x00\x00\x00\x00\x00\x00\x00\
\x00\x00\x00\x00\x00\x00\x00\x00\x00\x00\x00\x00\x00\x00\x00\x00\
\x00\x00\x00\x00\x00\x00\x00\x00\x00\x00\x00\x00\x00\x00\x00\x00\
\x00\x00\x00\x00\x00\x00\x00\x00\x00\x00\x00\x00\x00\x00\x00\x00\
\x00\x00\x00\x00\x00\x00\x00\x00\x00\x00\x00\x00\x00\x00\x00\x00\
\x00\x00\x00\x00\x00\x00\x00\x00\x00\x00\x00\x00\x00\x00\x00\x00\
\x00\x00\x00\x00\x00\x00\x00\x00\x00\x00\x00\x00\x00\x00\x00\x00\
\x00\x00\x00\x00\x00\x00\x00\x00\x00\x00\x00\x00\x00\x00\x00\x00\
\x00\x00\x00\x00\x00\x00\x00\x00\x00\x00\x00\x00\x00\x00\x00\x00\
\x00\x00\x00\x00\x00\x00\x00\x00\x00\x00\x00\x00\x00\x00\x00\x00\
\x00\x00\x00\x00\x00\x00\x00\x00\x00\x00\x00\x00\x00\x00\x00\x00\
\x00\x00\x00\x00\x00\x00\x00\x00\x00\x00\x00\x00\x00\x00\x00\x00\
\x00\x00\x00\x00\x00\x00\x00\x00\x00\x00\x00\x00\x00\x00\x00\x00\
\x00\x00\x00\x00\x00\x00\x00\x00\x00\x00\x00\x00\x00\x00\x00\x00\
\x00\x00\x00\x00\x00\x00\x00\x00\x00\x00\x00\x00\x00\x00\x00\x00\
\x00\x00\x00\x00\x00\x00\x00\x00\x00\x00\x00\x00\x00\x00\x00\x00\
\x00\x00\x00\x00\x00\x00\x00\x00\x00\x00\x00\x00\x00\x00\x00\x00\
\x00\x00\x00\x00\x00\x00\x00\x00\x00\x00\x00\x00\x00\x00\x00\x00\
\x00\x00\x00\x00\x00\x00\x00\x00\x00\x00\x00\x00\x00\x00\x00\x00\
\x00\x00\x00\x00\x00\x00\x00\x00\x00\x00\x00\x00\x00\x00\x00\x00\
\x00\x00\x00\x00\x00\x00\x00\x00\x00\x00\x00\x00\x00\x00\x00\x00\
\x00\x00\x00\x00\x00\x00\x00\x00\x00\x00\x00\x00\x00\x00\x00\x00\
\x00\x00\x00\x00\x00\x00\x00\x00\x00\x00\x00\x00\x00\x00\x00\x00\
\x00\x00\x00\x00\x00\x00\x00\x00\x00\x00\x00\x00\x00\x00\x00\x00\
\x00\x00\x00\x00\x00\x00\x00\x00\x00\x00\x00\x00\x00\x00\x00\x00\
\x00\x00\x00\x00\x00\x00\x00\x00\x00\x00\x00\x00\x00\x00\x00\x00\
\x00\x00\x00\x00\x00\x00\x00\x00\x00\x00\x00\x00\x00\x00\x00\x00\
\x00\x00\x00\x00\x00\x00\x00\x00\x00\x00\x00\x00\x00\x00\x00\x00\
\x00\x00\x00\x00\x00\x00\x00\x00\x00\x00\x00\x00\x00\x00\x00\x00\
\x00\x00\x00\x00\x00\x00\x00\x00\x00\x00\x00\x00\x00\x00\x00\x00\
\x00\x00\x00\x00\x00\x00\x00\x00\x00\x00\x00\x00\x00\x00\x00\x00\
\x00\x00\x00\x00\x00\x00\x00\x00\x00\x00\x00\x00\x00\x00\x00\x00\
\x00\x00\x00\x00\x00\x00\x00\x00\x00\x00\x00\x00\x00\xff\xff\xff\
\xff\xff\xff\xff\xff\xff\xff\xff\xff\xff\xff\xff\xff\xe0|\x0c\
\x00\xc08\x04\x00\xc00\x00\x00\x80\x00\x00\x01\x80\x00\x00\
\x03\x80\x00\x00\x0f\x80\x00\x00?\xc0\x00\x00?\xc0\x00\x02\
?\xf0\x00\x07\xff\x80\x00\x00\x7f\x80\x00\x00\x7f\x80\x00\x00\
\xff\x80\x00\x00\xff\x80\x00\x00\x7f\x80\x00\x00\x7f\xc0\x00\x00\
\x7f\xc0\x00\x00\x7f\xc0\x00\x00?\xfc\x00\x00?\xfc\x00\x00\
?\xfc\x00\x00\x1f\xf8\x00\x00\x1f\xf8\x00\x00\x1f\xff\xff\xff\
\xff\xff\xff\xff\xff\xff\xff\xff\xff\xff\xff\xff\xff\
\x00\x00\x15k\
\x89\
PNG\x0d\x0a\x1a\x0a\x00\x00\x00\x0dIHDR\x00\
\x00\x00d\x00\x00\x00d\x08\x06\x00\x00\x00p\xe2\x95T\
\x00\x00\x00\x06bKGD\x00\xff\x00\xff\x00\xff\xa0\xbd\
\xa7\x93\x00\x00\x15 IDATx\x9c\xed]{t\
T\xd5\xb9\xff\xed\xbd\xcf\x9933y\x91@\x12\x92 \
\x86\x87R%\xe0\x13\x05\xc5\x96j\x17\x90VQ\xa4\xe9\
E\xc0\xd6\xdb\xde\xe5m{\xab\xf5^\xba\xfa\xb0\xe5J\
\xeb\xea\xd5u\xb1j\x91\xda\xdb\xdaVZ\xe5\xaaeU\
\xad`\x12\xa4\x88\x15_ \xb5\xf2~(\xf2&\x84$\
\x93y\xcfy\xed\xbd\xef\x1f\x93L2\x99G&\xc9\x0c\
M\xd6\x9d\xdfZ\xf9\xe3\xec\xb3\xcf\xde\xdf\x9c\xdf\xd9\xdf\
\xf7\xedo\x7f{\x07\xc8#\x8f<\xf2\xc8#\x8f<\xf2\
\xc8#\x8f<\xf2\xc8#\x8f<\xf2\xc8#\x8f<\xf2\xc8\
c\xe4\x83d\xbb\xc1y?\xd3\x1f\x86\xc4\xdd\x80,\xcd\
v\xdb\xc3\x11BHq\xf2\xc4I\xa3\xa0\xb0\xf8+\x7f\
{\xb8j\xfdP\xdb\xa3\xd9\x10\xaa\x1b\xf3\x1f\xd1\xe7A\
\xca\xef\xfd\x7f!\x03\x00|>\x1f5M\xd3\x15\x0e\xfa\
\x9e\xceF{J6\x1a\xe9\x86\xcf\x17\xb8\xd64\x8dl\
69\x8c!a\x98&\xc2\xa10\x00\xc0\xe6\xd2\x99\x8d\
V\xb3J\x08\x0f\x19\xcf\x07\x8c\xc0\x0a\xdb\xb2\xb3\xda\xee\
H@A\x81\xf3\xb5l\xb4\x93u\x1br\xc5\xf2O.\
\x04e\xcb%d\x99\xaa:\xae\x22\x04l(\xedI!\
J$\xa4f\xd9\xb6&\x85\xa4\x17\x8fUN\x178`\
gK\xdet\xa0L\xb8U*\x0a\xd3\xd5i\xf3\xb3C\
G;\xe4S\x1f\xae\xaa\xfdM6\xfa\xcc:!\xdd\x98\
\xbb*|-!\xe4\xbd\xa1\xb6\x13\x0a\xfbaY\x06\xbc\
\x9e\x10,\xcb\xc6K\xdf)?]^\x84\x9al\xc8\xd8\
\x1f\xfc\x81\x00\x0c#\xbd\x0av\xba\x0a\x16O\x99<\xe1\
\x85l\xf5\x99U\xa3\xde\x1b\x84\xd2\x85\x00PV\x04\x14\
dE\xbb\x9e\x7fX\x96\x95\xf6>!D^<\xa9\xf6\
O\xd9\xec3g\x84@\xca\xdbT\x06\xa8\x0c\x902g\
\xbd\xe4\x0c\xdc\xb6!\x84H[GU\xd4\x93\x84\x90\xac\
\xaa\xcf\x9c\x102\xefQc*\x80)\x9a\x1a\xbd6\xd2\
\x7fh\xc3\x12F?\xa3\x03\x00(\xa3\x7f\xcdv\xbf\xb9\
\x19!R\xdc\x0e\x00\x9a\x03\xb08\xc0\xd3\x7fh\xc3\x12\
\x96e\xf6[\xc7\xa1\xb0\xdff\xbb\xdf\x1c\x11B\x162\
\x06(td\x8e\x0e\x00\xb0\xac\xf4\x9a\x88RbO\x98\
0a\xf8\x8f\x90\xf9\x8fEj\x01y\xb9\xb3[]\xf5\
\xff\xa1\x0d;X\x96\x05\xd9\x8f\xe1S\x98\xf2q.\xfa\
\xce:!\x82\xcb\x85\x00\x88S\x01l\x11\xfd\x1bi\xe8\
\xcf\xbb\x02\x00\xa2\xb0M\xb9\xe8;\xeb\x84\x10B\x16R\
\x0a(\xca\xc8UW\xa6\x99\x01!\x9c\xffO.\xfa\xce\
*!sW\x05* q\x9d\xd3\x11\xbd\x1e\x89\xeaJ\
J\x09\x9b\xa7\xb7\x1f\x0ac\x91)S\xa6\x1c\xccE\xff\
\xd9\x1d!T]\x04\x80i\x0a D\xd4\xc3\x1ai0\
3\xb0\x1f\x8c\xb1\xbd\xb9\xea?\xe3 \xe0\xdcU\x91\x09\
\x04t:\xa1\xdc\x91\xec\xbe\x14\xb4\x12R\xfe\x981\xc0\
\xa1\x00\xa1\x11\x1a\xf4\xb52PW\x94\xd1Wr\xd5\x7f\
F\x84\xcc\xfb\x99\xfe\x18\xa4\xbc\x17\x10T\xca\x14\xe1/\
\x22\xc1\x180\xaa :3\x8f\x8cTB\xec\xfe\x09Q\
(}*W\xfd\xf7K\xc8\xdcG\xc2_\x84\x94\xf7\xb9\
\x1c\x80\xa6\xa6\x8eFR\x0a(]a\x12_8w\x93\
\xc1\xb1g\x7fYT\xd8\xe2\x01\xd1\x03\x80\xf74\x22\xb5\
\x8b`\x8c\xbf-+m\x0b!`\xdb\xfd\xd8\x0fU\xf1\
M\x9c8\xb15+\x1d&k\xbf\xbf\x0a\x04\xe4vJ\
$\x8a\xdd\x04B\x00<\x85z\x152\xaa\xa6\x22Fn\
g\xe6\xc5\xbe7\x9d\xce\xf0!\x08S\xc2\xec\x04\xdc\xad\
{AE\x18\x91\xda%Cn;\x13u\xc5\x08\xfb`\
\xc8\x1d\xa5A&*k:c\xd1q\x11\x88\x00\xfa0\
te\xb5O\xd6g\x85\x103\x03uE\x19\xc9Z\xa8\
=i\xfb\xe9n^\xf5+\xa9\x02\xb8H\xe9Zb\xb2\
\x87\xa9\xd7D\xacHF\xf5Z\xce\x9c\xc1\x83\x0f>\x88\
\xbf\x7f\xf0\xf7\xa4\xf7\xfb\x8b_\x11Bd\xa1\xdb\xfd\xcc\
\x80\x05\x1c\x00\xd2\x122\xdaoN\x01\xe0P) \x01\
\xd8#0\x8c\xde\x1b\xdb\xdez\x1b\x9d\x9d^tz;\
\x13\xeeq\xce\xc1\xfb\xd1\xb5\x0aS\xceUWW\x87s\
%\x1f\xd0\xaf\xca\xe2u\x00\x01c\x00\xe7\x88\xb22B\
aY\x16>\xfcp\x17\x08!\xb8\xf2\xca+\xc1\x05\xf0\
\xdeq\x15\xbep\xf4\x9b\xb4l\x0b\x869*\xe19[\
\x00\x1f\xb5F\x7f\xf8\x95\x17\xf2c\xb9\x963=!\x84\
L\x05\xa2Q[\xf3\xbc\xacb\xe7\x0e[_\xdf\x0a]\
\x8f\xa0\xaa\xaa\x0aN\xa7\x86\xc6\xfd\x1a^\xdc\xd5{)\
3\xf9\xb2\xa6m\x1b\x08\x86\xfc\x00\x80\x8a\x12\xe7\xd6\x5c\
\xcb\x99Ve\x11\x90:F\xa3.\xedH\x0c\x12\xf6\xc6\
\xf6\x1d;\x00\x00---X\xb1\xe2\x01\xbc\xf9Af\
\x1f\xbb\xd5\xe5\x063J\xc1*+W\xe4L\xc0.\xf4\
\x13:\x91u\xc3\xdd\xa0g\x02\x8f\xc7\x03\xaf\xd7\x0b\xd5\
\xa1b\xea\xa5\x97\x82R\x0a\xbf?\x90\xd1\xb3v\x97\xa1\
/+\xa0\xf6\xca\xcffw\xb96\x19R\xaa\xac\x86G\
\xa5\xcb/\xf4\x09J\x17e\xc3\x85\x10iYD\xda\x80\
\x14\x04\xddF\x8dH\x0e\xa6\x9f\x8aV *\xb8V\x19\
\xf7\xcc\xfb\xef\xef\x84\x94\x12\xd7\x5c}\x0d\x16}\xf1v\
\x98\xa6\x85'\xdfrbWK?}\x09\x01.\xa3\x1c\
\x5cP\x86O\xb2\xfd[\x92!%!>\x11\xbe\x94\x80\
2\x85\x02\x90\xc3g\x19\x96\xb4\x9dV\x0c#\xde\xbb\xa0\
f\x07*v,\x88]\xfb'\xde\x87\xd0\xb8/\xc7\xae\
\x0f\x1c8\x00\x00\x98q\xcd\x0c\x00\x80\xc3\xa1B\xd3\xb4\
~\xfb\xb2\xb9\x15sd.(\xc1\xa3C\x95=\x13\xa4\
1\xea\xb4\x0e\x00\x18\x03\xac^d\x08\xc1a\x98\x11h\
\x0e\x17(e\xd0\x8d\x10(U\xe0P5\xd8\xb6\x05\xcb\
6\xe1r\xba\x91\xc3\x94\xaf~\xa1\x06\x0f\xc5]\xcf\xaf\
\x9f\x07o\xa7\x17\xe3\xc7_0\xa0v\xba\xe7%\x0eF\
q\x7fC\xf5\xaf\xb2&`\x1a\xa4!\x84L\x05$\x14\
\x16?;7-\x03\x86\x11\x01!\x0c\x9a\xea\x84\xae\x87\
\xc1(\x83C\xd5`\x98\x11X\x96\x01Uu@aj\
N\x04>J\xa6\x09\x8b\x18\x8c\xc8\x1euN\xa4\x0a\x90\
\x9e\xdc9S\x9f\x8ep\x9b\x84aIX\x96\xc0eS\
>5\xa8\xbel\x1e\xfd\xe1\xe5\xc5\xe4\xbc\x85JS\x12\
B \xeb\x18\x05\x08I\xeea\x11HH\x12\x1d\xcf\x09\
\xd3\x93\x1c\xceW\x1e\x08\xad\xc1\x09O\x92\x1b\xa7\xfb\x16\
X\xb0L\x1b\xde\xce\x10\xe6_\xa1\xe1\xbe\xb9\xf1\x19\xad\
\xb6\xed\x00\x90\xfa\xa3\x11\x82C\x88\xa8\xe1\x1c_Jw\
\x0dI\xe8\x01 \xdd<$\xe6a\xf1ab\xd0\x01\x80\
@\xd0\x81\xae\xab\xed\xfc\xc4F$\x1c\x1f\x16\xe1\xbc8\
\xed3\xdd\xde\x15\x08PU\xcc\xbf?\xa0\x0e\x87\x80\xa4\
\x84\xd4\xaf\x96\xc5\xc2\xd4\xc7\x09\x115\xe6#q\xe5\xaf\
7D\x925\x9cs~\x8e\x88\x1eJ\xf9\x8cmG\x09\
q\xa9\x0c\xdf[T\x93\xf3\x09a7\x92\x12\xc2\xadH\
\x1d\x01!\x16\x07\xda\xfd\xf1\xf7\x18S@)\x05c*\
(\x08\x98\xa2@\xa1\xd1\xa1\xaf0\x15\x9c\xdb\xa0lH\
\x09\xef\xe7\x05\x1dA\x0e#\x83E\xff\xb1\xc5$x\x1e\
\xc4\x89!)!D\x90\xa9 \xd1\x05).\xe2\xe7 \
\xaa\xe2\x80Z4:v]T\xd0\xb3YJ\xd3\x5c\xd0\
4W\xee\xa4\x05\x100h\x08@\xda-\x02}\xa1[\
\x94?\xb3kl\xdc<\xa2\xd0%J\x09\x15\xfd\xfa\xbe\
A\x93\x1e\xbd\xe1'\xad\xcb\xb6\xfdg\xe5\xb3\x03\x14u\
PHnC\x08\xca\x01\xc0\xadEcX\xc3eR\x08\
\x00\x9e\x10\xfc\x18 !\x5c\x82\xed9\xeb\xbch0\xfd\
\x85\xc2\xbe\xe9\x16\xb7\x9e\xf9\xcc\x8f;Z\xff\xfa\xc0\xe8\
\xcd\x83ic HN\x88\xc06P\xa0\xf3\xbc\x0e\xd6\
\xdc\x82\xf7\x93\xda\x93\x08\x09\xd34`u\xd9\x12N\xed\
\xbb\x00\xfcc\x08\xd9\xf4]\xd7\xb6y?\x0b\xaf\x81$\
\xdf\xca\xb5\x00\xe7\x03RJ\x04\x82\x89k \x99\x82\x00\
 \x12M\xd9\x93(5R\xba\xbd\x9b\x96\xbb\xef\x99\xb7\
J\xff\xb3\xa4\xf2z\x0220\xc3 \x85\x13\x92,\xe9\
V}\xe7\x03\x8c\x87\xc0x\x00DrH\xc2`\xb3B\
\xc4B\xea\x12\x92R%\xb3e\xc5> \x94D\x18\xa5\
\x7f\xd8\xb6\xe2\xfc\xd8\x90\x9c\xc57\xe6\xad\xd2?\x07\x22\
\x87<\xc4\xfbni+\xaf,9\x03\xa0\x9a\x0a\x1d\x05\
\xc1=p\x87\x0eB\x8b\x1c\x03\x13\x89\x0by\x82\xba\xe1\
\xa35\x08j\x13\x03\x17\xd9\xaf\x8f_\xbbv\xadw\xa8\
\xf2\xe4\x1a\xb9#\xe4\xb1P\x158=3\xd4v\xfa\x12\
RY\xeej)\xf2\xbf[5\xca\xb3\x15T\x0c \xa2\
A\x10\x86 Opn<\xb4~\xfdz\xdfP\xe5\xca\
\x15r\xb7\xa5-\x07(\xb3\x0e`\xdc\xf1\xff\xae,k\
o\x1e\x18\x19\x00 \xe1\x06\x91\xdfc\x8a\xf6\xd1\xe2\xc5\
K\x87\x9e\xa2\x92#\x8c\x10B$*\xf5w0Y\x7f\
\x05\x8c\x87\x86(\xb3,\x07\xc1\xba[o\xbd\xed\x959\
s\xe6\x0c\xbb\xed\xa8\xc3\x9f\x10)Q\xde\xfa\x02\xaa\xc3\
\xaf#\x9bQK\xcd\xe9\xbc\xc5\xa9\xb9\x0e644$\
\xcdU\xfeGa\xd0'.\xdc}\xf7\xddj \x10\x9e\
\x03\xc8\xcfH\x89\x1aPTB\xc2\x92\xc0)\x0a\x1c\xb7\
\x8e<\xb9#P;t\xaf\xb9\xb8\xbd\x19\x85\x81\xec\x07\
[)ePT\xe5B\xbf?\xb8\x1d\xc0\x15Y\xef`\
\x90\x18\xb0Q\xbf\xf3\xce;+,\x8b\xaf\x90\x84,#\
@b\xdeL/p\xad\x12F\xe5\x5c\x18cf\x03d\
\xe0\xf1-G\xe7\x07(8\xfa\xcb\x9c\xed\xab\x16\x82\xa3\
\xad\xf5\x1c4\xb7\xfb\x17\xcd\x8d\x1b\x87\xc5\x9ck@\x84\
,^\xbc\xe4\xdf\x09!?\x96@\xd1@\x9e\xe3\xce*\
\x84k\xef\x82]0)\xf3\x87\x84\x89\x92}?\x025\
\x93-~\xc4\xa3\xa4\xa4\x04\xd3/\x9b\x8e\x9a\x9a\x1a\x14\
\x17\x16\xc2\x1f\x0c\xe2\xcc\x993\xd8\xbdk7\xbc\xde\xf4\
\x9e\xae\xd7\xe3\x81eYB\x1bU<\xb1\xf1\xc5\x17\x8f\
g.`n\x90\x11!\xf5\xf5\xf5Z\xc9\xa8\xb2_\x01\
\xf8\xca\xa0{\xa2\x0a\x02\xe5\xf3a\x8f\xcb,S\xddy\
\xb6\x11\xae\xd3/\xa6\xad\xe3v\xbbq\xdbm\x0b0{\
\xf6l\xb0$\x11f\xce9\xdey\xe7\x1d\xbc\xf4\xd2\x9f\
\x11\x0a%\x0f\xb5\x87\x83A\x04\x02\x01h\x9a\xe3\xdd\xe6\
M\xcd\xd7\xf5\xbd\xef_S3\xda!\xc4\xfd\x12\x98\x0b\
\x02&\x05\xd9*)\xfbi\xc1='\x87\xec\xd2'C\
\xbf\x84\xac\x5c\xb9\x92\x1e<\xf8\xd1\x8b \xb8u\xa8\x9d\
q\xce\x11,\xbe\x16\xe2S_O_Q\x98(\xd9\xbd\
\x1c\x94\xa7\x9e\x5c\x8f\x193\x06\xf7\xde{\x0f*++\
\xfa\xed\xf7\xdc\xb9sX\xbb\xf6\x0f8r\xe4H\xc2=\
\xcb\xb2\xe0io\x07!\x04\x0f/lY6c\xda\xfe\
\x17\xc8g\xa3\x87\xdb\xf8\x1f\xa9\x1e\xa3:\xc4\xbb\x00\x99\
\x1c\xff\x14i\x01\x95\xb3\x5c\xdfj\xc9\xfa\x88\xea\xd7\xa8\
\x1f<x\xf8A\x10\x92\x94\x0c\x87\xc3\x81i\xd3\xa7a\
\xca\xc5\x17a\xd4\xa8R\x98\xa6\x81\x8e\x0e\x0f\xf6\xec\xd9\
\x8b#G\x8e$l\x0dc\x8c\x81\xb6\xfe\x15\xb6k<\
\xec\xea\x9bR\xf6\xe9\xec|?-\x19.\x97\x0b\xf7\xdc\
\xf3o\x19\x91\x01\x00\x15\x15\x15X\xbal\x09\x9eX\xbd\
\x06\x9d\x9d\xf11\xad\xee\x91%\xa5\xc4;G\x8a\x9f\x9d\
QY\xfd\xb8|A\xfe\x09\x82=\x1fi\xb3\x17%\x92\
\x01\x00\xb2\x0aR>\x0c\xe0\x8e\x8c\x04\x18\x00\xd2\x8e\x90\
%K\x96\x5c.$\xf9\x1b\x92\xb8\xc77|\xfa\x06\xdc\
\xba\xe0\x16\x14\x15%7'\xc7\x8e\x1d\xc3\xf3\xcf\xbf\x80\
\xa3G\xe33\x049\x17\xf0x\xbc\x08]\xbb\x1a\x92&\
_\x8e\xa8h\xfd#\x0a\x02\xc93\xd4\x01\xe0K_j\
\xc0M7\xdd\x18W\xd6v\xae\x0d{\xf7\xedG0\x18\
DAa!.\xbd\xe4S\x18;\xb6'?+\x1c\x89\
\xe0\xc8\xc7G\xb0f\xcd/\x12\xdakm\x89&hU\
\x97\x12<\xbb\xf8@\xcf\x0d)m\x1e!\x0a\xd7\x01a\
%8\x16~\xd7\xbd-%)\x85\x1c$\xd2\x8e\x10)\
\xc9*\xf4!\x83\x10\x82ew.\xc5\xec\xeb\xafO\xdb\
pmm-\xee\xfb\xf6\xbdx\xb5\xa9\x19\xafm\xea9\
\xdb\x8b1\x0aF%\x9c\x1f\xff\x0e\x9e\x0b\xbe\x96\xf4Y\
G\xf8h\xcav\xddn7>\xfd\xe9\x1b\xe2\xca\xf6\xee\
\xd9\x87\xbf\xbc\xbe5nD\xee\xdc\xf97\x8c\xab\xa9\xc6\
\x92%\x8b\x01\x00N\xa7\x13\xc5%%(//G[\
[[\xdc\xf3\x84RH!\xd0\x16\xe8\xf3}\x12\xa20\
7\xc0\xdc\x80\xe4\x04<\x22\xc1\xc31\xa7\xaf\xd8\xfb\xe4\
\xf8\xd2Q\xdf<1\xf80r\x12\xa4\x9c\x18.^\xbc\
\xf8\x0a\x09|\xaeo\xf9\xcd7\x7f!)\x19\xba\xae'\
l\x07s\xba\x5c\x98}\xfd\xf5\xb8\xfc\xb2\xe9q\xe5\x9a\
\xa6\x81\xb5\x7f\x80\x90/\x8c\xa0?\x12\xf7\x17\xf6\x05\xa0\
\xf0\xd4\xa1\xa6iuuP\xd5\x9el\x11\x8f\xc7\x83-\
[\xdfHP\x8f\xaa\xaa\xe2\xad\xb7\xde\xc6\xbe\xbd\xfb\xa3\
?\x94\x10\x10DGv_\xc8\xaeS\x7f,[\xa0#\
\x92|\x9eH\x18\xa0\x14\x128F\x93\x98\x07\xef\xe4\xd6\
5)\x05\x1d$\xd2%\xca-\xec[RQQ\x81\xfa\
\xfa\xf9qe{\xf7\xed\xc7\xf6\xed;\xe0\xf7\x07@\x08\
AEE\x05\xa6\xd7]\x8a\xbaiu\x00\x00\xb7\xdb\x85\
\xcf\xdf\xfc\x05\xec\xda\xbd'\xf6\xd2\x14E\x81\xe0\x16\xca\
\xf9n_\xb0d\xa6\xde\xbb=\x95w2\x12\x94cR\
IU]S\x1dw}\xe0\xe0\xa1\xa4\xc7(I)!\
\xa5\xc0_\xb6l\xc1\xd4\xbaK\xa3e\x00\xca+\xe2\xed\
\x0e\xef\x93Rs\xca\xa7a\xb4+\xba(%- |\
\x82\xc3\x8eH\xa8%\x04\xeeq\x0c\x84\x01j\x11\x81\xe9\
\x95\x90\x12?\x90+\xb1\x99\xacD\xd6\xf2:S\x87N\
\x08\xea\xfb\x16\xddx\xe3g\xe3\xdc\xcb\x1d;vb\xf3\
\xe6-\xb1\xc4e)%Z[[\xf1\xeb_?\x85\xdd\
\xbb\xf6\x00\x88~\xa9R\x02\xb3f\xce\xeci\x9aF\xdb\
(;\xf3\xdc\xfb{\x1f\x9b<\xb6\xf7\xdf\xc5\xadO\xa4\
\xd5\x85nW\xfc\xd2L0\x98|Y3\xa2G \x84\
\x80\xcf\x1f\x1dm6\xe7\x90R\xc2\xe9\x8c\xb7[}W\
\x12\x83f\xcf\xef\xd3[\x05,\xbf\x84\xb4\x00\xb3]\xc2\
\xec\x8c~PT\x03H\xf4\xcd}F\x1f]\xfd;\xf9\
tm\xd6bb)\x09\x91I\xbc\x8bi]_=\x00\
\x04\x03A\xbc\xb7}G\xca\x86\x9f{\xeey\x00Q\x9b\
\x03\x00\xd3/\xbb,v\xaf\xab\x086\xe7\x13\xfb>\xa7\
(<\xed\x0e\xa5\xbe\x04\x94\x14'\xe6W\x09!p\xae\
\xf5,\x00\xa0\xb4\xb4\x0c\x00\x10\x89D\xbd6=\x127\
 a\xf6\xc9<)r\xf4\x10\xd4\xd7\x90\xcb^[\xc8\
H\xf7\x9b\x93\xf2+z@\xdf\xa3?16\xe1\x03\x1e\
\x0c\x92\x12r\xd7]w9\xfb\x86E\x18c(++\
\x8b]\x1f?y2a\xb8\x03\xd1\x97a\xd9\x16<\xde\
N\x04\x83\xc1X\x9d\xc2\xc2\x82\x9e:]\x99\xdb\x122\
\xc1K\xf1x<m\x00R\xa6U\x9c8u*\xee\xfa\
\x92K.\x81m[]*J\x22\x14\x0a\xe1\xc4\xf1\xe3\
\xd0#:(%1\x15\x1b\x0cD\x89l9\x13\x9f\xf2\
n\xe8\xf1\x04]X\xda\x13\xd6\xd7\xcai\xec\xc5S\x07\
\xa0\x96\xf6\xbc.\x19\xa7\xa4\xc8d)Ic\xf8\xe7\xd5\
\x1b\x22?\xaf\x1e\x9fJ\xf6L\x90j\x84$\x0cA\xc6\
\x18(\xed\xa9n\xa781\xc7\xd3\xd1\x01!$ %\
\xfc~?t=\xfa\x03{\xe7ju\xa7h\x12\xc8\x84\
\xe9uSS\x93\x01\xc8\xc4\x19\x5c\x17\xf6\xef\xdb\x1fw\
0eII1\xa6\xd5\xd5\xe1\xa3\xc3\x87q\xf8\xd0A\
\x9c<q\x1c\xba\x1e\x01!\x04\x9f\xaf\xaf\xc7\xe4I\x13\
\x11\x08\x06a\x98&\x08!\xd8\xf6\xe6\x9b\xb1g-\xd3\
\x8asD\x14Fe\x89\xd6\x93Z\xae\x14\x12\x14OU\
Px\x11C\xd1%\x0a\xba\xd2\xcf\xc0u\xd9\x87\x90(\
\x08\x917\x83\xc8\x03\x91\x9fW\xaf\x94+\xa7\x0e*\x8a\
\x9c\x94\x90\xae\xa5\xce\xb8\x99\x99i\x9a\xb1a\x0f\x00\xe5\
\x15\xf1\xcb\xe5RJ\xf8\xbc^tt\xb4\x03\x88\xda\x8e\
\x8a\x8a\x0a\x84\xc3Q\x0d\xa4\x1bz\xaf\xb6\x8c\xae\x1f\xc0\
\x92\x06\x9a\x08\xf0v*\x81\x0d\xc3\xc0\xe6\xd7\xe2W\x86\
\xe7\xcf\x9f\x8b\x1f\xfd\xf0\x07\xb8f\xc6\x0cL\x9a4\x09\
3\xae\xbe\x1a\xf7\xdf\xff}\xdc\xb2\xe0\x16\xe8\x86\x01\x8f\
'\xea\x99\xb6\xb7\xb7\xa1\xb3Wl+\x18\x88\xdf\xb4C\
\x15\xe5\x18\x14r!\x08Y\x0e\x90\xf7\x01\x80(Qb\
\xbaG\x8a\xb4\x01;\xfd^\x1f7\x88|@/\xf3\xec\
\xd1WW'x\xa9\xfd!]\xf6\xfb\x19@\xc6E\x03\
\x0f\x1d>\x8c\xcb\xbblAuU\x15ln\xa3\xd3\xd3\
\x09)%\xc2\xa1 \xf4^\xc3\xff\xda\x993\x11\x0a\x85\
`w\xa9\xac\x93\xc7{\xa2\x0cF\xd7\xa8!\x94\xc4O\
\x08\xba %\xd9\x00\x82\x7fN%Y\xf3\xa6\xd7PW\
W\x87\xda\x09\xb5\xb1\xb2\x9aq5\xf8\xea\xd7\xe2\x1f\x09\
\x04\x82\xf0tF\xe5#\x00\x9e}f]\x9c\x0c}O\
\xe1fLy\x85,:}\x0a\xc0\xa3\x00\x1e5\xd6T\
wR\x97\x1cET\x02H\x09aE\xe7\x22\x19.\xcb\
\x5c,!7\xeb\xab\xab\xd7\xdb\xc2\xbe\xa7\xf0\xbes\x19\
\x9d\xfe\x90\xd2\xa8\x13\x887\xfb\x96\xbd\xf7n\xfc1\xbc\
_\xbd\xeb\xcb\x90\x92\xc3\xd3\xd1\x1e#\x83\x10\x82\xbai\
\xd3\xb0\xe8\xf6\x85\xf0\xfa\xfc\xb1\xb2\xad[\xa3\xa7\xe1\x19\
\xba\x1es\x7f\x19c\xcd\xc9\xfa\xe6\xdc|\x15\xc0\xd9T\
\xb2Y\x96\x85\xdf\xfe\xeei\x1c=v\x1c\xc1`\x08\xb6\
\xcdc6\xc4\xb2l\x04\x02A\x9cn9\x8b\x0e\x8f'\
\xd6\xd7\xda\xdf\xff!6Z\x85\x10\x08\xf8\xe3\xe7:\x94\
2\xc1\xb9\xf5\x93\xdeeBHn\x87\x00\xcb+a\xf9\
\x00\x1e\xce\x98\x8c\x18$d\x03\xa5\xec\xa0\xfeD\xd5\xb7\
\xe5\x1f\xfb?T:e\xe8\xe4\x9f\x96,\xb9\x95H\xf2\
r\x5ceB\xf0\x9d\xef,\xc7\xe4\xc9=\x03G\x02\xd8\
\xfe\xdev\x1c>|\x18\x8a\xa2\xe2\xba\xebfb\xf4\x98\
rxz\xbd\x8c\x13\xc7\x8fc\xdd\xba\xff\x05\x00\xb4\xb7\
\xb5\x81\xdb6\x08!(.)*}\xf9\xe5\x97\x93\xaa\
\xad;\xeeX\xfaM\x09$\xc69zA\xd34,Y\
\xba\x04U\xd5\xd5\xb1\xc9]_y\xcf\x9em\xc5\xf3\xcf\
=\x17#CJ\x09\xaf\xc7\x03\xd3\x8c\xf7\xae4\x97\xfb\
\xa5\xe6\xa6\x8d\xb7\xf7.\x8b\xac\xaej\x070\x1aY\x02\
!\xf8P\x10\xfaM\xf7\xb7N\xbf\x9b\xb2N\xaa\x1b\x0d\
\x0d\x0d.\xa68>\x06\x107\x13\xab\x1c;\x16\xdf\xf8\
\xfa\xbf\xa2\xb4\xb4\x14\x9a\xe6\x88\xb9\xb5RJD\xc2\x11\
\xf8\x03\x01\xe8\xbd\x8c\xae\xa1\x1bx\xfc\xf1\xc7!\x84@\
8\x14B\xc0\x1f\x1d5\x9a\xa6\x1dj\xde\xd4\x94r'\
\xcd\x9c9s\x94\xb1U5\xbb\x01\x5c\xd2\xdf\x0fu\xb9\
\x5c\x98}\xc3l\x8c\xab\xae\x81\xd3\xed\x86\xa1\xeb8}\
\xea\x14\xb6\xbd\xb5\x0d\xe1p|\x90\xd2\xd7\xe9\x85\xae\xc7\
\x971Fm\xd5\xa1\x8enjj\x8aK-\xcf6!\
]\x90\x00\x9e\xb5!\x97\x17\xdd{6Ae\xa7\x0d.\
\xdeq\xc7\xb2\x7f\x91\x90\x09G\x11\xd5\xd4\xd4\xe0\xce/\
/\x03\xa5,\xea=I\x99\xe0\x02\x13B\xd0\xd1\xd1\x81\
\xdf<\xf5\x1bp\xcea\x9a\x16:\xbb\x0c>!\x04N\
W\xe1\xcc\xc6\xc6?oO\xdf\xff\x9d7J)6\x81\
\x0c\xfd\x9f\x06\x08!\xe0\xeb\xf4$=\xbe\xcf\xe5v\xdf\
\xdf\xd8\xb8\xf1\xa1\xbe\xe59\x22\xa4\x1b\x1e\x22\xe8\x7fi\
o\x9f~\x9c\xac\xefq\xf3\xd3\x12\xd2\xd0\xd0\xc0\x98\xe2\
x\x07@B\xcc\x86R\x8ay\xf3\xe7EcK\x0eG\
,|A\x09A \x10\xc0\x96-[\xb0o_4\x8e\
dY&\xbc\x9e\xceX\x1d\xa7\xcb\xb5\xb9\xa9\xe9\xd5\xb9\
\x99H}\xcb-\x0b\x9e\xd4\x9c\xceo(\xca\xe0\xb7\xc8\
\xe9z\x04\x01_ \xe6n\xf7\x86\xe6rohn\xda\
\xb8 \xc9c\xb9&\x04\xe0\x80\xe1\x11\x9d\x8eR{\x9a\
\xfb?:N\x03\x19,P-]\xbat\x9ca\xda\xef\
+\x8a26]\xbd\xe2\xe2b\xd8\xb6\x1d\xd3\xd5\xdd\xd0\
#\x11\xf8}\xbe\x98=Q\x1d\x8e3%%E\xe3\xd7\
\xaf_\x9fiN=\x99?\xbf~'\xa1\xecJ\xb7\xdb\
\x1d\x17X\xec\x0f\xa6i \x18\x08\xc22\x93\xef\x03q\
h\xce\xbd\x9b65NK\xf5|\xae\x09\x91\x5c\xc2h\
\x15`N\xb2\xafxek\x1d\x90A\x1a\xd0\xbau\xeb\
N\xe9\x91\xd0}\xa1`\xd0\x9f\xee,t\xbf\xdf\x1fG\
\x06\xb7mx;=\xf0y\xbd=AE\x87\xdaQP\
\xe0\xbab\x00d\x00\x80lnn\xbaJ\x0a\xbe\xc1\xd3\
\xde\x8e\x8e\xf6v\x04\x03~\x98\x86\x11w>\xbb\x94\x12\
\xdc\xb6a\xe8:\x02~?\xda\xcf\x9dCg\x87'%\
\x19.\xb7{c:2\xce\x07D$\xfa^\x84)c\
\xb64\xe3$\x87\xfa\xfa\x05\xd7\xdb\xb6\xde\xac\xaaj\xa1\
\xa69\xa1:\x1cq3w \xba\xf8d\x1a:\x0c\xdd\
\x80a\xc4\x87$\x9c\x9a\xf3\xc3\x88\x11\x9e\xf5\xc6\x1bo\
\xc4\xdf\x18\x00\xea\xeb\x17,7\x8d\xf0CB\x88A\xeb\
/\xc6\x14Ssj?|\xf5\xd5\x0d\x8f\xf4WW_\
]\xf5\x81\xccE\x8a\x90\x04xD\xc2\xf2\x09@\x02\x84\
\x11c\xd4O[\x9d\xc0\x00\xb3Nf\xcd\x9a\xe5*)\
-\xfb\xbd\xa5\x1b\x8b\x84\x10\x94P\x0aJ(\x00\x91\xf2\
h#UQ\x03\x8aS\xfdA\xe3\xc6\x8di]\xd8L\
1g\xce\x9cB\x97\xe6Zk\xd9\xf6m\x9c\xf3\x8cs\
\x8b\x18cBu8\xfe\xa8(\xf4k\x1b6l\xc8\xe8\
\x88%\xffO*\xfe$-r{V\x93\x90$\x00.\
\xe32\x9bX\x01i,^\xd1\xfa\x05`\x90\xc9\xd67\
\xdd\xb4p\xb4C5\x1f\xe0B\xdc\xcam\xabF\x08\x11\
{1\x84\x10P\xca\x0cEUvQJ\x9fnl\xdc\
\x98\x93\x03\x87g\xcd\x9a\xe5\x1a]:\xfa\xbb\x16\xe7\x0d\
\x82\xf3I\xb6m'\xc4\xdf\x14E\xd1\x19c\x9f(\x8c\
\xbdH\x18y(S\x22\xba!WB\xf1\xa3\xf2M\xae\
\xcbY\xb9\xcaJg.\xf2n\x91l\x9dCV\xc2\x04\
\xb2\x94\xfd^___L\xa9v\x11\xa5\xdc\xb3a\xc3\
\x86\xd4\xeb\xaf9\xc4\xddW\xdd\xad\x9e\xbb\xe0\xdcx\xce\
\xf98)\xe5\x19\x97\xcbu|\xfd\xfa\xf5Y9\xcaY\
\xae\x843\xa0T_\xad\xf6\xfa\xf0\x86\x0a\x8bR^d\
\x9f\xd9IVb\xd0*<\x8f<\xf2\xc8#\x8f<\xf2\
\xc8#\x8f<\xf2\xc8#\x8f<\xf2\xc8#\x8f<\xf2\xc8\
#\x8f\xe1\x8a\xff\x03\xdd\xca.\x8b\xef\x0b\xdb\xe5\x00\x00\
\x00\x00IEND\xaeB`\x82\
\x00\x00\x08n\
\x89\
PNG\x0d\x0a\x1a\x0a\x00\x00\x00\x0dIHDR\x00\
\x00\x00d\x00\x00\x00d\x08\x06\x00\x00\x00p\xe2\x95T\
\x00\x00\x00\x06bKGD\x00\xff\x00\xff\x00\xff\xa0\xbd\
\xa7\x93\x00\x00\x08#IDATx\x9c\xed\xdcoP\
\x14\xe7\x1d\x07\xf0\xefo\xff\xdc\xed!bU\xaaX8\
4!\x1a\xa3q,g\x19\xc0h\xb4i1q\xd4h\
C#\xcedl+\x12'3\x994\xed\x8b\xf6e\x87\
\x99t\xa6\x9df\xa6m\xdetZ\xab\x0e\x93NL\x8d\
cS\xb5M \xd1\x06\xa5B\x80A\x08J1A+\
\xe8\x81\x9a\x8a\xa3\x80\xdc\xde\xdd\xee>}\x81\xe2\x1e\xa7\
=\xeen\x8f\xdd\xb3\xcf\xe7\xe5o\x9f\xe7\x9e\xdf\xf2\xe5\
v\xef\x1e\x8e\x038\x8e\xe38\x8e\xe38\x8e\xe38\x8e\
\xe38\x8e\xe3\x12@v7\x90,\xa5\xa4j-\x03\xfb\
5@\x8c\x04\xf6c\xb5q\xefI\xbb{JFZ\x07\
\xe2.\xa9|\x9e@\x07\x00(wJAb\xec\xa5@\
\xf3\xbeCv\xf6\x95\x0c\xd1\xee\x06\x12\xa5\x14\xef\xdcN\
D\xfb\x01\xb8Le\x09D\xe5\x92\xd7\xe7\xd7\xfc\xed\xed\
v\xf5\x96\x8c\xb4\x0c\xc4]R\xf9\x1a\x11\xfd\x1e\xf7\xef\
_\x00\xf0\xbc\x9c\xbbbD\xeb?\xdd4\xc5\xad%-\
\xed\x02QJv\xfe\x9c@\xbf\x80\xf9r+\xbb\x00Q\
\x04\x0c\xfdn\x85@X'\xe5\xfa\x04\xad\xbf\xbd\xde\x8e\
>\x13\x95N\x81\x90\xbb\xb8\xea7D\xf8\xa9\xb9\xc8\xdc\
\x1e\x84_\xac\x84\xfe\xe47 \xf4t\x81\xb4\xb0i\x06\
\xd6\xc8y\xbe9\x9a\x7fs-P\xcf\xa6\xba\xe1D\xa4\
G k\xab%%\xa7`\x1f\x11^1\x97\xd9\xb4\xe9\
\x08m\xad\x02\x9b\x9b\x0b\x96\x99\x05\xa3`1\xc4\xf3\xdd\
\xa0P\xd0<\xacH\xca\x1bZ\xa8\xcd-:\x8a+m\
\xc6\xd46\x1e?\xe7\x07\xb2\xfe5\xb7{x\xf0=\x22\
l3\x97\xd9\x8c\x99\x08U\xbc\x0c6{\xce\xbdbF\
&\x8c\x85K!\xfe\xfb\x1cH\x0d\x98\x87/\x93E\xa3\
P\xf3>\xf6W\xf8\xff\xa5MM\xe3\x89qv +\
v\xcdP\xc2\xa1\x0f\x09x\xd6\x5cf\xb3\xe7\x22TQ\
\x05\x9653z\x8e\xe2\x81\xf1\xf82\x88}=\xa0\xd1\
\x11\xd3\x01Z$1\xf7j-\xa7\xe8}\x5ci\x0bF\
Ot\x06\xc7\x06\x92\xb9\xf2\x959$h\xc7\x08(6\
\xd7\x8d\x1c/\xc2[w\x82M\x9b\xfe\xe0\xc9.7\x8c\
'\x96C\xf0_\x04\x0d\xdf\xbaW'\xcc\x17E\xac\xf3\
<\xb2\xfc\xfd\xd0\xa5\x8e\xd1T\xf5\x9e\x0cG\x06\xe2Y\
\xb5+\xdf\xd0\xb5O\x08x\xd2\x5c7\xe6\x17 T\xfe\
\x03@\xf1\xc4~\x10I\x86\xbex9\x84k\xfd\xa0\x9b\
7\xc6\xcb\x04\xcc3\x0cl\x92\xe7}\xfd\x886\xd01\
dy\xf3Ir\x5c \xae\xd2]\x8b\xc9\xd0?\x01\xf0\
\xa8\xb9\xae?\xb6\x04\xe1-\xdb\xc7^\xe2N\x96(B\
\x7f|\x19\xe8\xc6u\x08\x83_\x9a\x0eP6\x04*\x17\
\xe7\x17~\xa8_n\x1f\xb4\xa6sk8*\x90\x8c\xe2\
\xaa\x15\x80q\x1c\xc0<s]_\xe2CxC\xc5\xd8\
{\x8dx\x09\x02\x8cEKA#\xc3\x10\xbe\x1c0\x1f\
\x99A\x0c[]^\xdf\xf1\xb0\xbf\xfdjR\x8d[\xc8\
1\x81(\xa5;\xd60P-\x80Y\xe6\xba\xee[\x89\
p\xd9\x16@\x10\x12\x7fp\x22\x18\x05\x8b\x01-\x0ca\
\xa0\xcf|`\x1a\x03^\x92\xbc\xbe\x16\xcd\xdf~1\xf1\
\x05\xac\xe3\x88@\xdc\xa5/o$F\x87\x01d\x8e\x17\
\x89\xa0=\xfd\x1c\xb4U\xeb\x00\xb2`\x0f\x94\x08\xc6\x82\
\x85\x80$C\xe8;o>\xe2\x02P!{\x0b\xbb4\
\x7f\xfb\xb9\xe4\x17J\x8e\xed\x81(\xc5;\xb7\x13\xd8\xbb\
\x00\xdc\xe3E\x12\x10.\xdb\x02\xdd\xf7T\xd4x\xba9\
\x08\xf9d\x1d\x84\xfe^\x189^@\x92\x22\x07\x04\x03\
\x90N\x1d\x83\xd8sv\xec=\x8a\x92\x11q\xd8\xc8]\
\x00\x961\x1d\xe2\xc5\xcf\xcde\x09\xa0\x17d\xaf\xef\x82\
\xe6o?c\xdd\xd9\xc5\xcf\xd6@\xdc%U?$\xc2\
\x1f\x22\xfa\x10%\x847V@_\xe2\x8b\x1a/\x5c\xf5\
\xc3u\xe0\x8f\x10\xfa{!\xf4\xf7\x81\x86\x87`,Z\
\x1a1F\xae=\x04\xa9\xb3\x05\xc2\xb5~\x88\xdd\x1d`\
\xf9\x05`\x99Y\x11cXN\x1e\xd8\xacl\x88\xe7\xbb\
\x016\xbe\xa3\x22\x02\xf8\x8e\x98\xeb\xbb\xae\xf7\xb7\xb7Z\
{\xa6\x93g[ JIU5\x81\xfd\x12\x136\x09\
C[\xb6\xc3(x\x22j\xbc\xd0w\x01\xae\xbf\xd4\x80\
\x82\xeax\x8dt\x1d\xba\xaf4b\x9c\xdc\xf0\x11H\x1d\
{\x8bAZ\x18\xe2\xb9N\x189^\xb0\xafD\xdc\x9a\
\xc0\xb2s`\xcc\xcd\x85\xd8\xd3\x05\x18\xe3;*D\x84\
\x0dR\xde\x0aM\xf3\x9fn\xb0\xe4D\xe3dK \xee\
\xe2\xaaW\x89\xd8\xaf\xcc5\xe6\xf6 \xfc\xddJ\x18\xde\
G\xa3\xc6\x8b=]p\x1d\xfe\x13`\xde8\x04\x80\x8c\
\x0c\xe8\x85+#JRG#(`z\xcf\xa7\xeb\x10\
?\xff\x0c,{n\xe46\x0b\x0063\x1bF\xde#\
c\xa1\xe8\x11;*\xcfHy\x85\x03\x9a\xbf\xfdtB\
'\x98\x84$^\xba$\x8e\x88m\x9eP@\xb8|\x07\
\x8c\xaf\xe5G\x8d\x15\xcf\xb6A>\xb2\x1f\xd0\xf5\xa8c\
\x93\xa6\xeb\x90\x8f\xec\x87x\xb6-\xea\x90\x91\xb7\x00\xa1\
\x17\xbe\x1f\xf5\xc2\x81\x886G\x0d\x9e\x02\xf6\x04\xc2\xe8\
\x1f\x11\x05\xc6 5~<\xf1\xb7\x14Rk\x03\xe4\xba\
C\x00\xb3`\x93\x96\x19\x90\xeb\x0eAj\x9dp%\xd2\
uHM\xc7\xcd\xf7\x92\xbb=E\xf68El\x09$\
\x90\x7f\xebM\x00\x07\x22\x1a\xe9\xed\x81\xfc\xf7\xf7\xc6~\
\xf8\x8cAj\xa8\x83t\xe2\x83\x89?(\x15\xf1\xbb7\
\x871H'>\x80\xd4P7\xf6\xb8\xcc\x80\xfc\xb7w\
!\xf4\x9e\x9f0\x85\xde\x09|\x9a\xff\xdb\x04\xd6J\x9a\
\x14{H\x0a\x1c<\xa8\xabK_\xfc\x9e2=+\x0b\
\xc0\xfa\xbbe\xf1\x8b3\xc0G\x0a@\x02\xc4\xce\xe6\x89\
\xb3\x06\x01\xb6\x0d\xa0\x8f\xe3[\x8cm\x02\xe8\xcf\x00f\
\xdf\xadH\xcd\xf5\xa0@\x000\xb4\xb1\xfb\x87\x09\x01G\
\x03aa\x07Pm\xcb\xdfNly\x86\x00\x00\xba\x0e\
\x86T\x1a*\x07C\xc4\xc7v\xc43\xad\xd1a\x10\xae\
\x18\x8c\x9eQY\xb0%\xdeeT\x16l1@\xab\x01\
\xf8#\xd6\xe9l\xbe\xcf=\x855\x06\xc2\xe26\xb4\xed\
\x9e\xf0\xeaa\xea\xd8\x17\x08\x004\x1d\x0c\xa8P7\x01\
\x88\xbe\xdb\xdes\x91\x91\xb8:\xd4\xbc\xa73\xd1eB\
\x9f\xee\xe9\x86\x80U\x00\xbex\xd0\x18\x02>S\x15c\
\x03\xdav\xdb\xba-oo \x00\xd0\xfc\xce\x90\x1c\x16\
\x9f\x03\xd0}\x9f\xa3g\x05\x91\xad\x0a6\xee\xbe\x90\xec\
2j\xe3\xde>\x91\xd1\xd3\x8c\xa1\xe3>\x87{\x04F\
\xcf\xa2\xbe\xe6f\xb2\xeb$\xcb\xfe@\x00\x0c\xb7\xed\xbe\
N\x14.\x03\xd0k*7\xbb\x08kFO\xed\x1bx\
\xd0\xbcx\xddn\xdes-\xe8\xd1\xbf\x09\xe0\x9f\xa6\xf2\
e\x08(\xbb\xdd\xbc\xe7\x9aU\xeb$\xc3\x11\x81\x00@\
\xa0\xe9\xed~Q\xd7KA\xec\x0d\x06z]U\xf4\xb5\
CM{o\xc4\x9e\x19\xa7\xfa\x9a\x9b\xaa\xa2\x971\x86\
\x1f\x81\xd8\x1b\x22\xa3\x22\xb5qo_\xec\x89S\xc3\x9e\
WY\x0fp\xbb\xb5\xe6*\x80\x9f\xa5|\xa1\xfa\x1a5\
\x08\xbc\x95\xf2u\x12\xe0\x98g\x087\x86\x07\xe20<\
\x10\x87\xe1\x818\x0c\x0f\xc4ax \x0e\xc3\x03q\x18\
\x1e\x88\xc3\xf0@\x1c\x86\x07\xe20<\x10\x87\xe1\x818\
\x0c\x0f\xc4ax \x0e\xc3\x03q\x18\x1e\x88\xc3\xf0@\
\x1c\x86\x07\xe20<\x10\x87\xe1\x818\x8c\xa3>\xe4\x10\
\xb7\xc0(\xa4\x96\x13Q\xb5t\x96\xd6\x81P`\x14\xd2\
\xc9Z\xbb\xdb\xb0Tz]\xb2<r\x08@<\x1f\x82\
6\xee\xccI\x1b\xe9\x15H}\x8d\xca\x18\x8eLv8\
\x03\x1dF}M\x22\xff\xc2`\x9b\xb4\xbbd\x055q\
\xab\xc7\xa5md\x86\xf0\xd5\xff5\x8e\x04\xe3?\xaa\xdb\
{t\xaa\xfa\xe28\x8e\xe38\x8e\xe38n\xd2R\xf4\
\xdd\xef\xd5\x82\xfb\xa9K\x0bEM\xc8\x8c=6\xfd\xe8\
\x921\x12<\x95\xdf\x93\x8a\x7f\x9d\xb6>\x90\xb5\xd5\x92\
\xa2^\xae\x05\xf0-\xcb\x1f\xdbQ\xe8\x98\xaa\xe4\xadG\
}\xb5\xa5_;k\xf9\xd6\x892\xea/\xc5C\x1f\x06\
\x00\xb0o\xdf9WKY\x1e\x08\x13i\x86\xd5\x8f\xe9\
T\xa98\xd7\x94\xefe\xb1\xd9\x99`\xf9\xb3b\x0fL\
\x03t\xe9\x06hp$\xf6\xc0$\xa4<\x10\xa3h>\
\xc2\xaf?\x1cW0\xf9\xad\xe3\x10k\xbbb\x0fLB\
zm\xbf\xff\x1f\xe0\x818\x0c\x0f\xc4aR~\x0f\x11\
k\xbbR~\xdd}\x98\xf0g\x88\xc3X\xff>\x84\x8c\
\xde\xd8\xa3\x1e\x0eL\x83\xe5_O\x9e\x92\xbd,Oi\
\xe5O\x18\xa3W\x01d\xc5\x1c\x9c\x9en\x11\xb1\xdf\x05\
\x9a\xf6\xbdiw#\x1c\xc7q\x1c\xc7q\x1c\xc7q\x1c\
\xc7q\x1c\xc7q\x00\x80\xff\x02V`\x91\x12\x94\xd3)\
O\x00\x00\x00\x00IEND\xaeB`\x82\
\x00\x00\x06\x08\
\x89\
PNG\x0d\x0a\x1a\x0a\x00\x00\x00\x0dIHDR\x00\
\x00\x00d\x00\x00\x00d\x08\x06\x00\x00\x00p\xe2\x95T\
\x00\x00\x00\x06bKGD\x00\xff\x00\xff\x00\xff\xa0\xbd\
\xa7\x93\x00\x00\x05\xbdIDATx\x9c\xed\xdb}l\
\x13u\x18\x07\xf0\xefsw}\xdb\x1ca\xbed\x09d\
\x92\xc0\x14\xdf\xa21\x83\xade*DB\x22*\xa8\x81\
\x22\x86\x10\xa4\x1bS\x90\x18\xff0\x88\x90\x184A\x91\
\xbf\x14\x09D\xa0\x05B\x14\xc2 D\xc6\x8b\x89A\x14\
\xc1\xb6\x1b` \xe8?\x0c\xa2\x12\x021\x11\x043\xfa\
vw\x8f\x7ft[\xda\xdb\x960{\xed\x8d\xf4\xf9\xfc\
\xb3\xf4\xb9\xbb\xdf\xf3,\xdf\xb5\xbd^o\x80\x10B\x08\
!\x84\x10B\x08!\x84\x10B\x08!\x84\x10B\x08!\
\x84\x10B\x08!\x84\x10b8 \xa7\x07pBES\
h\x94\xa1S\x90\xc0g\x93\xf1\xc8Q\xa7\xe7\xc9\xa5:\
=@\xc9\xd5\xb7V\xa8\xc4\xa7\x890\x17D\x0b\xb4\xd1\
\xf5\xa6~\xf9\xf41\xa7\xc7\xea\xa58=@\xa9y5\
\xbd\x11\xc0\x98\xbe\x02\xf1G^\x7fh\x85s\x13\xe5+\
\xbb@\x98\xe0\xed_\xa5\xd5\xc3%\x94\xb2\x0bdp\xb4\
\xda\xd7\xd8\xb2\xdc\xe9)$\x90\x1cL\xfc\x89\xcf\xdf\xbc\
\xcc\xc9\x19$\x10\x0b\x06\xd6x\x02\xcdK\x9d\xea/\x81\
T\xba\x015\xef\xec\x9f\x88\xb1\xce\x13h~\xc3\x89q\
\xca>\x10st52\xefM\x1f(\x94\x8d\x1e\x7f\xe8\
\xcdR\xcfS\xf6\x81\x00\x80\xf1t\x1d2\xcb\x9e\x03\x14\
K(\xa0\x0d\xde\xc6\x96\xd6R\xce\x22\x81\xf40\x9ey\
\x00\x99w\xa6\xf6\x0b\x05\xc4\x1b\xbd\x8d\xcd\xf3K5\x87\
f\xcb*\x8d\xf3Fx\xe0\xaaI\xc5\xb7u\x01\xe0\xbe\
z}k\x85\xc7\xab\xd7\xa6F\xfd\xdb\x85\xb66\xa3\xaf\
\xfeh\xd0\xed\x1eQ=6}\xf3\xfaE\xfc\xda\x96\xee\
\xab\x07\x83\xaa\xfb\xcf\xbb\xc6kP}\xb6\xcc5\x00\x03\
f\xdd\xa0\xdb\xa6=\x02dL\xb8\xd6\x1f\x05\xb8\xef\xd7\
P@\xd8\xea\x0b\xb4\xe8\x89\xe8\x96\x9d\xc5\x9a\xabW\xc1\
\xd7\xb2\xbc\x81\x85\x93\xc1J;\x80*\x22\x1cLDk\
g\x02\xabL\xb7\xbf\xe5a\x05|\x14@\x0d\x08'\x93\
\xdd\xe9)8\xbb\xa3\xbb\xb2\xb1\xa5\xc6 >\x0e\xa0\x0e\
\x84\x8b\xaan4uwn\xbb\x8a@\xd0\xe7\xe5\x11?\
\x00h(t\xa6\xa10\x1f\xacA\xfa\xf3W\xf3jj\
\xfb\x19\xb86\x1e\xcb\x0d\x05\x00t\x02\xcfK\xc4\x22\xbb\
\x8b9O\xe1/Y\xac,\x03P\x05\x00\xccx\xc1\xe7\
\xbf\x14\x00\x00\x15\xbc\x14@Mv\x1fL\xf0V\xb8^\
\x06\x00\x93x\x01\x80\xba\x9e\xfaXCUB\x00\xe0\xe3\
\xaa\x19(q\x18\x831f<\x01}\xd1S\xd6\xb2\xc6\
\xa0\xaf|\x8d\xa1Y\xc5\xecmC \xa8\xce}h\x82\
\xef\x01\x00f\xae\xce\xdfM\xc9\xd6\xc9Z\xc7\xdd\xd9\xe3\
\xb2?K\x8d\xef\x1f\xb8\xad\xfe\xca\x93\xd0CM\xd6\xb2\
\xc6D;\xdd\x8d-/\x15k\x1e{\xdeC\x8a\xc1\xeb\
\x02WW\x14\xb5\x859\xee>\xe8\xa1I\x83n\xd7\x83\
\xf5\x80aB\xdb\x1e\xcd-\xbb\x14\xe2\xdd\x9e\xc0\xa2Y\
\xa9\xe8\xe6\x03v\xcf4l\x031&\x8eAf\xc5\xf3\
N\x8f\x01}\xeeD c@\xfb\xba#\xb7\xec&6\
\xf7z\xfc\xcd\xb3S\xb1p\xbb\x9d\xfd\xe4\xb4\xf76\xe8\
\xf3\xfd\xd9`\xf2\xb9\x09\xd8\xe3ih~\xc1\xce^\x12\
\xc8m\xd2\x17\x04\xa0\xcf\xa9\xb7\x96\xdd\xa4P\x9b7\xd0\
<\xd5\xae>\x12\xc8\x10\xe8\x0b\x9b\xa0\xcf\xb6\x86\xc2>\
0\xf6{\x1bZ\x9e\xb5\xa3\x87\x042Dzh\x12\x8c\
\x17\x1f\xb7\x96+\xa0\xf0\xfe\x8a\x86\xd0\x84B\xd7\x97@\
\x86\x8a\x08\x99%\x93aL\x7f\xcc\xba\xa5\x92UZU\
\xe8\xf2\x12\x88\x9d8\xff\xa3\xfd\xff!\x81\x0c\x153\x5c\
\x1b~\x84z\xf8\x9cuK7\x99\xf8\xb0\xd0\xe5%\x90\
!\xd2\x22?C=p\xd6Z\xbe\x05\x93f\xde\xea\x88\
\x9c,t}\x09d\x08\xb4\xad'\xa0\xed9e\xa9R\
\x02\x84\x99\xc9\x8e-\xdf\xdb\xd2\xc3\x8eE\xca\x81\xb6=\
\x0am\xb75\x0c\xa4\xd9\xe4`\xaa#|\xc4\xae>\xf2\
\x0c\xb9\x0d\xda\x8e\x18\xb4]\x9d\xd6r\x9a\x81\xd9\xa9\x8e\
\xf0A[{\xd9\xb9\x98\x9d\xd4\xce?\xa0\x84\xb6\x17\xb5\
\x879\xf6^\xe8oM\x01WW\x0e\xba\x8f\xb6\xab\xd3\
z\x1d\x0b\x00\xd2LJy]\x5cD2\x03\xbar\xa3\
\xa8-\xd4+7\x00\xaf\x1b\x99w\xa7\x0d\xb8]k;\
e\xbd\xd2\x0b\x00\x19\x93iN:f\x7f\x18\x80\x0d/\
Y\xa4\xe0Z\xfe\x82\xf47\x00\x10\xd1\xf5\xbc\xfd`f\
\xebl\xadg\x8fW({\x5c\xa9\xd1\xa5k\x03\xd6\xb5\
}\xbf@\x8b\x9c\xb0\x96ub~-\x1d\xdf\xf2M\xb1\
\xe6)8\x10&\xac\x05p\x13\x00\x08hO\xc4j\xa3\
\x00`\x90\xfa\x05\x80\xab={u&3\xda>\x00P\
\x15\xd76\x00\xe7{\x0e\xefR\x0d3\x02\x00\x09\x8f\xd1\
\x0eF\xbf?G'\xa8\xedg\xa0m>n-g\xbf\
\xc2\x8dG\xf6\x16\xb3\xb7=\xff\x1f\xd2\x14\xaa\xf2\x98T\
\x93\x8a\x86/ \xf7&\x87@\xd0\xe71F\xd6\xa6\xc6\
\xfcs!\xef&\x87\xfaV\x97\xdb\x8dq\xe94.\xe0\
\xd4\xa6L_=\x18T\xdd\xbf\x8f|HSx\x80\x1b\
\xa2\xeda\x909\x89@\xebz\x1f[\xbfSW\x0f\x9d\
\xb3\xde\xe4\x90=\x8ch\xfe\x1dq\x93\xc3\x9d\xc6\xe3\x0f\
M'\xd0\xa1\xde\xc7\xb9\x81\xa8\xdf\xfd\x06\xd7gG\x00\
3/\x0c\x13\x8c\xd7\x93\xf1\xf0\x8eR\xcc'\xa7\xbd=\
\xd4c\xe7\x07\x0a\x83\xc1\xb4\xb8Ta\x00\xc3\xf9,\xab\
\x84\xd4\x9f\xba\xe0Z\xfbm\xbf0\x18\xbc$\x15\x0fo\
*\xe5,e\x1f\x88r\xf9:\x94O\x0f\x03\x86%\x0c\
\xc2\xe2T4\xf2e\xa9\xe7)\xfb@\xd0\x9d\xb6V\x98\
\x09o\xa7\xa2\xe1\x92\x87\x01\xc8{H?\x04,OE\
\xc3\xeb\x9d\xea/\x81\xe4 \xa6\xf7\x13\xb1\xf0Z'g\
\x90\x97\xac>\xbc2\x11\x0f\xafqz\x8a\xb2{\x86\x10\
Q\xbf7\x0d\x80W&c\x91\x8fK?M\x7fe\x17\
H\xd2Lv\x02\xfcW\xcfC\x06\xd3\x07\xc3%\x0c\xa0\
\x0c?\xa9\x03\x80\xa7)4\x9ete2\x91q&\x11\
\xdb\x1awz\x1e!\x84\x10B\x08!\x84\x10B\x08!\
\x84\x10B\x08!\x84\x10B\x08!\x84\x10B\x08!\xc4\
\xf0\xf3\x1f\x10\x92\xda~\xf4{\x01\xb9\x00\x00\x00\x00I\
END\xaeB`\x82\
\x00\x00\x08\xb8\
\x89\
PNG\x0d\x0a\x1a\x0a\x00\x00\x00\x0dIHDR\x00\
\x00\x00d\x00\x00\x00d\x08\x06\x00\x00\x00p\xe2\x95T\
\x00\x00\x00\x06bKGD\x00\xff\x00\xff\x00\xff\xa0\xbd\
\xa7\x93\x00\x00\x08mIDATx\x9c\xed\x9d{p\
\x15W\x1d\x80\xbf\xb3{\xef\xe6\xe6\x9d\xf0\x92Wy\x94\
\xa7@)\x12\x844\x80D\x10\xa8\xd8\xd2\x11\x88\x8eS\
\x9d\x81$\xea\xd0Q;\x96\x8e\xa0T:meZ\xeb\
\xd0:\xa3\xd3\xa9\x8e\x94i\xff\xf0A)*P\x1c^\
\xb6\xd6\x02\x91\x81\xd2\x02\x02\xad\xe5Q\xcb\x10jZ\x02\
\x84\xbc\xf6u\xfccCB\x9a\x1b\x92\x1b\xf6\xee\xdd\x90\
\xf3\xfds\xef\xd9\xdd\xfc\xce\xef\xce\x97s\xcf\x9e\xb3g\
\xf7\x82B\xa1P(\x14\x0a\x85\xc2\x7f\x84o\x91\x8a\x97\
\xe6\xc5j\xb5^\xbe\xc5\x0b\x18\xcd\xa0\xa1n\xef\x0b\xe7\
S\x9d\x87/B2\x0a\xbe3\xc0\x8d:\xef\x02\xd9~\
\xc4K!k\x1b*\xd6?\x92\xca\x044?\x82HC\
\x0e\xa7\xfb\xcb\x00X\x1d+,_\x9d\xca\x04\x22~\x07\
4\x1f[\x08\xf9\x19~\x87M*\x91_\xeeF;\xfd\
qSI\xfe,\xbd\xb0\xac\xae\xbeb\xfd\xb3)\xc9\xc5\
\xef\x80rxod\xdfn\xd6X\xd2\x0d\xefU\x08\x90\
\x12\x09\xeb\xd2\x0aK\xeb\x1b+^x>\xe8T|\xf9\
\xca\xbaUp\xc6M\xc2\xed?\x18@\x08\xc4s\xb1\xc2\
\xb2\xf2\xa0sPB\xae\xc7\x88a\x96\x94\xe2\xf6\x1b\x08\
\xde\x09\xcf\xf3\xe9w\x95\x7f#\xc8\x14\x94\x90O\x93\x96\
\x8eUR\x8a\xec\xfd\x19\x00]J\xf9bZa\xe9\xc2\
\xa0\xaaWB\xe2 \xd331K\x96!\xf3z\x01D\
\x05\xe2\xe5\xb4i\xe5\x0b\x82\xa8[\x09i\x07\x99\x95\x8b\
\xf9\xf5o#s\xf2\x00\x0c!\xd8\x14+,/Nv\
\xbdJ\xc8\x0d\x90\xd9y\x98%e\xc8\xacl@\xa6\x83\
\xdc\x16\x9bZ>3\x99u*!\x1d \xf3\xfbx-\
%3\x0b Shrk\xc6\xd4\xd2)\xc9\xaaO\x09\
\xe9\x042\xbf/\xe6\xe2Rd,\x03\x09\xb9\xae&\xfe\
f\x14\x95MHF]JH'\x91\xfd\x06`-Z\
\x0aF\x1a@\x1f\xcd\x95{\x8c\xc2\xf2\xcf\xfa]\x8f\x12\
\x92\x00\xee\xc0\xdb0\x17/\x83\xa8\x01\x88~\x1arg\
\xec\xf3\xa5\xb7\xfbY\x87\x12\x92 \xee\xa0\xa1\x98\xf7}\
\x0b\xf4\x08\xc0`t\xf1Z\xac\xa8l\xa8_\xf1}\x9f\
\xcbJ\x09\xb5&\xc4\xa2\xa0\xdf\xdc\xd5\x04\xfd\xc8\x01\xb4\
\xe3ow\xee`\xe9^{7\x04\x87\x1d\x14?0\x85\
\xd7\x9f\xbbzS\x09p\x0b\x08\x89l<Hd\xc3>\
\xaf\x90a \xb3c\xc8\x9c\x18\xe4\xc4\x90Y1\xc8\x8e\
!\xb3c\x90\x93\x863}d\xfc\x89\xcf\xec\x98\xf7\xea\
8\x08\xa7>\xf1$\x04c\xd2\xcd\x86;\xeaa\x7f\xd7\
?\x89G\xb7\x17\x22\xaa\xebZ\x0au&\xa2\xceD|\
t%\xee\xb1Z\xc5\x19\xcc\xa7\x16\xb5\xd9n}\x7f6\
\xda\xb4\xe1\xe0\xca\xc4\xea\xbe\xdaHd\xc3^\xaf o\
\xb2y6\xd1\xed\x85Xe3p\xa6\x8f@\x5c\xac\x83\
\x9a\x06DMC\xd3k#\xda\xc1\x0f\x10\xd5\xb5\xd7\x1d\
\xec\xc4\x8d!{e\xe0\xdc=>\xe1\xbaEUM\x8b\
\x10\x9f\xe8\xf6B\x88h\xb8\x13\x06\xb5\xde\xe6H\x22/\
\xedG\x5c\xaak\xb5Y\xe6\x86\xff\xc2Yh\x84\xe8\xaf\
\x1eE\x5c\xb8\x82}\xffT\xaf\x83\xee\x22\xa2\xba\x96\xe8\
\x93;\xd0\x8e\x9e\x03@\x0e\xef\x03\xb6\x8b\xf8\xf0\x22d\
\xa7\xf9\x95n\xd2H\xfdi\xaf\x94D~\xf7O\xa2\xbf\
~\x8d\xc8\xa6C\x18+_i\xdd/$\x80v\xbc\x12\
\xe3{\x7fl\x96\xe1\x14\x8f\xa1\xf1\x99\x12\x88\xea^U\
y\xe1o!\xa9\x15\x22%\xd1\xdf\xbcA\xe4\x95\xc3\xcd\
\x9b\xb4\xf7\xfe\x87\xf1\xd0F\xc4\xb9\xea\x84B\xe9\xdb\x8f\
a\xac\xda\x8c\xb8X\x0b\xba\xc0^V\x84\xb5r\xbe\xd7\
\xda.7\x9d9\xa9\x16r\x03\x5cI\xf4\xd9=\xe8\x7f\
}\xc7+N\x19\x86\xb5|\x16h\x02q\xe1\x0a\xc6\x8a\
Mh'*;\x8e\xd3`\x11}z'\xd1_\xfd\x1d\
,\x07\xd9;\x0b\xf3\x17K\xb0\xbf\xd62\xff'j\x1a\
\x00\x909\xe9I\xf9(~\x92\x9a>\xc4\x95D\x9f\xd9\
\x85\xbe\xe7\xa4W\x9c:\x0cs\xf5\x020\x22\xc8A\xf9\
\x18k\xb7#\xae\xd4c\xac\xdc\x8c\xb5b.\xce\xac\xd1\
q\xc3\x88\xf3\x970\x9e\xd8\x8e8\xeb\xad\x18q'\x0c\
\xc4\xfa\xc9\x97\x91\xf9\x99-\x075X`\xda\x00\xde\xf8\
$\xe4\x04\xdfB,\x87\xe8\xda\xed\xcd2\x9cY\xa31\
\x7fz\x0f\x18\xde\xff\x86[0\x04\xf3\xa9E\xc8\xfc\x0c\
\xef\xd8\x9f\xef \xb2\xf1`\x9b0\xda\x81\xb3\x18\x0f\xfe\
\xa9Y\x86\xb3`\x02\xe6\x93\x8bZ\xcb\x00\xc4\x95\x86\x96\
B\xaej!\xadi\xb41\x9e\xd8\x86v\xe8\xbf\x008\
\xf3\xc7c\xfd`6h\xad\xc7T\xee\xe8~\x98\xebJ\
0\xd6lA\x9c\xab\xf6F\xe2\x97\xea\xb1\xcbgxI\
\xbfT\xe1I\x92\x12\xd2\x0d\xac\x1f\xce\xc1\x999*~\
\x9d\x9ah\x8e\xdf\x1d\x96'\x05'\xa4\xde\xc4xt[\
\xcb\x19\xd0\xbdwb-\xff\x82\xb7\x16*\x0er@.\
\xe6\xba%D\x1f\xdb\x86v\xbc\x92\xc8\x9f\x0f#\xaaj\
\x10u&\xda[\x9eP98\x1fs\xcdW\x90\xb7\xb5\
\xbf\xa4X\xf6\xc9\xc2|\xfc>\xd0\xbc\xf7a'\x18!\
\xb5\x8d\x18\x8flA;\xe9u\xd2\xf6\x92\x02\xec\xb2\xe9\
\x1d\xfe\x99\xccI\xc7|j\x11\xd1u\xbb\xd0\xff\xf1\x1e\
\xfa\x9b\xef7\xefs\x0bo\xc7|x\x1ed\x1a\x1d\xc6\
q\x0b\x86t=\xf7\x80I\xba\x10q\xb5\x91\xe8\xaa\xcd\
h\xa7\xaa\x00\xb0\xbf9\x0d\xfb\xfei\x9d\x0f\x10\xd5\xb1\
~4\x1f\x99\x9fI\xe4/\x87\xbdS\xda\xa5\xd3\xb1\x17\
\x7f\xae\xdd\xd6\xd5\x9dI\xba\x10\xed\x8d\xffx2\x84\xc0\
.-\xc2^R\xd0\x85 \x02\xfb\xbb3q\x8b\x86#\
s3\x90C\xba\xed]\x0f\x1d\x92t!n\xd1\x08\x9c\
\x13\x95\xb8\x93\x06\xe3\xcc\xb9\xb9+\x9e\xee\x1d\x83}\xca\
*\xbc$]\x88\xccK\xc7Z17\xd9\xd5\xa0\x9d\xfe\
\x98\xc8\x8b\xfb\xc0r\xdb\xec\x939i\xd8\xcb\xbf\x88\xcc\
\x0d\xff8$4\x93\x8b7\x8b\xfe\xeaQ\xb4\x03g\xdb\
\xdd\xefN\x1e\x8a3o\x5c\x80\x19u\x8d[F\x08\xae\
\xd72dV.\xee\x881\xcd\x9b\xf5co\x81c\x83\
\xdd\xb6\xe5\x84\x91[GH\x13\xb2w_\xac\xb9_m\
.\xeb'\x8exB\xba\x09\xa9\x9f~W\xb4\x22\xb4-\
$\xf2\x87\x03\xe8\xbbOz\xd3#\x9f\xc2\x1d?\x10\xeb\
\xa1/\xa9qH\x90\xe8[\x8f\xb6\xbe\x1e~\xfd\xbe\xca\
\xcb\xd8\xe53\x90\xdd`\xb20QB+\xe4\xda\xba'\
w\xe48\xdc\x81MS\x1f\x8eMd\xefn\xef\xbd\xdb\
=:\xe9D\x09\xaf\x90&\x9c!#p&\x17y\x05\
\xb3\xa1E\xc8-\x8a\xea\xd4CF`-\xc4x|\x1b\
\xda\xbf\xce\xb4]\x8c\xa6\x09\x9c\x99\xa3\xb0V\xdd\x1dT\
*\xa1&\x98\x16b\xbbh\xfbO\xc7_\x19\xe8J\xf4\
\xbd\xef\xb7\xdd\xdeC\x09\xa6\x85\x5cw\xea\xea\xdc9\xed\
\xdam\xc7h\x95\x1f\xa2\x1f;\x18\xf7\xd4\xb6\xa7\x12x\
\xa7\xee\x0e\x1b\x853\xaai\xd9f\xd4\xf0\x84(\x9aQ\
\x9dz\xc8PBBF\xe0_Y\x91}\xbb\xd1\xdf\xae\
\x00@\xd4\xd6t|\xfc\xe1\x0a\xf4S'\xbcB'\x06\
\x83\xe2\xa3\xf3\x18/\xafo\xd9`\x9b]\xca3U\x04\
#D\xd7 \xa2y\x8b\x9e\xab.\xb4}j\x9a\x11g\
qu\xd4KMTW!\xaa\xabZ\xef\x13\x02iD\
\xe2\x1f\xdfP\x87\xf8 \xceY[Z\xe8\xc7\xc0@P\
B4\x81\xf5\xf0<\xb4#\xe7\xe2\xeev'\xb7\xbdE\
\xcfzp6\xfa\xbeS\xf1\x8f\x1f\xd3\x1f2[\xaf\xd3\
\xb5\x97L\xf6\xde8m\xef\x01\x91Yi83F&\
\x98tj\x08\xec\xdf\xc6\x995\xba\xdd%\xa1\xf1p\x0b\
\x86\xe2\x16t\xfe^J\xd9/\x1b\xeb\x81Y]I-\
T\xa8N=d(!!C\x09\x09\x19JH\xc8P\
BB\x86\x12\x122\x94\x90\x90\xa1\x84\x84\x8c\xe0\xe7\xb2\
~\x7f\x00\xad\xe2t\xf2*\x10\xe0,\x9c\x843gl\
\xf2\xeaH\x22\x81\x0b\xd1\xb7\xbe\x83\xb8\xd4\x85\x07\xbc$\
\xc2\xce\x7f+!\x9d\xc5\xfa\xf1\x02\xb4Cg\xf1\xf3\x97\
2Z\xa1\x09\x9c\xe2\xceO\xd1\x84\x8d\xe0\xaf\x18N\x1c\
\x84;qP\xc7\x07\xf6PT\xa7\x1e2\x94\x90\x90\xa1\
\x84\x84\x0c%$d(!!C\x09\x09\x19\xc1\x8f\xd4\
7\xecE\x7f\xf3T\xb8W+\xea\x02{\xe1$\x9c{\
'\x06^u\xf0#\xf5]'\xba\xfc\xc4\xb8 \xd1_\
\x7f\xb7g\x08\xb1\xd6\xdc\xd3\xee\xea\x93\xd0 \x04\xce]\
\xbe>A\xbc\xd3\x04?R\x1f\xdb\x1fwl\xff\xa0\xab\
\xed6\xa8N=d(!!C\x09\x09\x19JH\xc8\
PBB\x86\x12\x122\x94\x90\x90\xa1\x84\x84\x0c%$\
d\xf8>R\x17g>I\xfe\xaa\x92\xb0\x90\x8499\
\xdf\x85\x18\x8fn\xf1;d\x8f\xc2\x97\xaf,\xcd\xb6N\
\x03\xf1\x7f\xf8\xa9\x07 \xe0\xb2\xe6\xca\xf8\xf7\xdf%\x1e\
\xcb'\x8a\x97\xe6\xc5j\xb5[\xf7\x81\xba7\xa0\xc1\x8d\
|\xc2\xa1\xdf^Nu\x1e\x0a\x85B\xa1P(\x14\x8a\
\xf6\xf8?\xe3\x04\x88\x81\xa57\xfcZ\x00\x00\x00\x00I\
END\xaeB`\x82\
\x00\x00\x0d.\
\x89\
PNG\x0d\x0a\x1a\x0a\x00\x00\x00\x0dIHDR\x00\
\x00\x00d\x00\x00\x00d\x08\x06\x00\x00\x00p\xe2\x95T\
\x00\x00\x00\x06bKGD\x00\xff\x00\xff\x00\xff\xa0\xbd\
\xa7\x93\x00\x00\x0c\xe3IDATx\x9c\xed\x9d{p\
\x15\xd5\x1d\xc7\xbf\xbf\xb3\xf7I\x02A\x02\x04\x81\xf0\x96\
\xf7\x1b\xcd\x0dA\x05\x11\xb5\xa0\x18\xac\x82\x05\x8b\x85$\
\xdaN\xa7\xd4v\xda\x8em\x9di\xed\xd4\xc7t\x1cG\
\xab\xd3i\xa7<\xb4\xb5H\x15\xc5\x8a\xad\x0a*\x82\x82\
ID\xa0 \x88\x015\x80\xe1\x15(!D\xb8\xaf\xdd\
\xf3\xeb\x1f\x09\xe1\xee\xe6\xde\xbb{onr\x1f\xdc\xcf\
L\xfe8g\xcf\xef\xeco\xef7{\xf6\xecy\xfc\x16\
\xc8\x92%K\x96\xb4\x81\xe2\xb2\x9a?_q\x1d\xce+\
\x01\xf1,\x10\x06\x00\xc8I\xac[q\xe3g\xe6\x17\xfc\
\xd5\xab6&\xdb\x91x\x89Y\x90.S\xcb\xe7I\xc6\
\x1f\x00\x0c\xef\x00\x7f\x12\x81d\xd0\x8f\xfcU+\xfe\x9c\
lG\xe2A\xb1^\xf4a\xe1,\x1e\xfa$\x80\xa7\x01\
\xe4w\x94C\x09\x80\x08\xb8\xd5\xd6\x7f\x8a\xaa\xd6\xed\xfc\
0\xd9\xce\xc4\x8aeA\x5c\x9e\xa1\x8f\x12\xe1\x17\x1d\xe9\
L\x82\x99i\xef?%_\xad\xbb}\x03\xb0\x99\x93\xed\
\x8cU,5Y\xae\x92\xf2\xeb!\xb19\xb4<\xe7:\
\xa1\xcd\x19\x0b9\xae\x1f\x90\xd7\xa5\xc3\x1c\xb4\x82\xd8\x5c\
\x03\xdb\xba]\x11\x8e\xf2s\xbe\xc2\xa6\xfb\xb0v\xad\xd6\
\xa9N\xc5\x89\xcdR)\x89G\x11*\xc6\xc0|\x04\x1e\
\x9b\x07\xee\x91\x1a\xcfr\xb1\xf7h\x94\xa3\xb4\xd4\xf9u\
^w\xff\xece\x0b\xf1\xd6\xb3\xfeNs*N\x84Y\
\x01\xf75K\x0b\x01Lk\xcd\xb0+\x08\xfc\xf6\xb6\x94\
\x11#,\xa4\xbf\xf1\x09|\x87\xab\xe1\xc2\x7f0\xe3\x87\
\xb9I\xf2\xc82\xa6\x82\xc0&\xaeC\xc8\xdd\xa1\x95\x0c\
\x05_\x99\xd7\x91>\xb5\x1b\xf5\xeak!\xfb\xf47f\
\xdf\xe8\xf2\xf9\xdf\xebZto*wH,\x08\x22\xd1\
74\xc9\xc3zw\x983\x09\xc3\x9d\x83\xc0\x82\x0a\xc8\
\x01C\x8dG\x8a\x82\x8a}\x8b{\xea\xbd\xfd\x92\xe1\x96\
\x15L\x05ab]\xdb\xc4.k\x8f\x9d\xa4\xe3p\x22\
p\xe7Rh\xc3\xc7\xea\xf3\x19c\x98\xed\xdb\x9c\x9e%\
W%\xc7\xb1\xe8\x98\xdf!\xe9\x8c\xa2 8w!\xb4\
\xb1W\x1b\x8f\x0c$R>\xcc)\xb9ob2\xdc\x8a\
Ff\x0b\x02\x00$\x10\xbc\xe5\xdbP\xaf\xb9\xcex\xa4\
@\xd5\xe4\xfbnO\xd9\xb5\xc9p+\x12\x99/\x08\x00\
\x10A\x9d>\x07\xea\xf5\xdf2fwg\xa2\x0d\xce\xe2\
\xb2\xd9I\xf2\xac\x0d\x97\x87 -\xa8E\xd3\x11\xbc\xb1\
\xd4\xd8-\xeeB\xa0\x7f\xb9\x8b+\xeeN\x96_\xa1\x5c\
V\x82\x00\x806\xa9\x18\xc19\x0b\x00\xa1\x1b5r0\
x\x8d\xd3S\xfe@\xb2\xfc\xbaHF\x08\xc2N\xbb>\
#\x18\x8cZ^\x1b5\x11\x81\xd2{\x00\x9b\xce\x8e\x88\
\xf0\x94kj\xf9\xaf\x12\xee`\x0cd\x86 =\xf5/\
\xe0\xa2>\xdaPJ3r\xe8(\x04\xeeZ\x028\x5c\
\xa1\xd9\x04\xc6c\xce\xa9\xe5O \xde\xb9\xa2v\x92\x19\
\x82\x8c\xea\x03(\x97~?\xf1\xd5\x01\xd0\xa9\x13\xa6v\
\xb2\xff\x10\x04\xee\xae\x00\xbb\xf5\xc3@\xc4\xf8\xb9\xab\xb8\
b9\xe6\xcf\x8faz\x221d\x86 ]]\x90S\
\x06\x86dH8^\x7f\x01t\xf6\x8c\xa9\xad,\xe8\x87\
\xc0\xa2\xef\x83\xbbv7\xd6Z\xee\xfc\xba\xdbK\x98\xbd\
\xcc\x99Xo\xa3c\xfa\x1f`\xeb?i\x06@3.\
\xa6e\xd1 \xf0\xf0\x82\x8e\xf5*\x0ex`>\x94\xb7\
\xf7\x02-3\x1f\xe4\xf3\xc2\xf6\xe9' \xefy@S\
A\x01?\xe8|S\xf8?M\x03\xf7\x1d\x00\xe5\xd0\x01\
@S[\xeb$`\xb4\xcd\xa7\x16\xab\xc3\x8a_\xc3\xa1\
\xed\x81\xce\xb8\x8e4\x19\x071G\x0e\xe9\x09uI\x09\
l\xab\xb6]\xca\x0c\x06\xa0\xec\xd8\x06e\xc7\xb6\xc8\x86\
\xa6\xf0,\x97\xcf\xbf\xca\x07,h\xb7\x93\x16\xc8\x88&\
\xeb\x22\xea\xfc)P\xef\xf1\xb4\x19~O\x00s\x13]\
a$2J\x10\x00P\xbf\xebA\xe0\x91R\xf0\xe0\x9e\
\x89\xac\xd6\x91\xc8\xca\xa2\x911MV(r\xf2\x00\xf8\
\xff\xb4\x10\xe2`=\xc4\xce#\xa0\xfa&\xe0\x9b\xd8&\
\x0b\x95\xaa\xaf\x80`\xe7\xcf\xfaf\xa4 \x00\x00\x22\xc8\
\xe1\x05\x90qv@\xc4\xc2\xe5\xa0\xb3\xde\x04;e\xe1\
\xbc\x9d~\xc6,Q\xc9\x0a\x92bd\x05I1\xb2\x82\
\xa4\x18YAR\x8c\xac )FV\x90\x14#+H\
\x8a\x91\x15$\xc5\xc8\x0a\x92bd\x05I1\xb2\x82\xa4\
\x18YAR\x8c\xac )FV\x90\x14#+H\x8a\
\x91\x15$\xc5\xc8\x0a\x92bd\x05I1\xb2\x82\xa4\x18\
\xe6\x8b\x1c\x88\x18i\x13\x07!\x064\x868t\x1aT\
\x7f\x0eh\xf0\xb6,h`\xc0i\x07\xbb\xed \x7fr\
\xe2\x0cd\xee\xaa\x930P\xddY(\x9bk v\xd7\
A\x1c<\x09\xf8Us\xa3\x16S\xa7\xa7\xfc\x01!\xe5\
:\xef\xf6\xe7\xbe\xeeH\x1f3_\x10\x8d\xa1\xbc\xb7\x1f\
\xca[{!>7_\x11\x1f\x01\x22\xc2\xd3\xac\x88\xa7\
\x5c\x9e\xb2\x8d\xcc\xf4\xac\xff\xe3\x95o\x02\x89o;2\
W\x10\xc9P\xb6\xd4\xc0\xb6\xfac\xd0\xd1\xb3\x89\xaa\x95\
@t\x0b\x11nq\x15\x97m\x07\xe3A_\xf5\xaa\xf7\
\x13U9\x90\xa1\x82\xd0\xa9&\xd8\x9f|\x07bw]\
\xe4B\x0e'd\xaf+\xc1\xbd\xfa\x80s\xba\x82\x1dN\
\xc0f\x07\x05\xfc\x80\xcf\x0bj8\x05q\xfa\x04\xe8\xcc\
\xe9Hg\xb9\x06\x84M\xae\xa9\xe5/8\x80\x9f\x9c\xab\
\x5ci\xbe\xf7\xc1\x02\x19'\x88\xb2\xe5\x00\xec\xcfn\x02\
\xce\xb7\xdd=\xc0\xb9\xdd\xa0\x8d\x18\x0f9b\x1c\xe4\x95\
\x85\x96\x16eSS#Dm\x0d\x94}\xbb \x8e\x1d\
\x06\xd8\xd0J1\x16\x07\x80\xeb\xdd\x9e\x8a\xefx\xabW\
T\xb5\xd7\xff\x8c\x12\xc4\xf6\xd2v\xd8\xfeV\xd5\xe6G\
\xe3\xee=\xa0\x16M\x876f2\xa0\xc4v\xc9\xdc5\
\x0f\xda\xf8\x22h\xe3\x8b@\xa7N\xc0V\xb9\x09\xca\xc1\
\xbd\xc6s\x0cd\xe2\xf7\xdd\xc5e\xdf\xf3V\xadz\xb9\
]\xd7\xd0\x1e\xe3\x94\x81\x19\xf6\xbf|\x00e\xfdn}\
\xbe\xa2@-\x9e\x09\xd53\xdd\xb8\xeb6\xbe\xd3\xf4\xea\
\x83\xe0\xed\x8b\xa0\x1d=\x0c\xfb;\xaf\x81N\x9f\x0c=\
\xecb\xd0\x1a\x97\xa7\x22\xc7W\xbd\xe2\xb9x\xcf\x91\x11\
/\x86\xb6\x7fT\xb7\x11\x83\xf3{\xc3\xbf\xf8\xc7P\xa7\
\xceL\x88\x18\xa1\xc8~\x03\xe1_\xbc\x0c\xdaD\x8f\xf1\
\x90\x00\xf1rwqY\xdc\x9b{\xd2^\x10e\xcb\x01\
\xd8\xd6l\xd7\xe5\xc9\xc2!\x08,\xfa\x01\xb8g\x07F\
.R\x14\x04g\xcdC\xf0\xa6y\x00\xe9~F\x85!\
\x9e\xefRr\xdf5\xf1T\x9b\xd6\x82\xd0\x913\xb0?\
\xf9\xae\xae=\x97\x83\xaeB\xe0\xae\xa5`\xa7\xbbS|\
\xd0&x\x10\x9c3\xdf\xd0A`\xb7\x94\xf2eL\xb9\
?\xe6\xc0b\xe9+\x88d\xd8\x9fz\x0f\x08^z\xdb\
\x96\x05\xfd\x10\xb8\xfd\x9e\x98\x1f\xdc\xedE\x1b5\x11\xc1\
\x19\xb7\x1a\xb3\x07\xb9\xec\xeaS\xb1\xd6\x95\xb6\x82(o\
\xec\x81\xf8\xfcxk\x9a]]\x10\xbc\xe3^\xc0\x11\xdf\
.fq\xea8\xec\x9b\xde\x80\xb2\xa7\x1a`\x19\xb3\xbd\
6e\x1a\xb4Q\x93\x0c\xb9\xb4\xc4]\x5c>-\xacA\
\x04\xd2\xb3\x97\xe5\x0b\xc2\xb6\xbaZ\x97\xa5\xce\x9c\x0b\xce\
\xed\x16_}~/\xec\xff\x5c\x0e\xf2{\x9b\xf7\x89\xab\
\x1a\xb4\xc9%1W\x13\xbc\xa9\x14\xa2\xae\x16\xd4\xd4:\
2@\xccx\x02\x80\xe5\xca\xd2\xf2\x0e\xb1\xbd\xb9\x17\xd4\
\xe4kM\xcb\xc1\xc3\xa1\x8d\x8e?\x16\x998s\x0a\xe4\
\xbf\xb4}M\x1c=\x1c_E\x0e'\xd4\x99\xb7\xe9\xf3\
\x08S\x9d\x9e\x8a\x9b,\xfb\x12\xdf\x99\x93\x88*\xa1\xbc\
\x16\x12\xa3\x97\x08\xea4\xcb\xd7\x1b\x1eil\xa2bo\
\xb2.\xa2]5\xa6y\x14 \x04A\xbc\xcc\xaa}\xda\
\x09\x22v\xd7\x81N\x7f\xd3\x9a\x96CF\x84\x8b@\x9a\
TT\xcf\x0d\xba4\x03s\xbaL+\xeb\x1b\xa1\xb8\x0e\
sA\x98\x93\x12\x15'\x12\xcaG_\xe8\xd2\xea\xb8\xb8\
\xba\xfb\x1d\x8a\x1c:\x12\x9c\xab\xeb\xf1*\x9a&J\xad\
\xd8\x9a\x0bB\x94:\xf3\x85\xcc\x10\x95\xb5\x97\xd2N\x17\
\xe4\xe0\x11\xc9\xf3'\x12D\xd0F\x8c\xd3e\x09\xc89\
VL\xd3\xaa\xc9\xa2\x13\xe7@\x0d\xe7[\xd3\xda\xe0\xe1\
\x80\xd2\xe9\x11\x94,!\x07\xe9\xa3\xd02\xa8\x04\x16b\
p\xa5\x95 \xe2\x90~n\x82\x0bR\xeb\xd9\x11\x8a\xec\
?\xc88\xbc\xdf\xc3Yr\xff\x103\xbb\xb4\x12\x84j\
\xf5s@\xb2\xc0\xd2s29\xd8\x1d\xe0n\x86\x18\x5c\
\xcc\xc3\xcc\xcc\xd2\xea\xc5\x90\xce|\xa3Ks^\x0fS\
\x1bq\xa2\x0e\xca\xae\xca\xa8q\x18\xc9wAos\xec\
k\xd8\xd7\xbf\x18\xc5\x11\x02\xf7-\x84:yZ\xd4I\
.\xbe\x22\x1f\xd4\xd8p\xc9\x8cea\xc4\xc2-\x98\x0b\
\xc2LI\x0a?\xd8\x16\xaf~\x16\x90]&\x03\x88j\
\x10\xf6W\x9f\x03y/D/g\x80\x9a\x1a\xa14}\
\x1a\xbdP\xcd\x1e\xb0\xc3\x09-J/\x8f\x1dz\xff\x88\
\xc9t\xb01\xbdzY^\xc3\xb2\x1dG\xf4\xa8I\xe4\
\xf3\xc6,F,PC\xa4\xf9\xf6\x16\x0c\xfe1\xb1\xe9\
\x10tz\xbd\x87\xd8\x0c\xee\x06\xa3G\xdd\xe3\xdcn\xd0\
\xc6\x18\x07\xfc\x12\x03\xe7\xe4B\x1b\xd7&\xa6\xbc\x1eU\
\xdfL\x12\xb1i\x8c\xa8\xf4Z\xb9\x98gh\x02\xfc>\
\xb0>\xcck\x1b\x82\xb3\x17@-\x9e\xd9\xbc\x9a$\x02\
T\x7f\x0c\xf6\x0d\xebZ\xd3r\xc0P\xa8\xd3\xa3D\x1f\
'\x82\xbc\xa2'`7\xb9C\xfd\xfasJ\xd0\xb9\xa8\
\x06H\xb3\x87:w\xd3\xff\xf8\xd4t.L4\xd10\
vW\xf4\x8c\xfa?%\x0c\xff\xc9\xecvC\x16\xb4\xff\
\x13#m\xa3\xa2\x0a\xd3\x80\xc2i\xd5\xed\xe5\xbe\xfag\
\x22\x9d4\x0f\x98\x9c44\x0d\xd4\xa8\x17\x84\x99\xbf4\
3\xb3\xf2\x0c\xd1?Ie\xf2\xda/9\xa2\x8f.-\
RX\x10q\xfc0 u\x0b\xb6\xcf\x07\x0a\x1b\x0f\x98\
\xda\x99WM\xf5\xba\xd4\xa9\xa6X}K\x18\xdc\xaf;\
8\xf7\xd2\x8c\xa0\xa8=\x10\xd7\xec^g \x0e\xb7\xb9\
\x19\xaa\xac|\xba\xcfT\x10\x02\xf6\x87\xa6\x95m_\x02\
j\x92~\x04\x22\xc8\x09\x97\x86K\xe8|\x13\xc4\x91\xda\
(\x06I\x82\x19\xca~\xfd\xb2$\x02,}\x9f\xd7T\
\x10o\xe1\xb9*\x80[\xef\x12:\xde\x08\xdb\xdf+c\
\xf61Q\xc8\x1bF\xea\xd2\xcag;\x92\xe4Id\xc4\
\xd1C\xa0\xb3\xff\x0b\xcdbIX\x17\xa9\xbc\xce\xd6\xb4\
\xc4\xda\xb5\x1a\x81\x9e\x0c\xcd\xb2\xad\xdd\x01\xfb\x13\x1b@\
'L{q\x09G+\x1a\xa4k\xb6\x94\xfd\xbb\x8d\x17\
\x9ftl\xd5[\x8cY\xdb\xfc\x95+\xbf\x08W\xb6\x8d\
\xad\x95B^\x97\xf6\x8c\xdb\xa7,b`\xc2\xc5<e\
S\x0d\x94M5\xe0\xde]\xc1y\x9d\xb3\x06\xea\x22\xa4\
\x85t,\xa4\x84\xadr\x13\x82\xb3\xe7w\xaa\x0f\x91\x10\
u\xb5\x10\xb55\xba<\x22<c\xd5\xde\xda{\xc8\xe6\
\xe7}\x5cR^\x0a\x89-\x00\x06\x86\x1e\xa2\xfa\xa6\xe6\
@\xc5ID\xf9l\x17\xb4\xd1\x93!\x07\xb6\xf9n\xa1\
%\xda\xbc\x5c\xda\xa3\xbflFDj\xb0\xbf\xbb\xdeP\
9j\xbc\x85\xe7,5W@\x0c\xef!\xbe\x8fV\x1e\
\xb6\x09{\x11\x80\xb7-;\xd8Y0\xc3\xbe\xf1U \
\xca\xdbxT\xf3\x9e\x05\x90C\x9b\x9fM\xect\x87[\
\xb3k\x09\xdb\x87\x1bA\xa7\xf5\xbb\xb4\x84\xc0/c\xf9\
0r\x5c\xe3T\xae\xe2\xb2Y\x80X\x02\xf0,\x00)\
\xf3\xed\x0a9d$\x02\xf3\x16\x03\x22\x8e\xf7]fP\
\xc3ipnW\xe3Ww,\xa1\x1c\xdc\x07\xfb\xfa\xd5\
\xc6m\x0ao\xf9\xaaVZ\x9a\xba\xbdH\xfb\x07\x0eg\
,q\xe5\xa9\xee\xce}\x88\xb4\xe0\xd3\xd4i\xc4\xf2u\
\x84\xdc\xe9\xda\xf8\x22\x04o\xbe\xa3S\xfd\x10u\x87\xe0\
xe\x95n0\x91\x19g\x85\x94\xe3c\xdd$\x9a:\
#\xb9q\xe2*.\x7f\x04\xc0C\xa1y\xda\xd8)\xcd\
\xa2$x\x1bB8Dm\x0d\x1c\xeb_4\x8e<K\
&Q\xea\xaf\x5c\xfe\xefX\xebK\xcd\x15\x021\xa0\xd6\
\x95nV\x0a\x1b\xc7\x10h\xf4\xc5<Q\x7f\x1c\xe2\xd8\
\x11\xc8!#\x01\xbb=\x9ay\xfc0\xc3\xb6ck\xf3\
(\xb1\xa6\x1f]\x22\xe2\x07}\x95+\x9f\x8f\xa7\xda\xb4\
\x17\x04\xd8\xcc\xda\xb0\x09o\xd8Tq5\x80\xd69k\
j<\x03e\xdf\x0e \xef\x0ap~b\x1fs\xd4\xd8\
\x00\xc7\x9b/A\xd9\xd5v\xfb\x1c\x18\x8f\xfb\xaaV\xfd\
>\xee\xba\xdb\xeb\x5c\xca0{\x99\xd3\xd9pa5\x01\
w\x1a\x0f\xc9A\xc3\xa0\x16\xcf\x84\xec?\xb8]\xa7 \
\xef\x05(\x9fl\x85m\xe7\xd6ps\xf4\x0c\xc2C\xbe\
\xca\x95\x8f\xb7\xeb\x1c\xed1NA\xc85\xb5\xecw`\
z\x08a\xba\xf4\xb2\xef\x00h\xa3&A\x0e\x1f\x0b\xce\
\xc9\x0dc\x1e\x06)!\x8e\x1e\x82\xb2o'\x94\x9aO\
#\xcdR~CLK\xbd\xd5+^i\x97\xf7\xc8<\
A\x00\x00.O\xd9\x0d z\x1e\xc0\x80\xb0\x05H@\
\xf6\xea\x03\xee\xdd\x17\xb2W\x1f \xb7k\xf3\x8e+E\
\x01\x82\x01\x90\xf7\x02\xe8L=\xc4\xa9\x93\x10u\x87\x80\
\x80/l5-lc)\xca\xfc\x1f/7\x1dZ\xb7\
BF\x0a\x02\x00\x18\xbf8\xc7\xd5\xc5\xf9k\x00?\x05\
\xcc\x17\x17\xc4\x0c\xe18\x18\xbf\xf1U\x15\xae\x02\x1eN\
\xd8\xf0w\xe6\x0a\xd2B\x8e\xa7\xa2@\x05~F\xc4e\
\x00\xf2\xdb]!\xe1+f\xfa\xa3\xff\x82\x7f%\xf6\xbc\
p\xde\xdc \xd6\xea/\x17f/s\xba\xcfx\xe72\
\xf1\xcd \xdc\x08\x86\xe9\xb2\xce\x10jA\xfc\x0eX\xac\
\xf1U\xf5\xff \x91w\x84\x91\xcbG\x10\x03\xae\xa2\x8a\
\xc1$P\xc4\xc00\x02\xf7e\xa0;\x00;\x00\x8d\x08\
'\xc18&\xc1\x9f\x0b\x9b\xed\xbf\xde\xad\x7f=\x92l\
\x7f\xb3d\xc9\x92%\x05\xf9?\xf9\xa5$\xa2\xaa4\x0b\
\x86\x00\x00\x00\x00IEND\xaeB`\x82\
\x00\x00\x12Z\
\x89\
PNG\x0d\x0a\x1a\x0a\x00\x00\x00\x0dIHDR\x00\
\x00\x00d\x00\x00\x00d\x08\x06\x00\x00\x00p\xe2\x95T\
\x00\x00\x00\x06bKGD\x00\xff\x00\xff\x00\xff\xa0\xbd\
\xa7\x93\x00\x00\x12\x0fIDATx\x9c\xed\x9d\x7ft\
U\xd5\x95\xc7\xbf\xfb\xdc\xf7\xf2\xdeKBP\xfc\x15\xf9\
U\xf9!?D@H\xc9K\x02j@\xa0j\xa5\x08\
6\xa2\x22\x16\x92\xc0(j\x1d\xd7,\x9d5N\xc72\
\x9d\x8e3\xd5\xa9\xba\xba\xba\xc6\x16\x92\xe0\xef\xa2L\xed\
hm\x9d*X\xadb\x12(\x14up\xacu\xda\x11\
P\xa9:eLBr\xdf\x8f{\xf6\xfc\x91\x90\x9cs\
_\xde\xcb=\xefG^\xba\xd6\xfb\xfcw7g\x9f}\
r\xf7\xbb\xe7\xc7>\xfb\x1c\x80\x02\x05\x0a\x14(P\xa0\
@\x81\x02\x05\x0a\x14\x18^(W\x15\x87\xaa\x1a\xd70\
\xf8A\x00]\xc4\xb4\xae\xa7\xbd\xa9-W\xb6\x86\x83P\
M}5Kz\x0c@\x09\x81\xfe\xb2\xa7\xad\xe9\xa9\x5c\
\xd8\x11\xb9\xa84P\xd5\xb0\x82\xc1\x8f\x03(\x070\x95\
\xc1\xf7\xe7\xc2\xcep\xc2\x92\x1e\x000\x05@9\x83\x1f\
\x0fTo\xbc\x22\x17v\xb2\xee\x90PU\xc3B\x02=\
\x05\xc0\xd7/$D\xb2mg\xd8a\xedo\xf0\x11\xcb\
\xa7B5\xf5\xd5\xd96\x93U\x87\x04*7Nc\xe0\
9\x80C\x8a\xb8K@\xfeU6\xed\xe4\x03A\xf2v\
\x00'\x14Q1K\xfai\xa0\xbaajV\xedd\xad\
\xa6\xcbn\x0d@\xc8\x1d\x00\xc6(\xd2\x18\x13\xea\xba\xdb\
\xb6\x1f\xc8\x9a\x9d<\xd1\xdd\xb6\xfd\x00\x08+\x01D\x15\
\xf1i\xc4\xd8\x81\xcbn\x0dd\xcbN\xd6\x1c\x12:\xde\
s\x1f\x01\xf3\x14\x11\x03\xd8\x18im\xfe\x8fl\xd9\xc8\
7vk\xf3n\x22l\x00 \x15qE\xe0x\xf7?\
e\xcb\x86\x95\x8dJ\x02U\x0d+\x00<\x00}\xd6v\
\xaf\xdd\xd6\xfc\xddl\xd4?\x92\x88\x1f\xfd\xcd\xdb\xd6\x84\
\xf9\xa3\x08\xa89)#\xa0\xca\x1aW\xb1\xcf\xf9\xf0\xc0\
\xef2\xad?\xf3/\xa4\xba.D\xc0\xf7\xa09\x83\xf7\
\xd9\x9d\x1dwg\x5c\xf7\x08%\x12\xb5\xee\x02\xa3U\x11\
\x11\x11?\x84\x8aM\xc5\x99\xd6\x9d\xb1C\x82\x5cv\x17\
\x80sN>\x13\xf09 \xaf\xc6\xa1\x9d\xd1\x14j\x7f\
\xde\xec\xdf\x1a\x83\xe4\xeb\x01t(\xd2\x89A\x7f\xfc\x8e\
L\xab\xce\xa8\xcb\x0a\xd4l\x9aB\xcc\x8fC\x99\xe22\
\xf8\xceH\xdb\xf6\x173m\xd8H'\xfe\xd1o\x8e\xfb\
'\xcc\xb3\x01\xbat@*\xc2\xbe\xf1s\x9e\x88\x1f=\
\xf8\x7f\xe9\xd6\x9b\xd1\x17B\x8e\xbc\x1b@p@\x80C\
\x91\xe0\xc4\x87\x8c+\xaa\xae\x0b\x05k\x1a.*\xad\xb9\
\xf1\xccL\xda\x93\x0e\xa557\x9e\x19\xaci\xb8\x08\xd5\
u\xa1\xa1K\xeb\xf4\x04&~\x9f@o\x0fH8\x04\
\xf8\xbe\x91I{\xd2\x0e\x9d\x84\xc2\x8d\xe3\x99\xf8\xf7\x00\
\xfc\x03\xb5\xc9Z\xbbu\xfb\xab&\xf5\x94\x84\x1b\xcfr\
\x88\x7f\x09`&\x80\x0eI\xce\xa2h\xeb\xc3o\x0f\xa5\
\x97\x0d\x8a\xc2\x8ds\x04\xf1k\x00\xca\x00\xfc\x97\xc5\xb4\
\xf8D{\xd3\x1fM\xea\x08V7\x5c\x02\xc6.E\x14\
\x11\x16O\xee\xde\xd3\xf2Q:mJ\xfb\x0b\x91\xc4\xb7\
Cs\x06\xbfl\xea\x0c\x84\xd7\x96\xc5\x09?G\xaf3\
\x00\xa0LH\xeb\xdat\xdbd\x8a \xbe\x0e\xbd\xce\x00\
\x80\x99\x0e\xf1\xcf\xb0\xb0~\x94I\x1dvk\xf3n\x10\
^SD\x01\xc7\xa1\xdb\xd2nSZZ\xb5\x9bK\x09\
\xd8\xa8\x8a\x18t\x9fa-\x14@\xf0\x11\x02\xcf\xd7\x84\
\xa0a[D\x12\xd8m\xab\x22\xe0\xd0\xc3\xa6\xf50\xc4\
\xbd\xea\xb3\x00\xfe\x22\xdd\x19WZ\x0e\x09E\x22_\x01\
\xd0\xffK\x22\xe0\xadHk\xf3/L\xea\x08T\xd5\xdf\
B\x84+5!\xe3\x87=\xedM\xff\x96N\x9b\xd2\xa1\
\xa7\xad\xe5i0~\xa8\xca\x08X\x1d\x087l6\xa9\
'\xd2\xba\xedg \x1c:\xf9\xcc\xc0\xe8\x90_\xaeH\
\xa7M\xe9vY\xd7\xa9\x0f\x92\xb0\xad\xb7\x1d\xde\x08\xd6\
4|\x81 \xbe\xa3\xca\x08\xf8\xa9=\xb1\xe3\xe64\xdb\
\x936\xf6\xc4\x8e\x9b\x09\xfc\xbc\xd6\x16\xc2}\xa1\x05\x1b\
&\x18T\xc3\xc4h\xd6$\xc4iu\xbd\xc6\x0e\x19U\
y\xc3i\xccX\xae\x88\x1c\x9f\xa4\x9d&u\xb0\xc4\xfd\
\xae\x00\xe4\x11\x9f\x8cm\xc0\xce\x9d\x8ei{2f\xe7\
N\xa7\xc8\x17\xb8\x01\xc0\x07\x8a\xb4\x98-\xeb_L\xaa\
!\x8b\x9f\x82\x12Ra\xc6\xa5\xa3\x17\xddt\xaais\
\x8c\x1d\x12\xb7\x8a\x96C\x1d\xcc\x99w\x99\xccL\x8a+\
\xeb\xbfH\xc0jU\xc6L\x0d\x9d{\x1f\xfd_\xd3\xb6\
d\x8b\xcf_\x7f\xe883o\xd2\xa5|uqu\xc3\
\xbc\xc15\x12\xe9\x9bU\xa9\x93\x9a@4\x16\xbb\xc4\xb4\
-\xbe\xa1\x8b\xb8`\xbeP{\x14\xf4|\xb2\xa2\x83!\
\x05\xdd\xa9\xe9\x03\xcfD\xda\x9b^2mFYu\xc3\
\x98(\xf3e\x04\x11\x96$\xcf&&&\xd01\x86l\
/\x22z\xa1\xa3\xb5\xf9O&\xf5E\xda[^\x0c\x84\
\x1b\xfe]\x1d\xd7\xa4\xe4;\xe0\xea\x9eSA\xc4\xcf1\
\xd3\xe2\x01\x01_\x0c\xc0hL4v\x08\x03\x17\xeb\xcf\
\x8e\xe7\xa9n\xc9\x82\xf5\xe5\x8e\xfeu0\x93\xb3\xc5\xc4\
~Yu\xc3\x98\x18\xe3\xdbQ\xa6\xf5\x00B\x0c\x061\
\xf5\xb5\x85\x01\xd0\xadQFw(\x5c\xbf\xbd\xc8\x1f\xf8\
\xbb\xcf_\x7f\xe8\xb8\xd7\xba\x19\xf4M\x02\xaf\xc4\xc9\xf5\
\x19Q]\xe9\x85\x1bn\xebzm\xfb\xa7^\xf4\x89\xf9\
W\xac/\xed.\xf2j\xfb$F]VYu\xc3\x18\
\x0c\xac\x19\x00\xe0O\xd1\xd6s\x0e%+\xef&.\xac\
5P\xc35\x84\x97L\x16\x81\xa1\x9a\xfa\xea(\xe3\x1d\
\x06nr\x8dAn\x8a\x99\xe8\xe6H<\xfaN(\xdc\
X\xe5\xb5\xfeh{\xd3[\x80\xb6\xc8\xf3\xc5\xa2\xa2\xce\
\xab~\xf7\x84\xae7{cy\xbd0p>j\xd7\x9f\
\xe2U\x1f0tH\x8c1\x13\xfa\xea\xbe\x1d\xd8\x22\x93\
\x95wCD\xab4\x01\xf3\xa3^uCU\x0d\x0bY\
\x8a\xdd\x00\xce\xf2\xaa\x03\xa0\x9c\x89w\x1bm\xb52i\
mJhs*v\xeet\x98\xd0\xaeHD\xa8\xc77\
\xc3\xb3>\x0c\x1d\xc2\xe0s\xd5g\x22\xbc\xe7Y\xb9v\
}\x10\xe0\xb0\x22\x89\xda\xc1\xe0\xb3^TK/\xdcp\
\x06\x03?v\x7f\x15rF9b\x9bk\x11\xbd\xef*\
D\xef]\x8d\xd8\xe6\x8b!\xa7%\x84\xc3\x8aY\xd23\
\xa3*6\x9d\xee\xc5\x96\xed\x93\xcf\x02\x88\x0dH\xb8\x06\
\xb3\xea\x8a\xbc\xe8\x02\x00I\xd6\xf6D\x180\xda\xe25\
\x9ce\x91V\xb9\x94\xe4yC&\x14\xf1\xcf\x87\x1a\x88\
\x04\xff\x1a\xaf\xfck\x97\x17\xddxT\xfc\x03\xd4/\xc3\
'\x10\xfb\xfa\x12D\x1f\xb8\x1a\xce\x8a9\x90\xe7\x8f\x83\
\x9c=\x1e\xce\x8a\xb9\x88>\xb8\x06\xb1[\x17\x03>\xed\
O+\x8f\xfb\x9doyj\xe8\x9e\x96N\x00\xfb\x15I\
qhT\xa9\xe7\xd9\x96\x84\xeb\x9dPN\x1d\x82/\xe8\
\xc6\xe4\xef\xbd*\xb2\xe4\xe9\xda3\x8b\xbd^\xf4\xca\xaa\
\x1b\xc6\x80\xb0^\x95\xc5nY\x0c\xe7\xb2\xf3\x07W \
\x82s\xf9l\xc4n\xaa\xd5\xed\x03\x1b\xbc\xae\x0b\x08\xac\
\xb5\x8d\x89\xa6'+\x9b\x00\xe3}\x97\xe0\x9c\xc1\x0b\x0e\
\x8e\x91C\x88\xa0\x05\xde\x04\xd8\xfb\xd42\xe1\x97\xc2\x9e\
\xbe\xae\xa8\xa4\x95\x00\xfa\x93\x08\xe4\xac\xb1p\xbe4k\
H=\xe7\xf2\xf3!g\x9c\xad\x8a\x82\x91xd\xa5\x17\
\x9b\x92\x12\xbe|\xcf\xbfra\x09mV\xc7\x80Q\xb0\
\xd2l\x0ca\x94\xaa\xcf\x8e\xe3\xf3\xd4\xe5\xf4\xa1f\xa3\
\xc0\x12\xf0\x18\x9e\xd6\xc6\x1d8Kg&+\x98\x80\xb3\
L/K\xa0\x05^\xf4\x04\x93\xd66\x92z\xdbS\xda\
D\xacS\xb7\x99C\x87\x00\xbaC\x84_\x1a8\x845\
]\xc9\xecI\x97\x88\xc7i\xb5L>\xc3\xbb\xc5I\xa7\
i\xcf\x921\xd6\x8b\x9edh/\x95!<\xbfT\xe1\
\xfe\x91\xba~\xc4C\xea\x9b\x14\x86kC\x8b\x84\xe59\
\xa0\x08\xf2\x1e|TaP\xfa\xdb\xcc\xa4\xef\xbf\x09b\
\x8f\x0ba\xa9+\x12{o\xbb\x88\xebe\xc9l\x13\xd0\
\xcc!\xa4\xff\xaa\x9dX\xcc\xb3\xf7\x89\xa1\xe9\xba\xc7\xa3\
\x14\x1c\xd5\xf4>\xf8\xcc\xabI\xd0\x07\xee\xf0\x18\x1d\xf1\
\xa2'Hh\x7f\x17y\xfc\x9a\x01@&\xfe]\x9d\x83\
\x16Lf\xdb\xa401i\x0d\xb3\x84\xf0\xec\x10\x06\xb4\
\xb7#A\xe3\x92\x95ui\xee\xd3l\xbe\xfc[\xaf&\
a\xed\xd6\xcb2\xe1\xd7^\xf4$0^\xd7\x13\x9e\x7f\
\x05\x96\xcb\x99\x0c2\x19gM\x17\x86\xa4y[B\x18\
\x84\x97\xf9\xbf5\xc3\xac/2\x93!b\xbe\xe7\xa1,\
\xd4\xc4\xc1#\xb0^\x1dz\x82f\xfd\xf2]\x88\xb7\xb5\
\x8f+j\xc5\x9d\x9f{\xb2\xe9Z\x00\x83\xf5\xb6\xa7B\
:\xfa;!\xce\xe1\x17\x02\xe6\xc3\xae\xe7\xc9^U\x89\
\xc5\xbb\x9a*(\x9c\xac\xacJ\xf7\xfe\xad\x1f\x03xB\
\x95\xf9\xbf\xfb\x12\xac\xd7\x92;\xc5z\xf5=\xf8\x1f|\
\xd9\xdd\x82\xc7N\xec{\xf8\x98\x17\x9b\xec\x9a\xd9\x09K\
o{JHN\xd1\x9e\x85\xfc I\xc9A1\x8b\xf6\
\x0a\xbc\xaf\x0f\xcd\xde~\xe5\x00\xd0\xd3\xf5\xf9\x81\xe0\xa8\
\xd1=J\xf8c>\xc2k\xcb\xd0\xfeDGJE\x00\
\x96\xe3\xfc\x8dcY+\x00\xf4N\x9bbq\xf8\xefy\
\x01V\xc5!8KfBN:\x0d\xc4\x00\xfd\xe1S\
X\xbb\xde\x858\x980T|f1\xfe\xd6SC+\
6\x8d\x06\x1cue\xde\xd5\x1d\xa1\x83\x9et\x01\x08\x88\
sY\x7fI\xef'+;\x18f\x0eq\xe8w\x10\x03\
\xc6\x04a\x9ag\xddC;\xa3\xa8jx\x03\xc0\xc9M\
\x1b\x7f\x90\x82\xabl\xe0\x91\xa1TO\xec{\xf8X\xb0\
\xaa\xfe\x1a\x80\x9e\x87\xb2H\x14\xfb\x0fC\xec?\x9cB\
\x13\x00`\x83p\xcd\x896o\x9bhA\x7f|\x15@\
\x03\xef\x85y\x0f\xf6o\x8d\xa5P\xd1H\x88\xf7\xc12\
r\x88Q\x97\xe5\x0b8\xefB\xd9;gF\x18\x06\xb9\
]\xccxF\x13\x10\xdf\xe0U\xd7nk\xd9\xc5L+\
\x00x\x9ff\x01\x9f\x81p\x85\xdd\xda\xbc\xdb\xbb\x0a\xb9\
\xda$\x9e\x19\xbc\xdc`l\x11\x00*\x15\x01\xfb!\xbd\
ww0tH\xd7k\xdb?\x05k\x11\xde\xd3\x8b\xc2\
\x1b</\x9d\xfdEr'\xd4H*\xd3\x92\xe2\xaa\x0d\
\xf3\x93k\xe8D\xda\x9b^\x22\xa2\xaf{-O\x8c[\
M\x9cQ\x1cn\xac\x00\xb0X\x11E\xfd\x1c\xfd\xb1W\
}\x7f\xe5\xe1\xd9P#\x12\x84wLw.\xcd\xb3N\
\x04k;\x84D\xe4yW\xacw\xe7\x8d\x9eVe\x0c\
\xfa{\x13\xf3\xcc\xfc\x15\xf5y\xfe\xe4\x08\x96\xce\xee\xc1\
\xb2\xd9\xdd\x98?Y?9\xc7\xbd\x07l<#\x89\xf5\
\x880\xd3\x0e\x93\xbd~!\x84\xb6\x9bJ\x0c\xb3\xc4A\
\xa4\xe3\x10)\xd4,=\x10\xc8(\xff\xc8\x91\xf2>\xa8\
\xdd\x1e\xe8\x8a@e\xc3\x97=)\x87\xd7\x96\x01\xd0\x1c\
\xb2\xfd\xc6O\xf0\xdc\x9d\x1f\xe3\xd9;\x8f\xe1\x91\xcd\x9f\
\xb8\x16\xe7\xb4\xb2w\x90\x1e\x9a\xbe3.\x97+\x22\x96\
\x16\x1b%\xff\x11\xe0z\x17\xf4+\x13} \x0d\x87\xf8\
,\xdf\x8b\x00\xe2\x8ah\x99\xd7\xcd\x1f\x00\x88\xedmy\
\x13\xcc;T\x19\x094\x97\x84\x1b\x87\xdc\x09\x0c\x22t\
\x15\x80\xfe\x8c\xc0\xf0\xd4\x08\xce={\xa0\x07\x9crV\
\x0c\x0b\xa6\xd8\x8a\x06\x87z\x07\xe9\xd4\x94^\xb8\xe1\x0c\
\x02~\xa0\x09\x09\x8fG\xdfh\xfe\xcf\xa1tO\xd2\xdb\
~V\xbb\xbb\x98OFw%UH\x82\xb1C\xba\xde\
\xf8\xc1'`V\xfbe\x7f\xd4/=\xef;\x03\x00\x89\
\xf8\x1d\x80\x16J9\xcb\x11\xfc(j\xb7\xa4\x9e\xf5\x11\
\xafS\x1f\xafY\x98\xb8\xe6\xba\xa6\xe6\x84. \xacK\
(\xa4R\xb1\xc9\x1f\x8f\x89'\x00-\xf0\xd8)\xa2\xd6\
_\xa7\xd4s\x11'y5\x94|\x01\x02\xff\x22\x9d\xd4\
\xa6\xf42\x17\x89~\xa4?r\xbd\x89zO\xeb\xa3\x1f\
\x02\xb8]\x132\x96\x07\xed#\xdb\x90d\xd6\x16\xaa\xbe\
a\x1c\x94,\x0e\xbf\xc5\xf8j\xf8DB\xb955\x9d\
(R\xdd\xcaT\x9b\x22\x0b\x91\x82~g\x1b\x80ez\
[\xe8\xb6\xbe\x05\xa9\x01\xb4A\xab\x82EZ\x17\x0b\xa4\
\xe5\x10\x9b\xed\x9f\x00\xe8\x1e\xb0\x8e/\x06+\x1b\x97\x18\
\xd5\xd1\xd6\xdc\x04\xc0\xdd\xe8\xf5\xc1p\xe3\xdaA\x15d\
\xd1:(\xbf\xc0K/\xe8\xc6i\xa3\x12\x13\x1dO-\
\x91X>\xa7[\x15\x09Xb\xd0\xdc\xaaPU}\x1d\
\x80\xaf\xb9\xc4O\xda\xedM\xdb\x87\xfc\x03\x14\x02\xe1\xfa\
\xe5\xae\x03\xaf]}{\xf3\xc6\xa4\xf7\x85\xb4?\xd1A\
@\x8b&#yg\x92\xd2I\xb1cV=\x00\xfd\xca\
\x0d!\x07\xdd\x0edb\xcdQ\xd7.L\x1e\xb3s\xff\
\x1b\x03\x83\xaew\x184\xdb%h\xb5c\xd6\xc6\xc1\xca\
\xa6\x82\x04\xb4\xee\x8d\x99\x9a\xfa\xf6\xe6\x8dI\xfb|\x08\
K\xba\x1f\xea\xe0N\xb4\xdc\xf8f\x83\xfd[\xbb\xfd1\
k\x05\x01o\xf6I\x8e\xcb\xb8\xf5\xb8\xbbX\xdfZ\xa5\
\x7f\x13\xfd\x94\x12\x07\x97\xcd\xebv\x17\xeb\xe7\xcb\xf3\xbb\
pj\x89\x96\x9dt\xde`i\xa1,\xc5c\xe8\x8bB\
3\xe8\x80\x9fc+\xb0\x7fk\xf2\x8a\x07!\x14\xae_\
\x04&\xb5w\x88\x09\xbfx\xc0\xa4\x0e\x95\xb4\x1db\xef\
m\xfa\x03\x98\xd5$k\x92R|\xbfo\xb5\xea\x99\xce\
\xfd[?\xeb\xe9\xec\xa8\x14BT\x16\x11\xa6F\xf7m\
KH\xbcs\xd8\xd2\x06\xe6\xab\xc2'\x10\xf0%\xdf3\
*\xf2\x01\xab*\xf5\xf1\xc5\xe1\xc4\xc1=\xb2w\xdb{\
v\xd0\x99* +\x22\x13>\xaf4\x1f\x84\xb7\x08\x16\
\xe4~\xf9O\xf6\xbc\xbeu\xc8xN22\xba\x0d\xa8\
\xa8z\xd3\x0c\xc1\xce\x9b\x00\x94\xbc%\xded\xb7\xb5l\
\xcb\xa4^\x8d\xda-\xbe\xa0}\xe4\x08z/\xb2\x01\x00\
\xec\xfa\xc6G\xa8\x99n\xa7P\x02\xf6\xfc6\x88e\xdf\
V'N\xfc\x89\x1d\x9c8\x0e\xafl\x89'U2$\
PU\x7f#\x81\xd43\x95\x11&\x9c\x1fim6\x8a\
_\xa9dt\xe83\xda\xba\xf5]&|O\x97\xd2=\
\xc5\x0b\xeb=\xed]{!`\x1f^\x06\xc5\x19\x13O\
\x8f\xa3zZjg\x00@\xcd4\x1b\x93\xceT\xdf=\
\x9d\x19\x88\x1cY\x9a\xadv\x85\xc2\x8d\xe3\x09\xf4\x8f\x9a\
\x90q\x7f&\xce\x00\xb2pN=\x22\xf8[\x80\x96A\
r\xbat\xc4\x93\xa8\xab\xcb\xca-\x11\xe4\xeaj\xd6.\
\xeato\x95\x0f\xaeG\xc0\x9aj}pw\xd7\x95>\
[\x04\x0b\xf9\x08\xb4L\x1a\xfa\xd0\x0e\x05\xee\xc9\xb4\xe6\
\xccor\xd8\xd3\xd2I`}M\x01\xbe8xx\xf4\
]\x19\xd7]\xbb\xb9\x14DZ\xa8dM\x8a\xd9\x95\x9b\
\xeb\x12\x9dw\xa5\xe9\xa1\xce\xc1\x08V\x1d\xbd\xdb5\x90\
\x83X\xde\xe65\x133\x15Y\xb9|\xa6\xa7\xad\xe5i\
\x80\xdcG\xba\xbeY\x14n4\x0a\xee\xb9\x09\xda\xf6W\
\x01\x94\x9c|^0%\x82i\xe5\x9e\xb7&0\xb5<\
\x86\x8aIZ\xc0\xb18\xe8\xd0\xead\xe5\xbd\x10\xaa\xae\
_\x05\xb0~\x16\x9dxkO{\x8b\xe7\xa8p*\xb2\
v\x1b\x90\x1d\x8c\xdfB\xc0[\x8a\xc8\x12\xc4;\x82\x95\
\x8d\x17&U\x1a\x12\xba^}J\xb5\xf6H\xc6\xb5\x8b\
\xdc\xcb\x01\xbdN\x13\x825\x0d\x171\xd3\x93\xd0\x8fT\
\x1c\xb2\xa3\xbe\xdb\x93k\x99\x91\xbd\xfb\xb2^y\xd8v\
\x04\xd6BO{\x09B\xf0\xb3EU\x8d\xde\xd3\x0d\xfb\
\xe8\x9b\x18\xf4'\xe8\xfa-F]\x95\xb9C\xd6Tw\
\xe9\xa1\x14\xf0\x92P\xb8q|\xb2\xf2\xc9(\xaaj\x9c\
\xc9\x0e\x9e\x85\x960\x8e\x0e)\xe5\xd5\xa6k\x97Td\
\xf5F\xb9\xde\xe8(\xaf\x86~\xc9\xd7\xa9\x02l|M\
\x13;t=\x94_\xe2\x97\xe6\xf6\x0c\x1a*\x19\x8a1\
\xa5\x12\xcbf\xbbB)B\x1a\x9f\x90\x15\xe0\xfb\x89\xa0\
\x1e\xbe\x89B\xd2\xaah\xfb\xf6w\x8c\x1b\x95\xd2N\x96\
\xb1\xdbZv\x11\xd1z\xe8\x97|y\xce\x8d\x1d \xf3\
\xee\xaa_\xd7\xd5m1\xc8\x1d\xbf\x1a\x1a\x86\xba\xaf\x22\
\x89\xf15{o\x93;\xb5%crr+iOk\
\xd3\x8f@\xd8\x88\xde\xeb\x8b\xfe\x08IF3\xae\x92\x9a\
\x8d\x170\xb8?\xce4\xbaX\xe2\xd2\x0b\x12#\xbb^\
\xb9|^7F\x17+\xbf\x0f\xc6,\x7fe\xfd\x5c\xa3\
J\x88\xee\x02p\x0c@\x07\x08\x1b{\xda\x9bw\x0c\xa5\
\x92\x0e\xe6\xa7p=b\xb76\xb7\xc0\x1d\x80\xf4H\x5c\
\xcau\xealu\xc6\xd8\x18^8\x98\xd9\xdd`3\xc6\
\xc6\xd0\xfe\xfe\xc0\xd5\x88B\xd0\x0d\x00<_\xcei\xb7\
5\xbd\x02\xe0\xec!\x0bfH\xce.RN\x9b\xba:\
+x\xb4\xec\x088\xc7\x7f<\xe1c{|\xc7\x84\xbc\
\x5cV\x90\x82\x9ctY\x99\x108z\xca\xd2\x9c;\x03\
\x00\x18g\x07\x0e\x8f2>\xd8\x9fkF\x9cC\x889\
K\xe1\x0d\x0f\xb6\x88\x86\xcd\x96WFV\x97U\xbb\xb9\
4hG\x8eAY\x9d\xc7+\x16\x01VV\xc2b\x80\
\xe3\xc0\xb7\xffuUr\xc2\x0e\x06\xca\xb3\x11\xf2\xc8\x16\
9\x1b\xd4\xd3!\x18\xb1W\x03\xd4\xef\x0cY>\x01\xf1\
\xc5\xde2\x84\xbc\x22>\xfc\x1f\x88c\xfdY\xf1%\xc1\
\x9e\xc8*\x1bx,\xabF2`duY,\xb4.\
\xc4\x99\xe5\xf94\xb2g\x9c\xf3\x5cu\x0e\x95\x952\xcc\
\x8c\x18\x87\xf4\x86J\x94\xbc&! \xa7\xcdN\xa1\x91\
\x1er\xe6\x5c@h]\xe0%\xe9\x84Rr\xc5\x88q\
\x08K\xac\x85\x12*\x91\x93\xa6\x83K\x8c\xceKz\xb3\
\x13*\x81<GKP\x17\x00_\x93uCi2b\
\x1c\x02\xd6C%\xb9\xe8\xae\x92\xd5\xcdB\xbf\x98 \x9f\
\x8c\x08\x87\xf8+\xeb\xe720\xa7_P\x14\x843\xd9\
\xe8\xce\x16#\x9c\xa9\xe7\x81\x03\xca\xb5)\x8cYE\xe1\
\xc69\xc95\x86\x8f\x11\xe1\x10!\xf4\x81\xd5\x99>\x1b\
\xf0\xf9\x93\x15\xcf\x1c\xcb\x079M\xbf\x9a\x83\xc4\xf0\xad\
\x7fR1\x02\x1c\xb2E\x10\x84\xd6\x87\xe7\xb2\xbb\x1a\xb0\
q\x81\xf6L\x8c\xeb\xb2\x95\x07\x90\x09ywH |\
x)0p[\x03\x97\x9d\x029\xce\xe8\xbe\x96\xb4\x90\
\xe3&\x81Gk\x07f\xc7\x06\x0e\x8f6J\x87\xcd\x05\
yw\x88;|\xe1\x9c7/\xe1\x06\x86\x1c\x19\x863\
\xc3\xf5\x95\x8c\x80n+\xbf\x0e\x99\xb3\xae\x04\xd0/S\
v\xbf\xa4\x5c\x92\xd052V\xa3vs\xf6\xe7\xda\x06\
\xe4\xd5!\xc1P\xd1j(\x17\xda\xc8\xf2\xf1\xe0\xd3\x87\
\xef?H\xe01g@\x96kk\xc2\x92`O\xf4\xca\
d\xe5\x87\x83\xfc~!\xae\xb0EBXc\x18H\xb0\
\x99\xe7n+o\x0e\xe9\xcb*\x19\x18D\x85\x80\x9c>\
\xfcK\x81\x84P\x0aci\xdf\xe1\xa0\xbc\x907\x87p\
\x9c\xae\x83\x1a*9gZNB%C\xb6#T\x02\
9\xc9\x15J\x91Ey\x0b\xa5\xe4\xaf\xcbrwW\xc3\
\xb0\xf6H\x863\xd3\x1d\x01\xce_\xb7\x95\x17\x87\x14-\
\xd88+!T2\xc58\x97.k8\xe7\xea\xa1\x14\
\x06\xe6\xe6+\x94\x92\x17\x87\x90Oj\xc1\xbc\x9c\x87J\
\x86\xc2\xf2A\x9e\xab\x9f\xa4# \xed\x94\xd3L\xc8\x83\
C\xb6\x08b\xb8B%\xc3\xb7\xf6H\x86\xbb\xcb$\xe2\
\xb5\xf9\x08\xa5\x0c\xfb\x16n |\xf4\x12\xb8nl\xf3\
\xff$\xe1X\xe1H`l\xe0\xf0\xe8%\x11\xc0\xf8\x7f\
n\xc8\x84aw\x88 \xbe\xd2}:\x90\x22=\xc3\xdd\
\x0cO\x08\xc8\x95\x18f\x87\xe4=\x96U@g\xf8\x1d\
\xe2\xc8\x7f\x06\xb0\x07\xc0\x88\xca\x18t\xe1\x00\xd8\x03\xc9\
\xdf\x19\xb2d\x81\x02\x05\x0a\x14(P\xa0@\x81\x02\x05\
\x0a\xfc\x99\xf3\xffyG\xd6=V\xcd\xb3\xcd\x00\x00\x00\
\x00IEND\xaeB`\x82\
\x00\x00\x16-\
\x89\
PNG\x0d\x0a\x1a\x0a\x00\x00\x00\x0dIHDR\x00\
\x00\x00d\x00\x00\x00d\x08\x06\x00\x00\x00p\xe2\x95T\
\x00\x00\x00\x06bKGD\x00\xff\x00\xff\x00\xff\xa0\xbd\
\xa7\x93\x00\x00\x15\xe2IDATx\x9c\xed]it\
T\xc7\x95\xfen\xbd\xf7Z\xdd\x12\x92\x10 $\x10\x02\
cv\xb0AB\xa0\x8d\xd5\x86`vC\xc6$\xb6\x93\
x0\x10\xc6\xcbx2\x99\xc9\x9c\x9c\xcc\xc9\x8f\x8c3\
YN&\xcb\x9cq\xec8\x189\x99x\x89\x97Ib\
\x13l\x12'\xb6\xc1\xc6\x88\xd5\x18\x0bl0\xfb\x8e\x04\
f\x11H\xdd\xad~Uw~\xb4%u\xbd\xee\xd7\xdd\
\xean\xcd\x99\x1f\xfd\xfd{\xf5\xaan\xdd\xf7n\xd5\xad\
\xba\xcb\xab\x07d\x91E\x16Yd\x91E\x16Yd\x91\
E\x16Yd\x91E\x16Yd\x91E\x16Yd\x91E\
\x16\x19\x06\xf5*\xf5\xd9\xdf1\xbd\x813\xd3\x01\x9eC\
\xc0D\x06\xca\x00\xf8\x00\xb42\xe8<A\xed&\xa2\xbf\
\xfa\x1b\x1bv\xf6*\x1fI o\xea\xcaRi\x18\x8b\
\x01\xaa\x05\xf3(\x10\x060\x10$\xc6u\x22\x1c`F\
\xa3e\x1b\x9b\xae\xefYw\xa97\xf9\xe8\x1d\x81\xd4|\
\xa9\xc0K\xbeG\x00~\x04@I\x12-\x8e0\xf8'\
\xc1\xeb\xd7\x9f\xc6\x81\x97;z\x85'\x17\xf8j\xef\xaf\
\x01\xe8\xdb\x0cZ\x00\xc0HP]\x02\xf4;A\xfc\xc3\
\xf6\xc6\x86\xbd\xbd\xc1O\xc6\x05\xe2\xab]\xf3y&\xfe\
9\x18\x83z\xde\x9a\x0f\x92\xc0*\xff\xb6\xa7\x1b3\xcd\
W\x14\xaa\xd6\x16z-\xfbg\x00\xdd\x9fBkE\xcc\
\xbf\xf0\xfbC\xdf\xc4\x87\xcf\xb4e\x92\xadL\x0a\x84\xbc\
\xb5\xab\x7f\x00\xe0\x9bi\xd2\xb1\xc1\xf4p`\xc7\xfau\
\x99`*\x16r\xea\xd7\x8e %_\x070:\x1d:\
\xcc\xf8@X\xc6\x9d\xfe\xad\xebNe\x88\xb5\x8c\x09\x84\
|5\xab\x1ec\xa2\x87\x9d7\xb8\xa4\x00r\xd6h\xa8\
\x8a!\xe0\xf2~\x80\xd7\x02n\x04A\xa7.\xc3\xd8{\
\x0ab\xf3!\xd0U\x7f\x14A&<\x12ll\xf8y\
\x86\xf8\xeb\x82o\xfa\xda\xa1,\xe5\xf6\xa8\x19,\x08j\
\xca0\xc8\xfa\x11PcJ\x80\xa2<\x00\x04\xba\xd8\x0a\
\xfa\xa4\x05\xc6\xb6#\x10\xef\x9f\x06\x98\x9d$\x8f\x13\xd3\
L\xff\x8e\xf5g2\xc1_F\x04\xe2\xab]\xfdu\x06\
~\x1aY\xc6\xf9^\xd8\xf7\xd7C\xce\x9b\x00\x18q\xba\
\x09\xda0_\xd9\x0b\xf3\xb9]@\xc8\x8e\xbcc3\x89\
\xc5\xc1\xc6\xa7\xfe\x9c\x09\x1e\x01\x00\xb3\x1f\xea\xe3\x0b\x04\
\xb720)\xb2XU\x0eE\xe8\xa1Y\xe0!Eq\
\x9b\xd3\xf1K\xb0\x1e\xdf\x0cq\xe0\x9cV\xce\xc0\xde`\
Qn\x1d6=\x16L\x97\xc5D\x8bXBx\xeaV\
\xdeJ\x10/E\xd2\xe2\xa1\xfd\xd0\xf1\xa3\xbf\x81\xaa,\
\x07D\x02\x99\x9b\x02\xea\x962\xa8)\xc3 \xb6\x1f\x07\
\x05B\x9dw\x04\x81\x17\xf9J\xa66t\x9c\xdf\xd3\x9e\
.\x9f\x00\xe0-\x99\xf8\x0b\x10\x16D\x96\xd9\xf7V#\
\xf4\xf59@\xa1/1\x81\xa2\x5c\xc8\xb9\xe3\x00\x7f\x08\
\xe2\xe0\x85\xaeb\x02\x06\x19\x81\x0e\x9f<\xb3\xf7\x8dt\
yL[ \xd6\x90\xaag\x11\xa1\x8b\xb9\xb4\x00\x1d\xff\
q\x17\xb8\xb8O\x8f\xe8p\xff<\xa8\xc9Ca\xbey\
\x10\xb0Ug\xb1O\x0ax\xe4\xd9\xf7\xd3\x9e%\x9e\xfa\
\xd5\xb7\x10\xf0$\x00\xd1Yf\xaf\xa8\x82\xbd\xb2\x1e\xa0\
\x1e(\x0a\x22\xa8\xaaa\xa0\x1b\x01\x88C\xcd\xdd\xc5\xa0\
\xa9F\xd9\xa4\x17\xe4\xd9\x0f.\xa7\xc3\xa7H\x5c\xc5\x1d\
\xb9\xd5\xab\xa6\x00\xf8\x5c75B\xe8\x9b\xf3\xc1E\xb9\
)\xd1\xe3\xe1\x03\x10\xfa\xc79Z\x19\x11?\xe8\xabY\
3$\x1d>\x01\x80$\xbe\x8b\x88\x01\xa8*\x87\x86\x85\
\x91\x22Bkf@\x8d\xd6v\xf4\x16\x09\xf1\x8d\xd49\
\x0c#-\x81(\xa25\x91\xd7\xf2\xf6\xb1PcK\xd3\
bH\xce\x1c\x055N[os\x14\xe1\xf3i\x11\xad\
Z[H\x84\x85]\xd7\x82\x10Z3-\xb1:\x8d\x07\
S\xc0^;C/c\xba\x17\xb3\x1f\xea\x99jp \
u\x81\xacXa\xc0\xf1\xa2\xe4\xd2In\xb5\x93\x07\x11\
\xe4\xf2JG\x91\xba3\x1d\x92>S.\x00\xe0\xe9\xbc\
V\x15\xe5\xe0\x9b\x8b\xd3!\x19\xa63a0\xd4\xa8\x81\
\x91E}|\xfe\xe0\xe2th\xa6,\x10\xef\xd9\x82i\
\x00\xba\x9e\x8a\xcb\xfa:\x99K\x19r\xcaP\xc0\x8aX\
\xde\x98\xea\x91\xce\x8e\x900M\xa3_ws\xca\xa4\x9c\
P\xb7\x8f\xd1\xaf\x09+\xd2\xa1\x97\xb2@XaY\xe4\
\xb5\xac\x1f\x91\x0e\x1f:|\x1e\xf0\xa0\xc2\xc8\x12o~\
\xf5}\xfdR%\xa7@e\x91\xd7<2\xfd\xd9\xd1\x09\
9}\x94\xb6) `!\xa6\xad\xcaO\x95^\xca\x02\
!\xe8\x02Q\x19\x1cu\x00\xc0\x03tU\x1c4\xc4\xe0\
Ti\x11\x94\xb6\xfaraj\x9b\x8eX\xe0\x01}\xa0\
\xc6h\xeb\xa6\xd7'\xc5B\xb7\xfa\x89`\xa6\xd2\xc8\xaa\
^5\x09\xc0\xf0.\xa6\x8a\xf2\x9cL\xa5\x0d\xce\xb1\xb4\
kC\x89\xd1\xde\xa9\xabR\xf3\x1b\x11\x15\x22\xd2\xc0\xce\
I\xe9\xb1]\xa1f\x8e\x848x\xbe\xfb\x1a\xbc\x02\xc0\
\x8b\xa9\xd0J\x893C\x88\xe5\x88xBU7<\xbd\
\x1dK,\x98:=&\xfa\x9f\x94\xad&\xa7\xb7#\xda\
\xfd\x91\x16\xe4\x8cQ0\x9f\xda\xdaE\x97\x80\x05\x98\xfd\
P\x1fl~\xe2FOi\xa5\xa4\xb2\x08\xdc{\xebG\
'DZ;\xf2\xf8P\x99\x15HXmiZ1\xd7\
\x17\x08\xa4\xa4\xb6z\xfc\xd4\xde\xda\x957i\xbe \x9f\
\x07jb\xdav[4\xe2\xf9\xbf\xd2Ef\xe5\x01\x00\
P3F\xe9\xd7)\xee\xb6z\xac\xb2\x88\xc4\xb2\xc8\x19\
/\xab\x87\xe9[\xd4L\xc1\xd4\xc7\x0a\xf7\xed\x0f\xce\xf1\
\xa6DJ\x5c\xbe\x08\x84\x22\xe2^\x19\x9e!\x00 g\
\x8c\x84\xb9>Bm1-\xc4\xc4\xaf\xe4\xf54^\xd2\
c\x81\xb0\xa2\xe5\x91\x16\x81\xaa\x1b\xd9S\x12\xc9\xc1\xd0\
\x85\x1c\xbam\x11\xd4\x88q)\x91\xf2\xfc\xf6I\x88\xb3\
'\xbb\x0b2\xbc\x86\x00\x00\x17\xe7C\x8d)\x89t:\
\xe6\xfa\xf2<\x0b\xfd\xc0\xcb=\xa1\xd3#\x95\x95_}\
_\x7f\x10\xba\x1d@\x96\x019uXOH$\x0f\xc7\
&\x81\x94r\xa9\x98\x0c\x1c\xea\xaf\x17\x04\x02\x00j\xba\
\xae\xb6\x98{\xae\xb6z$\x90\x90a\xdd\x89\x88Y\xa5\
*\xca\x81\x5cO\x9c\x16i\xc0p\xb0\xc6i\x08\xc4\xe9\
\xcdMG\xb6q g\x8et\xf6\xb5\x08\x13\xbf\x92\xd7\
\x13\x1a=\x12\x08\xb1\xc3:\xcf\xb01\x18\x09v\x0aD\
\xca\xd4\x89E\xb9\xd7{g\x86pq>\xd4h\xcd}\
\x94\xeb\xf3\xe5,p\xab\x1f\x0b\xc9\x0bd\xf6C}\x18\
4\xb7\xbb%A\xd5\x0e\x8f\xd3 M\xf4\xe6\x0c\xe9%\
\x95\x05\xc4P[=\xdcm%-\x10\x9f\xbfc>\xc0\
]a55\xb6\x14\x5c\xd4\xa3\xd9\xd838\x0d\xcd\xb4\
\xd6\x10\x07zIe\x01\x80\x9c5\xca1\x00xqO\
\xd4V\xd2\x02ab\xcd\x05\xae\xeaz\xc1\x18\x8c\x84\xc3\
R\x87L\xe3-Fy\x11zo\x86pq>\xd4(\
\xcdy\x99\xeb\xf3Y\xf3\x93m\x9f\x9c@\xaa\xd6Z\x00\
\x16E\x16\xc9\xda\xde[?\x00Dm{\xd3\x9b!\xce\
\xd9\xd6{\x02\x01\xa2\x8dD&JZm%%\x90\x1c\
S\xcd\x06\xd0\x95\x92\xc1\xc3\xfa\x83\x87\xf4M\xb6\x8f\xd4\
\xe0\xb4\xd43\xb8\x86P\xef\xca\x03r\x86SmaI\
\xb2j+)\x81\x08\xe8\x11;9\xad\x97g\x07\x10\xe5\
\xcb\x22\x95\xc1]V&\xd7\xa3\x18\xe0\x92\x02g\xb0.\
\xd7\x97\x9bsG2m\x93\xb1\xd4\x89\x89\xf4\xf5\xa3\xe6\
\xff@ \x0e\xd7\x898\xd4\x04\xebJjy\xcet\xb1\
Y/\xe8e\x95\x05\x00j\xfaH\x88O\xba\xfbeV\
w\x01\xf8}\xa2v\x09\x05\x92[\xff\xd5)J\xa9.\
\xefax\xd1\x8a\x1d\xaa\xa5V?\xe8\xe4\xa7\xa0\xd6 \
\xd0\xea\x07l\x19\x8e\xfe\x15\xf8\xc0\xe5E\xe0\xd2\x82\xa4\
Sn\x9cv\x888\x7f\x1a8\x7f:\xa9\xb6\x89\xd1\x03\
\xc7\xa5b\xd0\xb9\xab\xa0s\xd7@\x97\xdb@\x81\x0e\x80\
\x01.\xf0\x82\x8b\xf2\xc0\xc3\xfb\xc7\xdcm\xca\xe9#a\
>\xfd^D\x97\xb4\x18u+|h|9:M3\
\x02\x09\x05\xa2\x94\xeejW\xb57k/U\xec?\x0b\
\xe3\xedC\x10\xfb\xcf\x81N_\x89\xbf\xc7\xcf\xf5@V\
\x96CU\x0f\x87\x9c1\x12\xf0\xc5\xb1\xf2\x9dvH&\
\x91He\xb5\x05al9\x0cc\xc71\x88\xa6s\x80\
?~B>\x17\xe7CM\x1e\x0a9cTWr \
\x0f*\x84\x1a5\x10\xe2pKg\xb5|\x1f\xf2\xe7\xfb\
\x81?\xc4\xa3\x95\x84\xca\x8a\x11\xfb\xb0\x15\x8cMM0\
7|\x08:s%1\x89N\xb4w\xc0x\xef(\x8c\
\xf7\x8e\xc2\xfa\xe5;\x90s\xc7\xc1\xfe\xe2\x14p\xbf\x18\
\xeb]\xa6\x03^\x1ab\x0f\x1a\xbax\x1d\xe6\x0b\xbb`\
\xbcy\x10\x08\xda1\xeb\xb8\xb53\xfe|\x00\xc6\x9f\x0f\
\x80\x07\xe6\xc3^Q\x05y\xc7\x84\xb0\xda\xea\x16\x08\x98\
\xe9.\xa4#\x90\x9c\xea\xaf\x8e\x06\xd4\xf8.\x82\xf9^\
@*\xe4<\xfc<\xe8TZ\x09za\xe1l\xd8\x07\
\xe3\x8d\x8f`\x7f\xa1\x0a\xf6\x8a)\xfa\xba\xe1\x98!r\
\xd6h\xc8;\xc6#\x15\x98\xcf\xef\x84\xd8\x1f\x91\x8f\xeb\
\x9c !\x09\xf3\xc5\xdd0_\xda\xe3\xcc/\xee1\xa8\
\xe5:\xac\xc77\xc3\xfc\xfd^\xd8\x9f\xaft\xde^\x82\
\xd9+\xbd\xd8\xfc\xeb\x80+\xaf\xf1\x88\x0b\xa1\x96E\x8e\
%\x0a\xd8\xf0|\xfb\x15\xd7\xfa\xec\xcb\x03\x0f\x1a\x02\xee\
\xd3\x17\x9c_\x00(\x09\x0a\x06\x80\xf66\x88\xf3\xa7@\
\xd7b\xcc\xa6@\x08\xe6o\xb6C\xec8\x1e\xcez\xec\
\xcc6q\x08\x84\x8b\xfb@U\x0e\x8d\xc7\xae;_\x9b\
\x0e8\x0a\xba\x9f\x8a\xce]\x85\xe7\xbb\xaf\x83N\xb8l\
\x18\x88\xc0\x85EP\xc5\x83\xc0}\xfb\x87\xd5\xb5a\x80\
\xfc\xed\xa0+\x97@\x97\x9aAm\xd7\xa3\x9b\x9d\xbf\x06\
\xeb\xf1\xcd\xe1\xfa\xdd\xfd\xe5\xe7\x06\x8d\xf9\xed\x80\xebK\
\x8c+\x10f,\xd3\xd6\xbf\x18\xa3\x87s|\x90\x15\xd5\
P\xa3&@\x95\x0c\x89\xbbh\xd3\x8dV\x88\xc3\x07`\
\xeem\x04]\xbe\xa8\xdd\x13\x87\x9a\xe1\xf9\xda\x8b\x08=\
\xba4\x9c\xfd\xe8\xd8e\xc1Ncg\x14e\xa8\x87i\
\x89\xa63\xb0\x1e}\x0dt#:i]\x15\x0f\x82\xba\
e2\xe4\xd8I\xe0\xbc8Y=\xcc\x10\x17\xce@|\
\xb2\x1f\xc6\xfe\xdd \x7f{\xd4}\x8dnXm\xf5\x5c\
 \xb9Uk\x07)\x925\xae\x8cX\x16\xec\xda\xdb`\
W\xd6\x01\x9e\xe4\x22y\xdc\xa7\x00\xb2\xb2\x0e\xb2\xa2\x16\
\xe2\xf8!Xon\xd0f\x0d]\x0f\xc0\xf3\xad?\xa0\
\xe3\xdf\x96F\xc7C\xd2q\x9d\xc4p\xbf\x8b\xbd\xa7\xe0\
\xf9\xb7\x8dQk\x05\x17\x0d\x80=s>\xe4\xa8\x09I\
\xd3V\x83\xca\xa1\x06\x95\xc3\xae\xbb\x0d\xe6\xee\xad0w\
\xbd\xabG(\xf5\x1e\xe2\xaa-W\x81H\x8f\x5cJ\x1c\
\xdbpT\xa5C\x10Z\xf4\x05pQ\x8a\x09gDP\
7\x8fE\xb0|\x04\xcc\xado\xc0\xdc\xb3\xb5\xfb^ \
\x04\xeb\xd1\x8d\x90wMv0\x94AK\xfd\xf8%X\
\xff\xdd\x18%\x0cYY\x87\xd0\xec\x85\x80\x91b\x9a\x90\
\xc7\x0b\xbb~.\xe4\xb8\x0aX\x1b_\x80h>\x1b\xab\
V\x81\xc7o\xde\xd1\x01\xbc\x1a\xeb\xa6\xeb\xde\xd2\x19\xfb\
\xe8bz\xccDt\xdc\xfb@\xea\xc2\x88\x84e\xc1\xbe\
m\x11B\xf3\x96\x01\xd4\xcd\x0a\xb5\x05a>\xbb\xdd\xd1\
q:\xceEG\xb7\x0d[\xf5\xad\xac0\x10Z\xb0\x02\
\xa19KS\x17F\x04\xb8h\x00:\xee}\x10rl\
\xec\x5cgA|\x97[\xdb\xd8\x0a\xbfjm\xa1\xd7\x92\
-\x88HP\x06\x009\xae\x02\xa1\x85+\xb4\x97\x97)\
\x18\x07?\x84\xf5\xda\x0b\xaev\x0c\x17\xf8\xc0%\xa9e\
hR\xf3uP\xab\x8b=F\x84\xd0\xfc\x15\x90\x13\xa2\
vD\xe9C)X\x1b_\x80\xf1I\x93\xf3Nk\xa0\
(w`\xac/\xaeb\x0e\x07\x9f)\x17\xb0C\x18\xaa\
t\x08B\x0b\xee\xea\x15a\x00\x80\x1c;\x11\xf4i3\
\xcc\xc6\xb7b\xde\xa7V\xbf\xfbKM\x03\xf6\x8c\xf9\xbd\
#\x0c\x00\x10\x02\xa1\xc5_\x04=\x7f\x15\xe2\x82\xe6e\
(\xc8\xb9\xd2vG\x10\xd8\x10\xd5$\x16\x1d&\x87\xba\
\xf2x\x11Z|\x0f \x92H\xf7a\x06]j\x868\
z\x10\xc6\xe1\x03\x10\xe7O\x01v(q;\x00v\xfd\
\x5c\xa8\xa1\xbd\x1cg\x89\x80*\xbb\x09\xf6\xd4\x19\x89+\
\x02@(\x04q\xeeT\xf8\x99\x8e\x1e\x04]jI.\
\xf2(\x0c\x84\x16}\x01\xb0t\xaf\x04\x11\xc5T[\xd1\
*k\xc1#9\xde+\xed-\x00\x0a:\x8b\xec\x99\x0b\
`W\xcf\x8c\xdfqG\x00\xe6\xaewa4\xed\x01\xdd\
\xb8\xa6\xdf\xb3,\xc8\x11\xe3a\xd7\xcf\x01\xf7\x8b\xbf\xf6\
P\xcby\xe4<\xf3X\xaf\x86Y\x01\x00\xc2@\xf0\xfe\
\xaf%\x5c\x0b\xe9\xd3f\x98\xdb\xde\x82q\xecc \xa4\
\x0f,\xce/\x84\xbceJX\xa8\x9e\x9c\xb8t\xcc\x9d\
\xef\xc0|gS7]\xe0\x9a\xbf(\xb7\xc4\xa9\xb6\xa2\
TV\xce\x95\xb6\xdb\x01\xea\x12\x06\xfbraW\xd6\xc6\
\xedL\x9c?\x0d\xeb\xd5gA7ZcW\x08\x85`\
\x1c\xdc\x07\xe3\x93&\xd8\xb3\x16\xc0\xae\x9a\xeeJ\x8b\x07\
\x0e\x82\x1c_\x09\xe3\xc0\xfb\xce[\xaf\xe7\x98\x9e/\xc7\
e\xc4\x05\xc1P\xe8?A|_d\x99\x1c{kB\
a\x98\xbb\xde\x85\xf9\xce\x9f\x5cc1t\xfd\x1a\xcc\xc6\
7a4\xedFh\xd9\x97\xa1J\xdd38\xed\x8a\x1a\
\x18;\xb7\x80\x02a;\x85\x81\xc2\x9c+\xed\xf3\x82\xc0\
\x1f\xb5>\x9d\x0d\x05hq\xe4\xd8\x94\x15\xb5Q\xd3M\
\xab\x7f\xee4</=\x95\x9cZR\x0a\xe6\xdb\xaf\x01\
\xc1\x00\xec\xfa\xb9\xae\xd5dEM\x94@\x88\xc0\xd7\xb6\
\xfe\xa2\x07\x8e\xb3nx\xebV\x05\xc0\xba2\x90q\x06\
\x05\x00\x98\xef\xfd\xc5u=s\x82n\x5c\x83\xe7\xc5u\
\xe8\xf8\xe2Zw\xa1xr +k5\x9a\x146\x12\
5\x818\xd7\x10b@\xfb$K\x8e\xb9\xd5\x9d\x93\xa0\
\x1f\xd6\xab\xcfD\x09\x83\x07\x15B\xce\x1b\x0f\xb9d\x12\
\xd4\x84\xc1Qv\x80\xd9\xf8\x16\xc4\xf1O\x5c\xc9\xaa\xd2\
rp_\xfd\xfb\x1cV\x9c\xfa~\x94\x856\xc4\xb9\xa8\
\x18\xaa\xa4\xcc\xad6\xc4\xd1\x830\xb7\xbf\xad\x17\x12A\
\xdd2\x18r\xc9$\xc8y\xe3\xc3\xa1\x84H\x84B\xb0\
^y\x16\xe8puSA\x8e\xafp\xd0\xe4E\xce:\
\xdaC\xfa\xea\xee\x1b\xcc\x8c.\x87\x11\x17\x16\x81\x07\xb8\
\x7f\xf7a\xee\xd8\xa2\xfbq,\x03\xa1\xb53 \x17\xde\
\xaaY\xda\xe2P3\xac\x1fn\x02]\xf8L\xa51\xc3\
\xda\xf2\x1a\x827\x8d\x8c\xbdk\xfb\xccp4\xde\xdf\x16\
Y\x96\xb2@\x08\xac\xadHjh\x9c\x00\x1b+X[\
^\xd7\xd60.-@\xe8[\x0b\xf5\x9c+\xc50^\
k\x82\xf5\xd4\xbb@(\x1c\xcd\xa4\x1b\xd7`\xee|\x07\
\xf6\xf4y\xb1I\x17\x15\x83\x0b\xfa\x82Z\xafv\x16\xf5\
\xcf\x9b\xba\xb2\xb4m\xd7\xaf\xbb\xf2O\xb5\xb7\xc1\xec\xd1\
\xa2\xf3\xf1F\x11X\xc1h\xda\xad\x15\x85\x1e\x98\x05\xb9\
xb\x94\xdbC\x8d)A\xc7\xf7\x97k\xf1\x0f\xba\xd4\
\x02q\xd6\xfd\x88\x105\xc0q\x88\x10\xc3\x8a]31\
\xd81\xf0T\xd9M\xaeu\xc5\x99\x13\xba\x9f-\xd7\x83\
\x8e\xef/w&\xc0\x01\x82 \x97LD\xe8\x01}\xb3\
c4\xed\x8e\xbb!q\xbeSI\xa6\xf6\xce\x1d\xc3S\
i7\xe3-z\xa2\xf9\x1c\xc8\xdf\x9d\xd8\xcdC\x8a \
\x17\xb8\xfb\x7fxP!\xec\xc5\xba\xfa\x8b\xa7\xb6x\x80\
\xe30!J\xfd\x90\x03\x06\x0d\xd0\xae\xfb\x0dp\xab\x0a\
qB\xe7\xc9^<\xd1\xf9\xbd\xa3\x069\xff\x16pY\
w\xc2\x07\xb5]\x87h9\xe7Z\xdf\xa9\x8aa\xb0\xbb\
@\x08\xa4\x7f\xd8\xe7u?n\x82\xae]\xd5\xaeUE\
y\xc2\xf0\xac\x9a\xac\xbb\xcf\xa9\xd5}\x8d\xe6\xbc\xa8\xcf\
\xbdSWY\xc4\xba@|\xee\x09 Q\xcf59\x81\
\xcb_P\xf8\xd95\x1aq\xf6\x1e\xb9\xba\xb7\x81\x995\
f\xe2\x9b\xdd\xf1\xa2v\xce\x85\xdc\x9b\x84Fq\xd6q\
\xf5\x88\xa2g\xc7]$\x02C7\x12\xe2|\x9dE\xb6\
\x83\xa7$\xbeGd\x9f\xf3\xb9\x923\x84cA\xe3L\
\x81\xf4\x5c\x9b\x0e\xf7\x17\xe6\x8c\x11\x88\x13\x9f&\xec\x8c\
\x8e9\x82@}\x0abW\x04\x80\x8e(7O\xe2\x0e\
\xdc\xa1\x877\xa3iw\x81su\x9e\xe8d\xe2n\xc5\
q\xfd\xb98?\xces\x85\x1c}\xb3\xfe\xce5\x81\x08\
R\x9a\xc3%b7\x10\x05.\x1d\xac\x8d4\xb1\xf7d\
\xfc\xf8\xbad\x98\x1b?\xd4\x8a\xd4 wu\x105\xed\
\x99\xd29\xebP\x13\x08]\xbf\xe6V\x0fj\xb0\xae~\
\x8c\x8dMq\xd3\x86\xe8\xe4e\x88\xbd\x11\xafM\x18P\
%\xee_pG\xbdS!\xb4\x9d\x8d&\x10\xa9\xf8\x90\
\xd6\xf8\xd2\x05\xb8\x81\xbd\xb9P\xc3\x22\xbe\x9e\x92\x0c\xcf\
\xbf\xbf\x0e\xba\x1c\xe3$%\xc5\xb0\x1e\x7f\x1b\x149\x92\
,\x0bj\xc4\x98\xe8\xba\x9d\x8c}\xea\xc8\xa5\x22\x1cw\
\xad\x9c\x08\x8c#\x1a\xed\x8b\xee\xcf\xa5F\x8c\x03\xccn\
\x15$\x8e\xb4\xc0zbsL\xa1\xd0\xe56x\xbe\xf7\
\xbavO\x0d\x1f\x05\xe4\xc4Y{\x9d}Kh\xbb\x08\
MAv\xf4\xebs\xd4{\xa5=\x00\xc0\x0b \x1c`\
\x09\x06\x00\x97o\xfb\xecis\xe19q\xb8\xfb\xbb\xba\
\x93\x9f\xc2\xf3\xd0s\x90\xcb+\xa0&\x95\x83}\x16\xc4\
\xe1\x16\x18\x1b\xf6i\xd9\x17\x00`WM\x07{\xdd?\
\xe0\x17\xa7\x8ej\xd7\xccj\x9bK\xd5\x84`\xe2\xed\x14\
\xe1\xb6\x13\xa7\x8f\x02.NE\xf6\xe5\xc2\x9e\x5c\x0fs\
\xe7\x96\xae2\xe3\xb5&\xd0\xe1f\xc8\xa5\x93\xa0F\x14\
\x83\x026\xc4\xdeS0^\xd9\xa7{\xa0\x89\xe2z \
\x10\xf4C\xb4\x9c\x8f,i\x0fJ\xd2\x06\x9a\xbebm\
z,\x88\xda\xd5o\x03\x9f\x1d\xf2\xa5\x14\x8cc\x1fC\
\x8e\x8b\xed\x9eV\xa5\xe5\xb0kfkV-]\xf3\xc3\
\xfcu#\x00\xf7s,UI\x19\xec\x9a\xdb\x5c\xefS\
\xa0\x1d\xe2\xf41\xadI\xd06w\xb86H\x80\x1c\xa2\
\x1d\x1d\x0c\x85\xcf4\x828u\x0c\x08\xfa]G\xb2]\
?\x07\xe2\xd4Q\x88\x0b\xdd\xa7\xf6\x89OZ ~\xfc\
\x97\xb8\xfd\xd8us\xe2\xdan\xc6\xe1\x8f4\xbf\x18\x01\
ob\xcf:m\x07\x10\xb5\xdd`\xc6F\x8d\xc8\xbe]\
\xf1\x99\x98\xf69\xc8\xca\xba\xb8u\x22\xa1J\x87 \xb4\
\xfco\x01\xcb}Wf4\xedq~1\xf5&\xf6\xac\
sW\xfc\x09\xd0\xda\xd8p\x19\xa0n'\x92\x1d\x82\xf1\
\xd1>\xf7\x06\xa6\x85\xd0\xb2\xaf@\x0dL\xfe4\x0fY\
5\x0dv\xdd\xedq\xeb8\x0di\x06\xff\xd1Y'J\
 &\xe8w\x00\xba\x1c2\xe2\xccq\x883q\xd47\
\x11Bs\x96\x22\xb4\xf8npA\x9c\x8cx\xd3\x82]\
=\x0b\x1dw\xaf\x05\xf7\x89\x13\xf9\x0b\xfaa\xec\xdc\xac\
w\x01jpo\x90\x1c\x88\xf8W\x1a;;\xb7\x00\xd2\
=\x07\x8b\xfb\x14\xa0\xe3\x9e\x07`O\x9d\x197\xac\xcb\
\x85E\x08-\xb9\x07\xa1\xdb\x16\xc7\xdd\xaa\x8bSG!\
\xce\x9e\x88,j7-\x8e\xca>\x89I\xc1[\xb3\xfa\
I\x10\xfe\xae\xf3Z\x95\x0eA\xc7\xbd\x0f&>]A\
J\x88\x13\x87a\x9c<\x1c\xdeMH\x1b\x9c\x97\x0fU\
6\x0cj\xc4xpn\xe2\x8c|\xf3\xdd?\xc1\xdc\xb1\
%\xb2\xa89P\x94;,\xed\x03&\xebV\xf8\xbc\x9c\
\x7f\x02\xa0.\x1f\x88=c^\x5c\xd5\xd9\x09jo\x83\
8r\x00\xe2\xdc\xa9\xb0\xef\xce0\xc1\x85E\x90\xc3F\
A\x0d\x1b\x918\x0e\xaf\x14<\xcf=\xa1%=\x10\xf3\
\xe3\xfe\x1dO\xff}T_\xb1\xda\xe7\xd4\xad\x1eI\x8c\
\x8f\x11\xb1\xc6\xd8\xd3\xe6\xc2\xae\x9b\x13\xabz\xc6 \xce\
\x9c\x80\xe7\xe5\x06m\xe42\xe1\x81`c\xc3/3A\
?\xa7v\xcd\x83\x04~\xa2\xab\xc00\x11\xfc\xf2\xc3\xe0\
\xe2\xcc\x1e\x9c\xe3\x84\xd9\xf8\x16\xcc\xf7\xb4\xf5'\x04E\
c\x02;\xd7G\xa9\x9e\x98C>\xd8\xd8p\x04\xa0\x1f\
iD\xb7\xbd\x05q\xe4\xe3\xccr\x1a\x01j\xbd\x0ak\
\xc3\xb3\xba\x1a!\x1c\x08\xe6\x94\xa7\xad\xae:\x11\xf4\x0e\
y\x0a@\xf7CH\x1b\x9eW~\xa3\xf9\xe42\x0d\xe3\
\xc8G0\xb7\xfdU/d\xfc \x960\x808\xae\x93\
@\x91\xefQ\x00\x1fu\x13Q\xf0l\xfcm\x5c\x87`\
\xaa\xa0\xebW\xe1\xf9\xfd\xaf@\xed\xda\x8b\x09\x12\xb0\x0a\
\x9b\xbf\x93^\xb2m$6\x7f\xc7&\xc2J\x00]\xea\
\x8f\xae]\x81\xe7\xc5\xf5\xbd\x22\x14q\xec\x10\xac\x8dQ\
\x994\xfb\x037Z\xbf\xe7\xd6\xc6\xdd\x83zd\xa7\x14\
eU[\x05\xe1^|f\x97@)\x18\x87\x9a\xc0y\
y\xe0\x92\xcc\x1c8#\xce\x9e\x84\xe7\xe5\x86(\xcb\x9c\
A\xff\x10\xd8\xde\x103\x99,\x1d\xd8g\xf6\x9e5\xca\
'_%t\x1f\x8aI\xed7`\x1c\xde\x1fN\xb0\xc8\
M\xeb\x0c\xcb.\x18\x1f\xec\x80g\xd3\xcb\xba\xfae\x5c\
e%\x16\xca\x0f\x9eq\xb5L\xe3\xba\xb4\xe5\xd9\xf7\x9b\
\xcd\xc1U;A\xb8\x1b\x9d\xeb\x093\x8c\xa3\x07A-\
\xe7\xc1e\xc3\x5c\x8d\xc6\x84\xe8\x08\xc2\xdc\xfe6\xac7\
\xfe\x10N\xc8\x8e\x00\x81\xff+\xb0\xbd\xe1\xbb\xa9\x11N\
\x0cyf\xefN\xab\xac\xb2\x18D\xd5]}\x06\xfc0\
\x9b\xf6\x00\x86\x11\x0e\xc3\xa6x<\x14\xb5^\x85g\xd3\
K0wou\xce\x8c \x11-\x09\xee\x5c\x1f\xd7\x8e\
H\xca\xa5\xea\xa9Ys\xa7 ~\x1e\x80nZ\x9b\x16\
\xe4\xa4j\xd8\x15\xb5\xe0\x22\xf7\x18\x83\x86\x8e\x00\x8c\xfd\
\xef\xc3\xdc\xfe\x96SE\x01\x00\x18\xfc\x93\xe0\xf6\xa7\xff\
\x05\xbd\xf9\xedr\x18\x94S\xbb\xfa'\x04|=\x8a\x87\
\xc2\x22\xd85\xb3 \xc7V$\xcc&\xe9\x22v\xf9\x12\
\xcc\x0f\x1aa|\xb8+V~A\x1b\x03\xf7\x04\xb77\
D\xd9\x1dQt\x92\xea\x0d@n\xed\xfd\x93\x15\xc4\xab\
\x00\xa2u\x15\x11TI\x19\xd4\xf0\xd1\xe0\x81\x83\xa1\xfa\
\x15\x87\xad`\xc3\x00\x82~P\xebU\xd0\xc5\x0b0N\
\x1f\x838q\xd8-!\xa2\x83\xc0\xdf\xf2o\x7f\xfa\xa7\
\xb1n\xf6\x16|\xb5\xab\xfe\x89A?\x80#1\x10\x00\
`y \x87\x8d\x84\x1a:\x02\xdc\xbf\x04\x5cX\x14\xd6\
\x08R\x86\xdd \x97/\x82Z\xceA\x1c;\x14\x0eJ\
\xc5\x8e\x14\x9e1\x84X\xd2\xb6\xed\xa9\x0f\x92\xe1\xa7G\
A\x87\xbc\x9a5%\x12\xeag \xba\xa7'\xed\x12\x82\
qH\x80\xbe\xd4\xbec\xfd\x9e\x8c\xd2M\x12\xb95k\
\xaaTX\x03\xa4\xf5\xfb\x0a\x07\x18\xa0\xe7\x0d\xc6?\xb7\
\xedX\xdf\x9c\xb8z\x18)E\x81\xbc\xd5kng\xc1\
?& \xdd\x1c\xcc\x0b\x0c\xfe~\xb0(o]&\xfe\
,\x90\x16\x16<\x92\x93s\xb5\xfd\xab\x04\xfckj?\
\xa3\xd1\xb0\x07\xa0o\x04\xb6\xaf\xdf\x9c\xb8\xaa\x8e\xb4\xc2\
r\xbe\x9aU\xd3?\xfbg\xc8b\x00\xc9nO$\x80\
\xcd\x00\xbf\x18\x08\x99\xcfa\xcf\xba\x8c\xfc\xf9 c\xa8\
[\xe1\xf3r\xc1\x97\x00\xdc\x0d`6\x92\xffa\xc1\x0d\
\x00\x1bH\xf0\xcf\xd3\xf9CPf\xe2\xa4Uk-\x9f\
%\xab\x19<\x0b\xc0H0\x06\x83\xba\x12\x0bZ\x19t\
\x95\x98\x9b\x88h\x9f!\xcc\xad7\xb6=\xd9\x12\x8f\xdc\
\xff\x17\xf4\xa9\x7f`\xa0\x94\x1d3\x184\x91\x89n%\
R\x85`\x0ag<0_\x02\xe8,\x81\x0eC\xd0;\
\xfe\x9c\xb2\x9d\x19\xb5\x99\xb2\xc8\x22\x8b,\xb2\xc8\x22\x8b\
,\xb2\xc8\x22\x8b,\xb2\xc8\x22\x8b,\xb2\xc8\x22\x8b,\
\xb2\xc8\x22\x8bL\xe1\x7f\x01\xc7\xf3\xd8\xf2VU\x0e\x22\
\x00\x00\x00\x00IEND\xaeB`\x82\
\x00\x00\x0a\x07\
\x89\
PNG\x0d\x0a\x1a\x0a\x00\x00\x00\x0dIHDR\x00\
\x00\x00d\x00\x00\x00d\x08\x06\x00\x00\x00p\xe2\x95T\
\x00\x00\x00\x06bKGD\x00\xff\x00\xff\x00\xff\xa0\xbd\
\xa7\x93\x00\x00\x09\xbcIDATx\x9c\xed\x9dyl\
\x15\xc7\x1d\xc7\xbf3\xbb\xef\xb0\xb11&\x801\xd0p\
\x94+\x9c\x01#_P\xb09\x1ah\xdc\xa2@L\x92\
&\xa1\xc8\x06\x12A\x5c\xa5\x8dD\xa1\xa2\x8d+U%\
EJ\x82\x1a\xb5\x95\x5cLT\x15Em1\x81\xf4@\
\x08ATB\x12\x1b\x08P\x9a\xe0p\x87\xc3\x17\xd8\xb1\
\x0d\xc6~\xd7\xeeL\xffp\xc0\xef0x\xdf\xf3\xec\xf1\
\xcc~\xfe\x9b\xd9\x99\xdfo\xde~\xdf\x9b\x99\x9d\xdf\x9b\
Y\xc0\xc6\xc6\xc6&n F\xf9I\xcc]3\x8b\xa9\
l\x22\x01\xd2@ \x19\xe4W3\x0c\xc4#I\xac\xa2\
\xe3\x93\x1duf\xb6C_A\xf2\xd6%\xb9\xbd\xde\xd7\
\x00\xb2\x16\xc00]}\x09\x81\xdfd\x9c\xe7\xfb\x8f\xbe\
[mV\x0bt\x13$!gM.\x07\xab\x00G\xba\
^>t\x81\xa0\x9e\xab4\xcfw\xecO\xe7\xcdq\xaf\
\x03\xae\x9c5\x05\x84\xb3\x0a\x00.=\xec\x1b@\x0dT\
>\xcf{|\xc7e\xa3\x1d\x0b\x17\xc4\x99[<\x852\
|\x0a 98\x9f\x0f\x18\x086f\x22xJ*\xb8\
\xec\x14\xed6f\xa4\x0b\x9f\x83^\xb9\xd8\xdd\xa5+D\
\x96\xe6y>.\xbbfd{d\xd1\x06\xa9\x8a\xdf\x83\
\x04\x89!\xc9\x08,(\x80:5\x13 F\xcd!\xb4\
CZ\x9b\xee'\xc8(\xae\xa8\x87\x12g\x17\xcd3r\
\xa0\xa7\x22\x8d\xb9\xb3\x8b\x16\x82`n\x97u\x0a\xffS\
+\xa1N\xcb\xb2\xa4\x18\x1a\x18\xcbTr0)\xf7\xe5\
!F9\x14*\x08@\x9e\x09N\xa9\xd3\xb3\xc0F\x8d\
\x13\xebBgr\xc6{\xc3\xb3\x1eS\x99r09s\
\xe5#F\xf8\x17+\x08\xc1\xfc\xe0\xa423G\xa8y\
#X=\xbf\x0d\xbf|\xba9$\x8f\x83O\xf5S\xe7\
\x01\xe4\xad\x1a\xa0\xb7\x7f\x91\x82\x10p\x0c\xbf\x9b\xe0\xee\
D\xf0\xd4\xc1\x02\xcd\x1b\xc7\xc6\xa5\xad\xd8\xf0\x83\xd6\x90\
<\x02>\xd3\xed\x95\xf6#\xeb\xf9\xfez\xfa\x16'\xc8\
\xec\xa2$\x04Os\x13\x12\x85\x996\x83\xd2\xc2f\xfc\
x\xc9\xad\xf0\xec,7q\xff\x1b\xd3^\xec\xa7\x97_\
q\x82(\xbe\xd0Q;.\xc7\xf0P\xb6<\xf75^\
Zx;<{\x8e;\xd1\xb9_/Q\x04\x0f\xea}\
\x0bB\x80\xb7V6au~\xb7\xa2\xecA\xde*\xb7\
h\x9f\xb6 =@\x08\xb0mU\x13\x9e\x9b\xdd\x16~\
i\x91\xdb+\xed\xc1\x92\x12\xa1\xab\x11\xb6 \x1a\xa0\x14\
([\xdb\x88\xc2\x9c;\xe1\x97\x16\xbbZ:\xdeC^\
\xa9\xb0\x07l[\x10\x8dH\x14\xd8\xfeR#\x0afv\
\x84\xe4\x13`\x99\xdb{\xfd=\x14\x16\x0a\x09)\xd8\x82\
D\x81C\xe2\xd8Y\xd2\x80%\x8fw\x84_*t_\
\xef_\x0e\x94\xf6\xfa~F\xffS\xcb[\x97\xe4n\xf7\
F,%0\xd0$\x80we\xa8*Hksx1\
\xdd\xe1\xc9\xfd\x01I\xf8\x12\xdd=\x9c2\xb0\xb3\xe4\x06\
\x96\xbd\x99\x8e\xc3\xd5!c\xfa\x8f\x12\xb2\xafwx\xaa\
\xb0\x1e!7\x22:\xa2\x9a\x9c\xbas\x8a7\x81\xe3\xd7\
\xb0\xf2/K\x92\x11\x98\xb7\x04\xea\xcc\x5cM\xc5\xe5\xc3\
\xfb \x1f?r/]\xfercw\x03x\x04w|\
\x14K\xb7\x0eE\xe5\xf9\xd0\x89\x16\xe7d\x9b\xef\xe8\xf6\
\x9fD\xd7\xe8.\xb4\xdf\xd8\x8c\xb5\x0ep\x94FU\xc7\
\x0cT\x05\x8e\xff\xec\x03\x02\x01]\xdd$\xb9\x18\xde\x7f\
\xad\x01\x19c|!\xf9\x84\xf0W\xdd9E[b\xb5\
\xab\xfd\xe6&\xfb\xfb\x01\xb0N \xe3A0\x15\xc4\xe7\
\xd1VVv\x84$\x9b\xda\xb4\xdf\x92\x94D\x86\x7fn\
h\xc0\xb4GCE\x01'\x1b\xdd\xd9E\xafk6\x14\
\xdc\x9cX*\x01\x00\x1c2\xd8\xa8\x811W\x17\x0d\xbd\
\xd6\x0c\xf8\x94\xa8\xeb\xf1\x81\x83B\xd2\xef\xecOA\xce\
x/2F\xfb4E\x0c\x06\xf4S\xf1\xaf\x8d\x0dX\
\xfc\x9btT\xd7\x04\x7f_IiBv\xb1\xd7SU\
\xfe\xdbh\xda\x13\xb3 <-\x19\xfe\xdf=\x1bku\
\xe18K\xfe\x0az\xf1f\xd4\xf5\xd8\x98\x89\x80\xd3\x0d\
\xf8;\x97\xddk\xbe\x961\xf7\xf5\xe1=\xd4\xd2\x06\x07\
\xdepe\xaf\xbe\xed\xab\xda\xfeG\xadu\xac=\x1e\x18\
\x00w% \xf0\x9d\xef\xeaf\x9f\x80o\x8d\xe6\x19\xc5\
TA\xe8\xd9z\xc8\xbbO\x81\xd4\xb4\x98\xd9\x0c\xa83\
r\xa0\xe4.\xd0+\xaa\x99\x84\xc6~\xc9=\x17\xebD\
\xbf\x09{\x0f\xd03upn\xd8\x0d0\x0eyg\x15\
|e/\x80\x0f\xd6\xdcn\xe1(\xb9\x0b\xc1\xc6N\x82\
t\xaa\x0a\xb4\xfe*\xd0~\x07`\xb1=N\x10\xbf\x0f\
\xe0,\xa6\xba\xe6\x09r\xf2j\xd7\x07\xf6\x06@\xcf\xd4\
A\xcd\x9b`Vs\x00\x00l\xc80\xb0'\x96\xf5\xda\
\x8ek\xc7[ \xcd\x8d1\xd55\xaf\xcbR\xc2\xbeA\
\x01\xd5\x9cvX\x8c\x87~P\xb7\x1a\xb6 \x16\xc3\x16\
\xc4b\xd8\x82X\x0c[\x10\x8ba\x0bb1lA,\
\x86\xae\x0f\x86\xa4\xa5\x1d\xf2\xdfO\x80\xcb\x12\xd4\xa7g\
\x82\xa7$h\xaf[\x7f\x0b\xf2?N\x83\xf7sAY\
>\x03H\x88\x8f\x95\xff\xde\xa2\xab \x8e7\xf6\x83\xfe\
\xaf\x16\x00 U^\x82\x7f\xcbS\x9a\x96G\xe8\x85\x9b\
pl\xfe\x00\xe4vgL\x83\xb4\xb4#P2\xbf\x87\
Z}\x03]\xbb,r\xad+\xa6Nj[\xe1\xdc\xb0\
\x1b\xa4!\xe2Og\xa1\x0d:\xdb\x00\xc7\xa6=\xf7\xc4\
\xe8\xb4c\xee\xe2\xa3\x91\xe8*\x88\xfa\xfd\xe9!i\xd2\
p\xbbS\x94\xda\xd6n\xcb\xd3/\xea\xe0\xfc\xf9^\x90\
\xf6\xa0\x08\x1c!P\x97N\xef\xb6|_D\xd7.K\
\xf9a&\xe0\x09@\xae8q/\x8f4\xb6\xc1\xb9\xa1\
\x02|\xc2\xd0\x90\xb2\xf4t-\xa4?\x1c\x06\xbcA\xb1\
pJ\x10X\x9f\x0fu\xceX=\x9bi)t_\xed\
U\x8ag\x03\xc9.\xc8\xef~z/\x8f4w\x80T\
\x86\xee\xa7\x94\x0e}\x19Z\x91\x12\x04^]\x00u\xd1\
$\xbd\x9bh)\x0cY~WV\xcc\xeat\x16$\xca\
\x03\xa1\x04\x81\x9f.\x82\xba`\xa2\x8e\xad\xb2&\x86\xc5\
C\x94\x15\xb3\x00I\x82\x5c\xfe1\xc0\x1f\x10\xf8qH\
\x08\xfcl1\xd4\xd9\xdf6\xaai\x96\xc2\xd0\x07Ce\
\xf9\x0c\x04^\xc9\x07\xe8}B\xa5\x0e\x09\xfeMK\x1e\
Z1\x00\x13\x22\x86\xea\xf7\xa6\x00\x94\xc0\xf1\xce\x87\xa1\
!R\x97\x0c\xff/\x0a\xc02\x1e5\xbaI\x96\xc2\x94\
\x10\xae\xbax2\xe0\xa0p\xbc}\x10P9\x90\xe0\x84\
\xffW\x05`SG\x98\xd1\x1cKaZL]]\xf0\
\x18\xd8\x98\xc1\xa0_\xd6\x83e\x8c\x04O\xd3u/e\
\xdc`\x9a \x00\xc0G\x0f\x82:zP\xcf\x05\x1f\x22\
\xec\xd5^\x8b\x11\xf3/\x844\xdc\x82\xab\xe8\xcf\x22\xdb\
\xd2+HS\xc4v\xb3\xb8$\xf6.Ka \xf5\x11\
\xfb\xb8mz\x89\xf6.\xab\xb1\xbd\x03\x80\xbe\x9b.D\
A)\xb8K{\xec\xc5Jh\x17\xe4\xcc.?\x016\
\x03\xf0\xeb\xd7\x1c\x018\x9c\x08\xe4\x17\x00\x0eG\xcfe\
-HT]\x96\xa7\xaa|+2\xd6\xbe\x9d\x92 %\
\x85_\xf3CM\xe6\x8az\xf5n\x9a\x0f\x18\x08\xff\x8b\
\xaf\x88hcTp\xa7\x0b \xf1;W\x89~\x0c9\
Q\x16\xb8\x05DF\x8c\xb2\x9eW\xdd$h\xbf]\x1c\
w\x1bf\x12\xbf_\xa5>\x8a-\x88\xc5\xb0\x05\xb1\x18\
\xb6 \x16\xc3\xb4\xb5,r\xab\x05\xf4f]\xcc;\x8d\
\xba\x83;\x5c`\xc3G\x02\xcex=.\xd8$A\xe8\
\xe5sp\xee\xfd\x0b\xc0\xc4o\xd2\xe1)\xa9\xf0\xaf,\
\x89\xdb\x19\x9e)]\x96T}R\x171\x80o~y\
W/\xe9b\xdb\x08L\x11\x84\xa7\x89\xd9\x07\xde-\x92\
\x0c6hh\xcf\xe5,\x8a)]\x962k\x0e\xb8\xcb\
\x0d\xdaP\x07\x90\x98\x0f\xce\x89D\x92\xa1N\x98\x1aq\
:C<a\xce\xa0N(\xd4i\x99P\xa7\x99\xe2\xdd\
\xd2\xd8\xd3^\x8ba\x0bb1lA,\x86)c\x08\
io\x83\xe3\xc0\xfb u\xd7\x01&\xee\xc1\xd0\x10(\
\x01O\x1b\x86\xc0\x13\xcb\xc1\x93\xc5\x1f\x05o\x8a r\
\xe5\x87\xa0\x97\xce\x9a\xe1Z\x08\xe4\xcaE\xc8\x1f\x1d@\
\xe0\xc9\x15\xc2m\x9b\xd3e\xa9}\xe0\x18\x0d\xa6O4\
\xdb\x14A\x94\xec|\xb0\xa1#\xe2\xf5%/\xe0C\xd2\
\xa1\xe4.\xd2\xc5\xb6)]\x16OI\x85\xff\x85\xf5f\
\xb8\xb6<\xf6,\xcbb\xd8\x82X\x0c[\x10\x8ba\xde\
\x89r\x17\xabA\xebk\x84\x06\xa8\x0c\x81\x10\xf0!\xc3\
\xa1\x8e\x9f\xac\xcb\xa4\xc4\x14A\xa4\xff\x1e\x85\xe3\xe0^\
3\x5c\x0b\x83\xcc]\x0c%s\x9ep\xbb\xa6tY\xf4\
\xba\xe1o4\x15\x0e\xbd\xa6O\x10\xcc\x14A\xd8\xb8I\
q\xfb\x0cr\x17u\xfc\x14]\xec\x9a\xb3\xa5m\xe2t\
\xf0\xd4A 7j{\xf1b\x07\xf3\xe0C\xd2\xc1\xd2\
\xbf\xa5\x8bm\xd3\x06u\x966\x1c\xd03\x94\x1b\xa7\xd8\
\xd3^\x8b!N\x10\xd9\x15\xda\xf9\xc4aW$\x8c\xf0\
\xcf\xde\xe6\xd4|7\xc4\x09\xf2\xc9\x8e;\x00\xba\x8e\xf1\
\xf1D\xbc\xa7\xe9\xe1\xc1\xd3\x1e\x9c\xf2\xe3D\xd9\x83\xcf\
\xa4\x0aBd\x97\xc5AP{7A\xbc\x1d1\x1f\xb7\
\x1d\xcf\x90\xe6F\x10o\xd0\x97\x91\xa0\x06Q\xf4\x17b\
\xc7\x10\x8eC\xc1I\xf9\xa4\xc6\xc3f\xfa\x10\x91\x9f\x99\
\x1f\x8c\xa6\xbe\xe8\xd7w\xff-8)\x9d>\x06\xfa\xd5\
9\xa1.\xac\x0c\xbdz\x11\xd2\xe9c!y\x9caw\
46\x84\xbc\x0c\xf1.J\xcd\xa9\xaf\xe4\x11\x19\xf9\x00\
F}\xd3\x1cH\xe7?\xef|\x95\xf7\xd0aq\xff0\
x_8\x87\xf4\xc5gp\xee\xdb\x15\xfa\x17Y\x82#\
\xbe\xaa\x1d\x9b\xa31%\xfc9\x84qu\x1d%\xb4\x12\
@\xe7Y\x19\xaa\x0a\xc7\xa1\x0f \x7f\xf6\x11\xd8\xe8\x09\
\xe0\xa9\x8f\x80\xcb}\xe4\x84Q%\x00z\xbb\x05\xf4\xf2\
9\x90\x96\xa6\xf0\xabw\x18\xc1\xbahM\xea\xf2\x95u\
e\x16?I(*\x00\x08\x7f\x9br\x9c\xe0\xa7\x04\xcf\
tT\x96G\xbd\x82\xaa[\x1f\x92\x90\xb5:\x9b\x13\xbe\
\x0b\xc0\xc3v\xc4\xcf\x0d0R\xe8=\xb6\xfdH\xcfE\
#\x11:\x86\x04\xa3\xd4\x9e\xacQ\x06N)\x93\x1d\x92\
\x07\xc08\x00)z\xf9\xb2\x08\x0d\x00\xb6y%\xfe\xac\
RU~!V#F\x8d\xb2$1\xa7\xf8q\xc6\xc8\
d\x02\xa4\x81pSO!\x12\x06\xe1\x8c\x037\x08\xe7\
\xe7<U#\x8f\x03\xa5q\x16m\xb3\xb1\xb1\xb1\xe9\x15\
\xff\x07\x15\x80\xcd\xc8\x16\xc3/\xee\x00\x00\x00\x00IE\
ND\xaeB`\x82\
\x00\x00\x09\xea\
\x89\
PNG\x0d\x0a\x1a\x0a\x00\x00\x00\x0dIHDR\x00\
\x00\x00d\x00\x00\x00d\x08\x06\x00\x00\x00p\xe2\x95T\
\x00\x00\x00\x06bKGD\x00\xff\x00\xff\x00\xff\xa0\xbd\
\xa7\x93\x00\x00\x09\x9fIDATx\x9c\xed\x9c}p\
\x14\xe5\x1d\xc7\xbf\xcf^\xee\xf6.$\x84W\x81\xf2b\
A\xebK\xa9\x02\x16.\x09\xafA\x140\x9a\x04\xc5\xc0\
\x00\xd1\x91$\xd0\xa9\x9dv:\xd3\x99\xea?\xcc\xf0\x87\
u\xc6\x19\xfbG\x07\x88\x12/AIx\x17R\xd4\xaa\
\xb5\x96\x01\xd4\x92\x8b\xd0\x0c/:\xa0\xa25\x89b\x86\
\x14PC\xb2w{\xfb\xfc\xfaG\x02\xdd\xbd\xdc\xe5^\
\xb2w\xbb7\xf3|\xfe\xfc=\xf7\xec~s\xbf\xec\xed\
\xf7\xf9\xce>\x0b\x08\x04\x02\x81@ \x10\x08\x04\x02\x81\
@ \x10\x08\x04\x02\x81@ \x10\x08\x04i\x84Y-\
 a\xa6\x97\xbb\xe4\xdc\xdc%\xe0\x8e\x8b\x81\x96W>\
\xb3ZNB\x14=\x9d#+\x81\xc5\x12\xb1\xd6^\xbf\
\xaf#\xd2G\xa4tk\x1a\x0ano\xf5T9g\xb8\
\x9f\x81\xbd\xcd$\xfe\x89\x5cX\xb5\xdcjM\xf1\x92]\
X5\xcb\xad\x04\xce2\xe0\x0dbt\xc1\xe9\xad\x9c\x11\
\xe9s\x19\xd3\x10\xb9p\xc32Ht\x921\xcc\xec/\
e1\xce\xd6X**N\xdc\x85\x95Orb\x1f\x01\
\xf8i\x7f)\xdb\xc1\xd8c\x91>\x9b\x95>YI\xc3\
<\x05U\x7f$\xe2\x7f\x02\xe00\x8e\x90\xcb\x1aIq\
R\xb49\xcb\xad\xb4?\x07\xc23\x00\x19\xc7\xa4\xc8\xda\
\xed\xdd\x90y\x95\xb9\xb2\xc6v\x10\xb0\xd2j)\x89\x92\
\xb3`\xfd\xd8\x90\xd2\xbe\x0f\xc0\xe2D\xe6\xd9\xb6!\xb2\
w\xc3\x1dL\xe3M\x00~n\xb5\x96D\xf1\x14T\xcd\
\x0b\x85p\x00\xc0\x84D\xe7\xda\xf2\x1e\xe2\xc9\xaf\x5c\xc9\
$~\x12a\xcd O\xb6E\x8a\xe2G\xce\xaf\xfe\x0d\
\x01G@\xc6f\xc4\xab\xdd^WHy\xb9\xc3\xdd\x9e\
\xb7\x89@\x9b\x10\xf6\xcf\xa2\xdd5\x03\xda\xdd3\xe1j\
z\xcd\x22q1(z\xca\xed\xeeul\x03\xa3\xca\xf0\
!m\x86\x17|\xdcD8\xdfk\x8ay\x18\xdb4$\
\xd7\xfb\xe4h\xb5\xc3\xb9\x1b\xa0\xa5\x86\x01IBh\xfe\
R\x84\xbc\x8b \xb5\x7fi\x91\xba\xc1\xf1\xccY?\x99\
\x14v\x10\x0cs\x0c\x03N\x17\xd4\xe5+\xa1\xddy/\
\x1c\xe7N\xc5u,[4d\xd8\xdc\x0d3U\xce\x0f\
\x810U_'\xcf0\xa8\x8f\xac\x01\xbf\xf56\xab\xa4\
\xc5\xc4]P]D\xe0\xfb\x00v\x8b\xbeN#F#\
\xb8\xa2\x024f|B\xc7\xb3\xbc!\xee\x82\xcau\x1a\
\xe7\xb5\x00\x0c?\xb2|\xdcD\xa8e\x15\xa0\xe1#,\
R\x16\x13&\xe7W\xfd\x0e\xa0\x17\x01f\xf8\x1e\xf9\xb4\
;\xa1>\xbc\x1a${\x12>\xa8u\x0d\xb9\xe1\xd1\x81\
g\xc2\x87\xb4\x19^\xa8\xf7\x97\x00\x0e\xcb\xff_\x22S\
\xf4t\x8e\x1cPv0\xc2\xe3\x86:c\x08\xcdY\x88\
\xd0\x82e\x00K.\x95\xb2\xe4/\xce\x9eW\xf9\x13\xae\
\xb4\x1d\x00\xd8\x5c\xc3\x80\xc3\x01\xf5\x812h\xf7\xcc\x89\
2\xd3z\xe4\xfc\xa7~\xc6\x02\x81&\x10\x9bn\x18p\
\xb9\xa1\x16\x97C\xbb}h.=\xed\x0d\xf1\x14T\xcd\
\xe3|\xa0G\xa7\xdc<\xa8\xa5\xeb\xc0'LN\xb7\xa4\
\xb8\x91\x0b7<\x02\xce\x1b@0\xfc\x8e\xd2\xa8\xb1\x08\
\xaex\x024j\xec\x90\xcf\x91\xd6\x86\xb8\xf3\xab7\x12\
h\x0b\x08\x86\xd8\x80O\x9a\x06\xb5d\x0dhXN:\
\xe5$\xc2\x8d\xf8\xe6y\xb0\x81v\x5c]\xf6\x18\xe04\
'\xc5IOCbxtuI) 9\x22\xcd\xb4\
\x9c\xe1\x85U\xa3\x82\x9cv\x13\xb0\xcc0\xa0\xb3\xe3f\
\x92\xf2\x86\x0c\xea\xd1\x1fz\x1c\xda\x1d\xf7\xa4ZB\xd2\
8\xbd\x953\x82\xc0!06M_'O6\xd4\x92\
\xb5\xe0S\xcc\xb7\xe3)m\x88;\xbfr11\xec\x1d\
\xe0\xd1G\x8eA\xb0\xac\x024f\x5c*O?$<\
\x85Uk\x89\xf0\x0a(\xbdv<U\x0d\xe9\xfb\xcd\x05\
\x06D\xe6\xfc\xb6\xbb\x10,^\x05$\xe1\xd1\xd3B\xbf\
\x1d'\x8a`\xc7\xa7\xcf\x82\xfa\xe0\xa3@\x963e\xa7\
7\xbf!\xd1\x22s\x13<z\xaa\xc9Y\xb0~l(\
\xd0\xb6\x17`\xf7\x1b\x06\x1c\x0e\xa8KJ\xa1\xdd\xebM\
\xb9\x06S\x1b\x1252w\xb9\x11,^\x05~\xfb\xdd\
f\x9e\xceT\xb2\xbd\x95\xb3C*;\x08`\x8a\xbe\x9e\
n;nZC\xe4\x82\xaa\x12\x09\xbc\x81\x80<}\x9d\
n\x99\x80`i\x05h\xc4(\xb3Ne:\xee\xfc\xea\
\x8d\x9c\xd1\x16 \xdc\x8eO\x85Z\xb26\xadv|\xe8\
\x0d\xe9\x8f\xcc\x01\xdaD\x11\x22s3=\xba\xe9<\xf4\
[\xd9}\xb5g+@\xd5\xe1CV\xd9\xf1!5$\
\x9e\xc8\xdc\xaex\xf2\xab'\xd1\xd5\x9e\x83\x00\x8c7\x06\
]dn\x05I7$\xa3#\xf3\xc2\xf5\x8b\x88h\x1f\
\x00\x83\xefN627\x93\xa4\x1a2hd\xbe\xa2\x02\
\x94k\xf3\xc8\x9c\xf0\x22\xc2\xfev\xbb\xd8\xf1\xc4\x1a\x92\
\xe1\x91\xb9[\x09\xd4\x03(7\xd4mf\xc7\xe3\xfe\xf6\
\xa2>\xd6\x92)\x91\xb9\x128\x04\xe0\x17\x86\x01\x93\x22\
s3\x89\xab!\xd1\x1ek\xa1\xdc<\xa8e\xeb\xc0\xc7\
\xdb82\xf7V=\x0c\xa0\x11\x08\x8b\xcc\xc7\x8eG\xb0\
\xec\x09\xdb\xd9\xf1\x98\x0d\xc9\xf8\xc8\x1cx\x1e\x19d\xc7\
\xa37$Zd\xce\x18\xb4Y\x85P\x8b\x8am\x1b\x99\
#\x7f\xddp\x8f\xe4\xdeI\x842C=\x03\xecx\xc4\
\x86\xe4\xcd\xff\xf5HEQ\xdf\x07\xa3\xfb\x0c\x03\x19\x10\
\x99{\xe6o\x9cB!\xed\x08\x11\x0c\xbe\x9b\x86\xe5@\
-Y\x03>iZ\xb4\xa9\xb6 bC\x02\xa1\xe0\x1f\
\x18`h\x06\x8d\xea\x8f\xccG\xdb72\x07\x00\xd2\xb4\
\xe7\x00c3\xf8\x84\xc9PK\xd7\x81r\xf3\xa2\xcc\xb2\
\x0f\xd1\x1e%\xa5(u\xfb\xc3Y\xe6jG\x94\x86(\
n\xed\xcf`8\xa9\xaf\xb1+]\x90\x1bk\xe0\xf8\xec\
lz\x94%\x09sJ\x9b\xc0`x\xc4Q\xba\xd4\x0e\
W\xe3VH\x1d\xf6|\xf2QO\xe4+\xe4\xe8\xab\xd7\
\x94\x11\xd9\xf3\x01\xf8\x0cu5\x08\xe7\x1b\xbb\xe1\xfcG\
\x13\xc0\xb54\xc8K\x9c\xde\x0fk\xdb\x14\xae\xccb\x0c\
\x87\xf5uv\xbd\x1b\xae\xfdu\xc8j9f\x95\xb4\xb8\
\x88\xfe\xf4\xfb;[\x02Js\xdd\x06\x10\xfb\x15\x80\xa0\
~\xc8q\xba\x05\xae\xfdu`\xd7\xbbS\xad/9\xfc\
\xbb~\xe8=Q\xf7(\x03\x9e\x05\xc0o\xd69G\xd6\
\xf1w\xe1|k/\xa0\x06\xa3\xcf\xb7\x90\x98\xdb\x11\x14\
\xbf\xafV\x226\x17@\x9bab\xc7W}?\x03\x97\
\xdaS&n\x88Pos\xdd\x0b\xc4QJ\x84k\xfa\
\x01\xc7\xf9\xd3\x90\x1b\xb6\x82]\xb9l\x95\xb6\xa8\xc4\xb5\
?\xa4\xc7\xef;\x95\xe5\xe4\xb3\xc1\xe8\x88\xbe\xce~\xfc\
\x1e\xae\xbd\xdb\xe18\xfbqj\xd4\x99@\xa0\xa5\xeeo\
\x80\xe6\x05pN_gW.\xf7\xdd\x13\xbf\xf8\xd4\x22\
e\x91\x89{\xc3N\xf7\x07;.+\xf2\x94e\x00^\
0\x0ch\x1a\x9c\x7f?\xd4w_\xd1Bf\xeb3\x85\
\x80\xff\xd5\xcf\x15\xb7\x5c\x08\xe0\x80a \xa8\xc0y\xb8\
\x11Y\xc7\xdf\x05\xc8\x1e\xe6,\xb1\x1dTG7\x87\x94\
\xe6\xbag\x19ck\x01\x5c\xd7\x0f9N\xb7\xc0\xb5\xfb\
e\xb0\x1f\xaeE\x99l1Gk\xba\x95\xe6\xbaU\xfd\
\xf7D\xf5f\x9d\x08Y-\xc7\xe0jz\x0d,\xd0k\
\x9d\xbe~\x92\xda\xd2\xd6{\xc2\xb7G\xe34o\x80\xbd\
\xec\xfc\x06\xae\x86\xad\x90\xda.\x9a\xa3.\x05(~_\
-\x18\x7f\x10@\xa7\xbe.}y\x01\xae\x86m`]\
\xdfY\xa4\xac_G\xb2\x13\xd5\x96\xfa\xd3\x11\xede\xef\
u\xb8^\xaf\xb7\xb5\xbdTN\xec8\xc6\x88\xcd\x06\xe0\
\xd7\xd7\xd9\xb5\xffB\xde\xf5\x12\x1c\xe7\xcfX\xa4l\xa8\
\x9b>3\xd8^\xf6\xfa}\x1d\xca\xc8\xecE\x88\xb4\xd6\
zk\x8fek-3v\xe1\x0en/w\xbf\x04v\
\xed\x8a\x09\xa7I\x01q\xad\xb5~L\xab$\xd3\xb6E\
G\xb5\x97\x97\xbf\x83\xbcs\x8b\xed\xec\xa5\x1e\xddZ\xeb\
k}]\xea\xf8\x0a\xae\x86m\x90\xbeM\xdfZ\xcb\xd4\
}\xea\x99d/\xc3\xe9_k\xcd\x19\xb0\xd6\xea\xfe\x1e\
\xae}\xdb\xe18\xd3\x92\x16\x1d\xe6\xbf8\xa0\xcf^\xae\
&\xc2\xef\x11\xc9^\xfeu'`\x03{\x19\x89A\xd7\
Z\xef5\xc1\xf9\xce~ \xa4F\x9el\x12\xa9z\x93\
\x03\x05\xfcu\x7f\x89h//\x9e\x87\xdcX\x03\xd6\xd5\
\x19e\xaa\xc5\x0c\xb6\xd6\xfa\xa4\x15\xae=\xdbS\xba\xd6\
J\xe9\xab5t\xf6\xd2p\xbd\xb3\xab]\x90w\xd5\xc0\
q\xc1:{\x19\x8b\xde\x13\xbe=\xbc\xef\xbebXT\
\xf5\xad\xb5\xb6\xa4l\xad\x95\xf2w\x9d\xf4\xdb\xcb\x85\x88\
d/\xdf\xb4\xce^\xc6C\xd0\xef;\xa3\x90r\xdf\xc0\
\xb5VO\xca\xd6Z\xe9y\xf9\x8c\x88\xf2\xe3&\xado\
\x03\x12Q~l\xd2\xfez&\x11\xe5\x0f\x8e%\xef\xcb\
\x8a\x19\xe5\xa7\xc1^&\xcb\xff\xd7Zl\xbfa\xc0\xa4\
\xb5\x96u/0\xb3\xd8^\x0e\x89\xa35\xddJ\xb3o\
u*\xa2|\xcb\xdf(7x\x94\x9f:{i\x06\x8a\
\xdfW\x0b\x09\x0f\xc0\xc4(\xdf\xf2\x86\x00\x83E\xf9\xa9\
\xb3\x97f\xa1\xfc\xab\xeex\xd4(\xbf\xb1\x06\x8eO\xff\
\x9d\xd0\xf1l\xd1\x10\x00\xf1\xd9\xcb`\x86E\xf9!\x15\
\xce\xb7\x0f$\xb4\xd6\xb2\xdd\xd3\xd2\xa1\x8e\xd6\x8f\xa4\x89\
\xbf<\xcd\x18\x8a\x01\xc87\xeaRW'\xa4\xaf?\x07\
3\xde\xec\xcf\x85:Z\x0f\xa6]d$\xbeh\xd1B\
\x1d\xado:&\xcd\xead`K\xa1\xfbn\xa5\xceo\
 }\xdbf\xd4\xce\xf0a\xa8\xa3\xf5\x9f\xe1\x87\xb1\xcf\
\x15\xa2#\xe8\xf7\x1d&\xd2f#\xdc^\xf6\xf6X\xa4\
(~\x02\xcd\xf5/G\x8a\xf2\xe3\xd5n\xcb\x86\x00\x83\
D\xf9\x19\xc0\xcd(\x1f\x18p\x05\xc4\xc2\xb6\x0d\x01\x10\
=\xca\xcf\x00\xba?\xd8qYqO^\x8e\xf0\xb5V\
\x0c\xec\xdd\x90>\xfa\xa2|P1\x80.\xe3\x08\xb3\xe7\
]\xfe\x06\xfdk-\x80*\x00\x18\x7f\xb3xd\xed\x99\
\xd0\x10\x00\x80\xd2\x5c\xff>$\xcc\xd6=\x95\x1f\x22\xf0\
]\x96\x8a\x8a\x13\xa5\xb9~\x97\xc6I\x1f\xe5_\xe7\x92\
\xf6z\xa4\xcfZ\xbf\x0f8Q\x8a6g\xb9{:\x16\
\x82\xf8\x7f\x94\x8f\xeb\xed\xbf\xbf@Oa\xb9G\xe6\xb9\
\x0b\x1c\xa1\xac\xb3=\xa7j/Y-G \x10\x08\x04\
\x02\x81@ \x10\x08\x04\x02\x81@ \x10\x08\x04\x02\x81\
@ \xc0\xff\x00\xa6\x9c\x8f\x84\x1f\x86\xc7\xac\x00\x00\x00\
\x00IEND\xaeB`\x82\
\x00\x00\x07\xd5\
\x89\
PNG\x0d\x0a\x1a\x0a\x00\x00\x00\x0dIHDR\x00\
\x00\x00d\x00\x00\x00d\x08\x06\x00\x00\x00p\xe2\x95T\
\x00\x00\x00\x06bKGD\x00\xff\x00\xff\x00\xff\xa0\xbd\
\xa7\x93\x00\x00\x07\x8aIDATx\x9c\xed\xdd[l\
\x14\xd7\x1d\xc7\xf1\xef\x99\xd9\xd9]\x03v\x80\x02\x09\xb1\
\xa1N\x84\x93\x10\xd3\x96\x94\x04l\x22(\x84\xa4mR\
)mTYj\x02\x8d\xd2`R\x94\x16U\xedC\xa5\
6RE\x1f\x1a)\xea#J\x9b\x86\x10P(\xad*\
\x84JT\xd44\x22\x01SR.\x09\x81\x86\x1a\x1c\xee\
\x05\xca\xd5\xe6\x16\x9b\xf5\xde\xe6\x9c>\x10l\xef2\x8b\
\xd7\xb33\xf6\xc1>\x9f'f\xf6\xcc\xcc_\xfe13\
\xe7\xcc\xec\xcc\x82a\x18\x86a\x18\x86a\x18\x86a\x18\
\x86a\x18\x86\x0f\xa2O\xadk\x1b\xa2\xb1\x8a\x91s\x85\
\x92s\x11\xdc\x09\xdc\x8e\x12V(\x85\x09\x95R\x8aV\
\x04\x07-a\xbd\x97\xd8\xb6|\x17\xa0\xfc\xaen\xd8\xcc\
E\x0fJ\xe9>\x06\xa2F\x08\xc6*%bA\xd6\xdb\
EI\x17K\x9c\x07uJI6\xa7:\xda\x9b\xd8\xb7\
6]t\xa1E\xb5\xaam\x88\x96U\x94\xbf\xa8\x94x\
\x09\x18\xe3\xb7\xd6\x12\x1dC\xa8?*)W\xa7v\xae\
:T\xcc\x02\xb1\xe9\x8b\xee\x11\xb6\xbb\x00%\x16\x00w\
\x85\x5c_!mB\xa8\xdft~\xd6\xfe\xbbb\x82\xe9\
5\x90a\xd3^\x18/\x1dw=0=\x90\xf2\x82\xf1\
\xb1R\xacvl\xe7\xcf\x1d\xdb^;\x9f\xf3\xc9\x9c\xe7\
F\xc6S\xd6\x93(\xeb\xfb\xa0\xe6\xd1\xd7\xa3@H\x14\
\xec\xb1\x5c\xf9\xed\xce\x8fV\x9e\xbcY\xbb\x9b\x16;b\
\xe6\xe2qY\x99\xd9\x09T\x07Z]p\xd2\xc0V!\
h\x06P\x8a)\xc0, :\xa0U\x15v,\xe2\xc8\
\x19\x1d[W\xb6\x16jp\x93@\x96Z\xf1\xfa\x93M\
(f\xf5\x9c\xab\xee\xa8\xc0\xfdf-\xb2\xe6v(\x8f\
\x07Wj>\xa5\xe0\xe2U\xecO\xfe\x87\xb5\xe5\x10\xe2\
\xd2\xd5\xd2V7\xbc\x1cy\xef\x97p'N\x82\x11\xe5\
 B\xdcq:\x13XgNb7\xefB\x5c\xb9\x94\
\xf7\xa1\xd8\x92\xdcQ\xf5\x08,\x95^\x8b\x16\xac*>\
\xa3q\x01B\xad\xee9\xcf\xfd\xceT2\xcf?\x0c\x8e\
\x1d@\xd5} \x15\xd6\xee\xe3\xd8\xef\x1f\xc0\xdev\x04\
\xd2\xd9\xe2\x96\x8b8\xb8\x93\xee\xc7\xad}\x00Y]\x03\
\xe1\xf4?\x0as]\x9c\xcd\x1b\xb0\xff\xbd#g\xb6\x10\
\xcc\xef\xdc\xbe\xe2O^\x8b\x14\x0e\xa4n\xe1~`r\
\xd7\xba\x9f\x98Bf\xc9#A\x95\xea_\x22\x8d\xfd\xc1\
a\xec\xcd\x9fb\xfd\xe7\x14\xb8y\x1d/\xcbBN\xb8\
\x0bw\xf2\x03\xb8\xf7\xd4B4\xc4\xbd\xb8H\xce?\xd6\
a7\xef\xea\x9e!\xd8\x97\xdc\xbeb\x8aW[\xcf@\
\xa2u\x8d\x93-\xd4\xfe\xeb\xd3\xea\xb68\xa97\x9f\x83\
a\x9a\x1d\x9a\x13i\xe2\xcf\xbc\x01\xa9\xcf\xf7\x18\xc7!\
\xb9\xf8\x97\x10\x1b\xf8\x10r\xa4\x92\xc4\x96\xff\x16\x91L\
t\xcdR\xd2\xba7\xf5\xe1\xf2\x83\xf9M=\xf7aK\
\xa8\xfa\x9e\xd3\xf2\xe1I\xfa\x85\x01\xd7j\xca9\x17\x08\
\xfd\xc2\x00\x88\xc5\x915\xb59\xb3\x84%\xeb\xbd\x9az\
\x1fT\xa5\xa8\xcc\x99\xac\x1e\xa8\xa1\xc7\xe0!\xc7\xde\x91\
7GUz\xb5\xf3\x0cD\x095\x22g\xc60'\x98\
\xaa\x86\xb2\x1b\xf6\x5cQ\xe1\xd5\xac\x9f\xbb\x1dFoL\
 \x9a1\x81h\xc6\x04\xa2\x19\x13\x88fL \x9a1\
\x81h&R\xca\xc2\xcek[\xb0\xdf\xdd\x0f\xc9\x8c\xef\
u\xa8/\x8c \xf3\xe39\xc8\xba\xbbK)e\xd0\xf0\
\xbd\x87X-g\xb0\xdf\xfe\xa4\xa40\x00\xc4\x85\x0e\x9c\
e\x9bJZ\xc7`\xe2\xff\x90\x15\x09\xf0\x12|\x90\xeb\
\xba\xc5\xf9>d\xc9\x9aqd\x9f\xad\xc3~g\x1ft\
\x16}\x0f\xffF\xe3*\xc8,\x9e\xd5{\xbb!\xa2\xa4\
sH\xf6\xe9\xe9d\x9f\xd6\xe9V\xfb\xad\xcf\xf4\xb24\
c\x02\xd1\x8c\x09D3&\x10\xcd\x98@4SR/\
+\xb2~\x0f\xf6\xbb-\x90*mpx3j\xe2h\
2/\xceA\x8d+\x0fm\x1b:\xf1\x1d\x888\xdaJ\
\xe4\x0f[\x83\xac\xc5{;g\xae\x10ql2/=\
\x11\xfa\xb6t\xe0\xfb\x90%\x12\xe1\xed\x157n\xab\x84\
\x81\xe7-\xc6w \xb2v<\xee\xd7'\x83\x1d\xeew\
\x99\xd5\xd8r\xb2\xcfz~cfP\xf2\x7f\x0e\x11\x82\
\xccO\x1f#\xf3\xa3\xb9\x88\xb4\x1b`I\xdd\x94\x00\x86\
\x87\xf3\x18\x87\xaeJ:\xa9\x03\x10\x8d\xa0\xa2\xa5\xaf\xc6\
\xb8\xc6t{5c\x02\xd1\x8c\x09D3&\x10\xcd\x94\
t6\xb6\xffu\x04\xfb\xbd\x96\xee\xc7\x01B\xa0&\x8e\
\x22;\x7f\x06*\xcc\xa7\xb54\xe2\x7f\xa4~\xea2\xce\
\xcb\x7f\x07\xe9\xf7I\xe5\x22\xed9\x01\x89\x0c\x99\x9f=\
\x1a\xeev4\xe1\x7f\xa4\xde\xda\x1e~\x18\xd7\xb7u\xf6\
\xb3~\xd9\x8e\x0e\xfc\x8f\xd4\xa7T\x22\xa7V\x05Y\x8b\
\xb7X\x84l\xc3W\xc3\xdf\x8e&\xfc\x9fC\x22\x16\xe9\
\x97\x9fB\x9c\xbe\x12\xde\xb5&K \xef\xbc\x0d\xca4\
|z+$\xa5\x0d\xb1\x85@U\x8e\xf4\xfd\xbe\x0b\xe3\
F\xa6\xdb\xab\x19\x13\x88fL \x9a1\x81h\xa6\xa4\
\x93\xbau\xe0\x1cV\xd3AD:\xc4{\xea\x13F\x91\
\xfd\xd6\x97\xfb\xffu\x1e\x03\xc4\xffH\xbd\xb5\x9d\xe8\xcf\
\xd7\x15\xff\xde\x91\x12\x88s\xedd~8;\xf4\xed\xe8\
\xc0\xffH\xfd\xc4\xa5~\x09\x03@\x1c:\xdf{\xa3A\
\xa2\xa4{\xeaj\xc2\xe8 k\xf1f\x09\xdco\xdc\x1f\
\xfev4\xe1\xff\x1c\x12wH-\xfb\x1eV\xf3iD\
\x22\x15`I=\x08\x81\xac\x1e\x83\xaa\x1a\x19\xce\xfa5\
T\xdaH=\x16AN\x9b\x18P)\x06\x98n\xafv\
L \x9a1\x81h\xc6\x04\xa2\x19\x13\x88fL \x9a\
\xf1\x0cD\x08\x95;\xb0\x08\xe9\xbb\xbbC\x8a\x9bwU\
C\xe19x\xf3~\xc5\x9f\x14g{N\x0f\xa5/\x19\
\x84E\x5c\xbe\x983\xad,N{\xb5+\xb0\x87\x88\xfd\
=\xa7\xed\x9dG\xaf\xbdi\xda\xf0G)\xec#-9\
\xb3\x84\x9b\xfb7\xbe\xce3\x90d\xbc\xea\x03\xe0B\xd7\
\xc2\xc7/bol\xf1jj\x14\xc1n\xde\x85\xb8\x90\
s\x81\xb4-\xf9\xc5+\xdb\xbc\xdaz\x9f\xd4\x9b\x96f\
\x11jy\xcfY\xce\xabMX\xbbO\x04V\xe4Pa\
\xfd\xf7\x10\xce\xfb\x7f\xcb\x9b+^g\xedZ\xcf\x13s\
\xc1^V2&_\x01\xd5\x1dk:K\xf4Wo\xe3\
\xbc\xda\x848~\xa1\xd0b\xc6\xe7D\xdb9\x9c\x8d\xeb\
\x89\xae[\x05\xd9\x9c\x1bxg\x93\xaa\xf3\x95B\xcb\x15\
\xbe\xb8\xd8\xb4\xea23\x176 \xd9\xc8\xf5\x9f\x7fp\
\x15\xf6\x86\xbd\xd8\x1b\xf6B,\x82\x1a5,\xd4_\x19\
P\xe51T\xe5h\xe4\xd4*d\xfd\xdd\xbe\xbf\xdf+\
\x92\x09\xac\xc3-X\xc7\x0f#.\xb5\xe5\xbc\xf2;p\
J!\x12\x1d\x90\xf1\xbc\x8b\x9a\x16J5\xb0sM\xc1\
^R\xaf\x7f\xcdX\xdd\xf3O\x0a\xc4\x1a`Dom\
C\xe5\xd8\xb8\x0fU#\x1f\xbd\x0f\xf7\xc1\xea\xae[\xba\
\xf1\xa7~\xdf\xfd\xce.'J\xf2'\xbf\xbe\xf6o7\
\x8b}\xec \xd6\xbe\xdd\xd8G\x0f\xdc\xd8\xed\xec\x7f\xed\
\x0a\xe6\xa7v\xac\xc8?~\xe5(\xea\xbfw\xf4\xa1E\
\xb5\x96-\x97\x01s\x03)\xadD\xaa\xa2\x0c9\xbb\x06\
w\xde}D\x7f\xf1\xd7\x9c@\xd2\x0d\x8d\xd8\xfbwc\
\x1d\xd8\x8b\xe8\x0cqO\xe8\x0b\xa16I\xa9\x96\xa4w\
\xae\xf4\xecY\xe54\xed\xcbz\xe3u\x8ds\x04\xaaA\
\x09\xbe\x86b\x2204\x9e\xe6\xef\xbb\x0e\xe0\x84\x80&\
\x85X\x9b\xdc\xf1FS\xb1\x0bj\xf1\xfbL\x9e\x1e_\
\x12\x8b\xb7]\xad\xc4f\x1e\x88g\x80\xd9\xf8\xbf\xd4#\
\x81\x7f\x02kp\xd5\xa6\xe4py\x9a\xa6U\xc9\xc0j\
\x0d\x90\xbe\x81\xe4)\x9b\xd1X%Q\xdf\xb5\x04?P\
\xf0\x95\xe2\x96R\x9f\x82\xf5\x17\x5c\xf9V\xf2\xa37\x8f\
\x86[a0n\x99@z*\xab_8\x1d\xa5\xe6+\
\xc4\xe3@M\xde\xc7\x87\x04\xea\x1d\x84X\xd3\xb9}\xc5\
\x87\x03Q_)n\xc9@z*\x9f\xf6\xc2\x98T4\
=\x1e \x96\x8e\x9ei\xff\xf8\xf5\xb6\x81\xae\xc90\x0c\
\xc30\x0c\xc30\x0c\xc30\x0c\xc30\x0c\xa3\xdf\xfd\x1f\
\xf5\xbe=\x16\x09\x13\x8f\x1b\x00\x00\x00\x00IEND\
\xaeB`\x82\
\x00\x00\x07d\
\x89\
PNG\x0d\x0a\x1a\x0a\x00\x00\x00\x0dIHDR\x00\
\x00\x00d\x00\x00\x00d\x08\x06\x00\x00\x00p\xe2\x95T\
\x00\x00\x00\x06bKGD\x00\xff\x00\xff\x00\xff\xa0\xbd\
\xa7\x93\x00\x00\x07\x19IDATx\x9c\xed\x9dm\x8c\
\x5cU\x19\x80\x9f\xf7\xce\xecv-\xcbn\xb7\xbb3S\
\x14\x83?,-\x10\x976AI\xda\xb2\xb2\xa8m\x00\
\xcb\xd2\xdd\xd9M\x00cH\xa31!$\x8ab@\xa3\
D\x7f`$DHkT\xfc\x0241\x85\xeeL\x85\
\xd6\x10?\xf8H)`\x83\xad\xecn\xb3M[c\x8c\
\x92\xb4;3\xdd\xafR\x85vw\xef\xeb\x8f]\xe3\xdc\
a\xb7\xdb\xfb1\x9d3\xd3\xf3\xfc\x9a\xfb\xde{\xde\xf3\
\xee}\xb2gf\xee\x9c{.X,\x16\x8b\xc5b\xb1\
X,\x16\x8b\xc5b1\x07\xa9t\x01\xa1\xc9\x146#\
\xfa$\x00*[I'\xf6T\xb8\xa2P8\x95. \
<\xfa8J\x1bJ\x1b\xe8\xe3\x95\xae&,5 \x84\
\xd4\x02\xaf\xab\x92Z\x10RSX!\x86a\x85\x18\x86\
\x15b\x18V\x88aX!\x86a\x85\x18\x86\x15b\x18\
V\x88aX!\x86a\x85\x18F<\xb2L\xba3\xc6\
\xf8\xaau8z5*\x97\xa1\xda\xb0h\x1bG\xa6\x11\
\xddG\xf3\x9a?DVG\x18&\x076\xa1r\x03\xae\
.~^D\xdeC\xf4\x04.\xc3\xb4\x1c\xfb3\xd27\
\x13E\x09\xe1\x85\x8c\xeeo\xc2i\xf8:\x13\xf2%\x84\
\x04:wE_\xce\xe3\xca\xbe\x02*0>\xb4\x85\x96\
\xf6\xe7B\xd7\x12\x86\xf1\x81-\xb8\xb2\x0b8\xbf\xdaa\
\xb6v\x01&V\x15\x18\x1fz\x82\xe9\xfaGI\xac~\
'L\x19\xe1\x86\xac\xb1\xb7\xd6\x13\xfb\xc0Q\x90o\x01\
\x89\xe0\x89\xdc\x8ePuD\xc3\x0d!\xda&@\xbfM\
\xfc\xecQF\x0f\xad\x0bSDp!co\xdd\x8a8\
/\xa1\xac\x08S\x000\x85\xcaoC\xe6\x08\xcfl\x0d\
S!\x93\x5c\x86\xe3\xbe\xcc\xd8\xd0-A3\x04\xfb\xc5\
p\xf4\xafW\xe3\xc4\xf6\x03\x97\x96d;\x82\xab\xcf\x83\
\xfc\x13G\x16\x1fS\xd5\x9d\xc2\xd1\xd7h^\xfb\xb7@\
u\x00d\xf2\xef\x00\x8ds[\xa7I'/=\xd7\xe1\
\xe7\xe4\xd4\xc0\x95\xcc\xb0\x1eq\xea\x16=\xd6\xd5\x18\xe8\
G@\xba\x10Vyw\xca)f\xb8\x9e\xb6\xf6#~\
K\x08\xf6\x1e\xe2\xc4\xb6S,Cy\x0f\x87{in\
\x7f\x0a\x117PN\x13hZs\x0c8\xe6\xab\x8d\xea\
7\x98<\xf4\x05\x5c\xdd\x860\xf7AF\x9b\x88\xe9v\
`\xa3\xdf\x12\xfc\x0fY\xe3C\x1d\xc0\xa7\x8a\x223(\
[Xv\xed/\xabZFPD\x5c\x96\xb5\xff\x0c\xa4\
\x07(\x1a\x15\xe43\x8c\x0dl\xf0\x9b.\xc0{\x88\xdb\
\xe7-\x88\x9f\xd3z\xed\xef\xfd\xe7\xa91\x96\xb7\xbf\x80\
\xf2\xa4'&\xd2\xeb7M\x00!N\xa7g\xd3u~\
\xe2?G\x8d\x22\xee\x8fK\x22\x9d\xf3\x1ew\x0e\x02\x08\
\xd1\x0f\x15m\xbc\xcb\xf2\x8f\x0d\xf9\xcfQ\xa3,[3\
\x08\xbc[\x14\xb9\xdco\x0a\x7fBtg\x0ch.\x8a\
\x8c\xf9\xed\xb0\xa6\x11Q\xbc\xe7\xa4\x05U_\xe7\xd8\xe7\
\x7fH\xa2\xf4c\xb2\xfak\x7fQPrN\xfa}}\
\xb5\xb0\x17\x17\x0d\xc3\x0a1\x0c+\xc40\xac\x10\xc3\xb0\
B\x0c\xc3\x0a1\x0c+\xc40\xac\x10\xc3\xb0B\x0c\xc3\
\x0a1\x0c+\xc40\xac\x10\xc3\xb0B\x0c\xc3\x0a1\x8c\
\xe8f.\x86!\x93{\x0c\x91\xbbQ\xde\xc4\xe5n\xfa\
\x92#\x17\xa4\xdf\x9d\xf9\x158\xfc\x0a\xe1\xe3\xa8>E\
:\xf5\xb5\x0b\xd2\xef9\xa8\xfc\x7fH\x7fn\x1d\xc8}\
(-\xc0&\x1c^%{\xfc\x8a\xb2\xf7\x9b=~\x05\
\x0e\xaf\x02\x1bg\xfb\x96\xaf\x92\x19\xb9\xbe\xec\xfd.B\
\xe5\x858\xb1\xd2\xc9i+\xd1\xf8>2'W\x97\xad\
\xcf\xcc\xc9\xd5h|\x1f\xb0\xd2\x13wc\xd3e\xeb\xf3\
<\xa9\xbc\x90\x9e\xb6\xbf\x00\xdbK\xa2\x1f\x06w/\x99\
\xfc\xda\xc8\xfb\xcb\xe4\xd7\x82\xbbw\xb6\x0f\x0f\xdb\xe8K\
\x1c\x8c\xbc?\x9fT^\x08@:\xf9e\x94\x07K\xa2\
I\xe0\x15\xb2\xb9\xf5\x91\xf5\xb3\xf3\xe4'@_\x9c\xcb\
\xfd\x7f\x84G\xe8I\xdc\x17Y?!0C\x08@o\
\xf2\x919)\xc5\xbfI7\xa3\xf2G2\xb9M\xa1\xf3\
g\x0b\x9d8\xee\x8b \xcb=q\x91\xef\xd0\x93|p\
n\x82B\xc51G\x08\xccJA\xef\x01\x8ag@.\
\x05v\x93\xcd\xa7\x03\xe7\xcd\x16nC\xf5\x05\xbcs\x91\
\x15\xf8\x0a=\x89\xef\x06\xce[\x06\xcc\x12\x02\x90N=\
\x01\xf29<3\xd1\xa5\x1e\xe5\x192\xf9\xad\xbe\xf3\xf5\
\x17\xeeB5\x0b\x14\xdf@4\x83\xb0\x95tr[\xd8\
r\xa3\xc6<!\x00\xe9\xc4\x0eT\xba\xf1N:\x8b\x01\
\xbf S8\xff\xb1\xbe?w\x0f\xa2\xbf\xc6\xfb}\xeb\
\x0c\xaa}\xf4$\x9f\x8e\xa6\xd8h1S\x08@o\xe2\
w\xb8r3P|G\x92\x80>F6\xff\xfdE\xdb\
\xf7\xe7\x1f@\xe4Gx\xff\xc6\x7f\xe3\xe8fzS\xbb\
\x22\xae62\xcc\x15\x02\xd0\x97\xd8\x0br\x130\xea\x89\
+\x0f\x90\xc9\xff\x10\xd5\xf7OBS\x152\x85G\x11\
J\xa5M\xa0\xba\x91\xee\xd4\x9f\xcaWpx\xcc\x16\x02\
\x90N\x1c\xc0\x8du\xa0\x1c/\xd9s/\xbb\x0a\xef\x1f\
v\xb2\xf9\x9f\x82\xde\xef\x89)9\x1c\xbd\x91\xde\xd4\x1b\
e\xac4\x12\xcc\x17\x02\xd0\xd7z\x18u7\x00\x7f\xf7\
\xc4\x95\xcf\xe3}\xb3n\x00\xf9\xa2\xb7\xb1\xfe\x8b\x98t\
\xd0\x9d\x1a,w\x99QP\x1dB\x00\xfaV\xfc\x83x\
\xac\x138Z\xb2'\xbe\xc0k\x80\xa3\xc4\xe3\x1b\xe8N\
\xf8\xbb+\xaa\x82T\x8f\x10\x80\xdb[\xdf\xc6q;\x80\
\x81\xc5\x0f\x96aD:\xb9\xbd\xf5\xed\xb2\xd7\x15!\xd5\
%\x04\xa0{E\x9eX]'\xf0\xfa\x82\xc7\x88\xbe\x89\
s\xe6\x93\xf4$N\x5c\xb8\xc2\xa2\xa1\xfa\x84\x00li\
\x99`\xc9\xf4F`\xbe\x15 ^!\xee|\x9a\xee\xcb\
G\xe7\xd9g<\xd5)\x04`\xf3\x07\xff\xc3\xd2\xc9.\
\x90\xa2\x85\x93e\x0fK'o\xa6+\x11j5\x85J\
b\xc6/\x86A\xb9e\xe5\x19T\xbb\xc8\xe4n\x02 \
\x9dz\x19I\x18q\x910(\xd5-\x04\xfew\x1b\xd9\
K\x95.#*\xaaw\xc8\xaaQ\xac\x10\xc3\xb0B\x0c\
\xc3\x0a1\x0c+\xc40\xac\x10\xc3\xb0B\x0c\xc3\x0a1\
\x0c+\xc40\xac\x10\xc3\xf0)\xe4\xc6\x19\xa0x\xfe\xeb\
\x92(\x8b\xa9\x11\x8a\xcf\xc9\x14\xf4\xfaZe\xcf\x9f\x90\
\xd9\xebF\xb9\xa2H+\x85#\xc1\x17\x9d\xac5F\xf7\
7\x01mE\x91\x13~gD\x06Y\xc0\xec\xb0\xa7}\
\xec\xecm\xfes\xd4(NC\x17\xc5+\xbd\x0a\x87\x17\
>x\x81\x14\xbe;Ug\xb7g[\xf4!F\x06/\
\xf1\x9d\xa7\xd6\xc8\x0f7\x02\x0fyb.\xbe\x1fr\xe9\
_H\xbcn\x070Q\x14\xb9\x92%\xf2\xecE-%\
?\xdcH\xfd\xf4\xb3 \x1f-\x8a\x8e\x13\x8b?\xe37\
\x95\x7f!MW\x8d\x22|\xcf\x1b\xd4[\xa9\xe7 c\
\x83w\x5cTbF\x06/al\xe8N\xea\xa6\x0f\xa2\
\x94\xacf\xad\x0f\xd3|\x8d\xef%\x10\x83\xadl\xad\xea\
01\xf4\x1c\xb0y\x9e\xbd3\xc0\x08p&P\xee\xea\
\xa1\x81\xd9'\x8b\xc6\xe6\xd9\xf7<\xcb\xda\xbb\x83\xacc\
\x1c\xfc\xe1\xc4\xf9\xe1F\xea\xa6w\x00\x9f\x0d\x9c\xa36\
\xd9\xc3T\xfcN\x92\xd7\x9c\x0e\xd28\xdc\xd3\xa2U\x1d\
&\x0f\xdd\x8f\xea7\xf1\xaeVz12\x89\xf00\xcd\
\xed?\x08\xb3\xc2w4\x8f\xef>u\xa0\x8d\x99\xba\xbb\
\x80.\x84\xabPR\x91\xe56\x17E\xc8\xa1\x1c\x06v\
\x13\x9b\xfa\x0dM\xd7\x9d\x0c\x9b\xb4<'M\x0f\xd41\
Y\xdf\xb8\xf8\x81UL\xf3\xd9\xd3\xc8u!\x1foa\
\xb1X,\x16\x8b\xc5b\xb1X,\x16K\x09\xff\x05R\
\xb1\xcf\x19\x0ft\x7f\xde\x00\x00\x00\x00IEND\xae\
B`\x82\
\x00\x00\x17\x01\
\x89\
PNG\x0d\x0a\x1a\x0a\x00\x00\x00\x0dIHDR\x00\
\x00\x00d\x00\x00\x00d\x08\x06\x00\x00\x00p\xe2\x95T\
\x00\x00\x00\x06bKGD\x00\xff\x00\xff\x00\xff\xa0\xbd\
\xa7\x93\x00\x00\x16\xb6IDATx\x9c\xed\x9dyt\
U\xd5\xbd\xc7?{\x9f;%\xb9\x19\x08\x19\x80@\x98\
\x07\x99\x04\x82\xcc*Nu\xc2j\xab\xd4\xba\xb4\xad\x05\
\xa4\xd6\xd6\xa1\xad}\xeb\xbd\xbe\xd7\xa7\xf5\xb5\xb6V_\
_\xd5\xd6\x11qF}\xd6:+\xafj\xa1\x82\xcc\x83\
\x88\xcc\x90 \x10\xc8\x00d\xce\x9d\xce\xd9\xfb\xfdq\x92\
\x9b\x04\x92\xdc{\x93{\x93h\xf3Y\x8b\xc5\xcd\xbd\xfb\
\xec\xb3\xcf\xf9\x9e\xb3\xf7\xef\xfc~\xbf\xbd\x0f\xf4\xd2K\
/m#\xba\xbb\x01]N\xc1b\xa7\xdb\xd0C\x91j\
\xb4\xd0\x22]K\x9d\x82\x16n!T\x9dP\xb2\x0aa\
\x1dv9<{\xabV?Z\xd1\x1d\xcd\xfb\xea\x0b2\
\xf7n\x87;P|\x01\xa8\x0b\x05\xccEs&\xe0\x8c\
\xb8\x9d\xe0\x18\x9a\x7f\xa0\xc5\x0a\xe9P\xef\xd4\x7f\xb2\xf4\
h\xe2\x1b\xfb\x15\x16\xc4=\xed\xa6Q\x08\xfdC!\xf4\
u@n'\xab\xb3\x80\x0f\x84`\xa9o\xed\xa0\xd7\xe0\
n\x15\x87&\xb6\xcaWN\x10\xd7Y7\x8d\x93\x86\xfa\
%p\x0d`4\xff\xcd\xed\xd0L\x19\x16`\xfc\xc0\x10\
\xc3\xfb\x05\xc9\xcd\xb0Hvi\xa4\xd4\x04B\x82\xe35\
\x06_\x949\xd9{\xcc\xc9\xc6B7eUFk\xbb\
\xd8\x0b\xfa\xb7\xfeu\xf9\xcf%B\x98\xaf\x8e so\
\xf1\xba\xfd\xfe\xbb\x05\xe2v\xc0\xd1\xf8u\xa6Wq\xf5\
\xb4:\xae\x9cV\xcb\xec\xd1~\xdc\x0e\x1du\x95{K\
\x9c\xbc\xbd)\x85\xbf\xacKa\xdb\x17\xeeS\x7f\xde \
\xb5\xb8\xa5~\xfd\x92\xcd\xf19\x00\x9b\xaf\x84 I3\
\xbe?]#_\x01\x067~7\xa2_\x88\x9f\xce\xab\
\xe4\xda\x99\xb5$\xb9\xa2\x17\xa1-6\xec\xf7\xf0\xe0\xfb\
i\xbc\xb1\xd1\x8bn\xaa\xceBp\x8f\x7f\xed\xa0_\xc7\
\xebn\xf9\xd2\x0b\xe2\x9e\xb1\xe86\x81~\x80\x86\x81:\
#\xc5\xe2\xaek*Xp^\x0dN\xa3\xf3B\x9c\xca\
\xa7\x07]\xdc\xf9B\x16k\xf6x\x9a}+>t;\
\x9c\xdf\x8a\x87e\xf6e\x16D\xb8\xa7/\xbaO\x08\xfd\
\xf3\xc6/\xae(\xa8\xe3\xa1\x1b\x8f\x93\x9ba%t\xc7\
J\xc1\x93\x7fO\xe3\x17/\xf5\xc5\x17l8\x85\x82\x1d\
\x82\xd0\xc5\xbe\xb5\xcf\x15w\xa6\xee\xee\x11d\xee\x8d\x19\
\xae\xa01PX\x22_\x08\x95\x87\x16\x03\x81\x5c\x84v\
\x81\xf0\x0a\x81Kk\x91\x82\xd0n4n\x10\xd5\xa0\x83\
@\x1dP\x8f\xd0\x01\x81\xc8\xd3\x9a\xcb\x01\x0c\x09\xf7\x5c\
{\x82;.\xadBt\xe1\x11}v\xc8\xcdu\x0f\xe6\
RT\x16\x1e\xb2\x0e\x0a-\xce\xf6\xad_r\xa4\xa3u\
&\xb6\xf9\x05\x8b\x9d)n=\xce\xb2\xf4d!\xf4\x14\
\x0d\x93\x81\x89@j\xbcv\xe1qj\x9e\xb9\xa5\x94\xaf\
O\xad\x8fW\x951QVep\xe5\xfd\xfd\x9a\x06}\
\xc1\x0e\xb7\xe1:\xbb\xa3\xddW\xdc\x05q\xcf\x5c8B\
j\xae\xd0p90\x078\xcd<\x89\x1a\xc3\x81v8\
\x11A?\xcdG\xd2F\x5c\x0e\xf8\xcbO\x8fq\xe1\x04\
_\xc7\x1b\xdc\x06\xa6\x12\x14\x95:\xa8\x0b\x08\xb2\xd3\x14\
y\x99f\x9be\xab\xea%\x97\xfev\x00\x9f\x1et5\
|#>\xf4\xaf\x1bxqG\x06\xfa\xb8\x08\xe2\x9a\xb1\
\xe8\x0c\x81\xbeQ\xa0\xbf\x0ebL\x9b\x05\x0d\x07*3\
\x1b\xd2\xfb\xa0\xd32\xd0\xa9\xe9\x0d\xff2\xd0)^\x10\
\x12<\x1e\xb4\x90\xe0:]Gq\xbc\x0c\xf7\xf3\x0f\x83\
e\x22\x04,\xfda\x19\xd7\xce\xac\x8d\xc7!\x84\xd9~\
\xc8\xc5#\xff\x97\xce\xab\xeb\xbd\xd4\x07\x9aNO\xff\x0c\
\x8bkg\xd7r\xc7\xa5\x95\xe4\xa4\x9f>F\x95W\x1b\
\x9c\xf7\xab\x01\x14\x9658\x01\x04w\xf9\xd7>uO\
\xac\xfb\xef\x94 \xee\x997\xcd\x13J\xfd\x1c\xc19\xa7\
\xd7,P9\x03\xd0\xfd\x06\xa2r\x07\xa0s\xf3PY\
\xb9`8Z\xa9)\x0a\x94\xc2\xb5\xecQd\x89\xdd=\
\xdfqy\x15\xf7~\xfbDg\x9a\xdf\x02\xad\xe1\xfe\xb7\
3\xb8\xe7\xb5LT;\xd7uz\xb2\xe2\x89\xc5\xe5\x5c\
QPw\xdao\xdb\x0f\xb9\x98\xfb\xab\xbc\xc6\x81\xde\x92\
J\xcf\xa8\xdf\xb0tS,\xed\xe8\x90 I\xd3\x17\xcd\
\xd0B=\x04\xe2\xac\x16?8\x9d\xa8\xc1#\xb0\x86\x9f\
\x81\x1a:\x06\xed\x8d\xdbP\x81\xb1u-\xce\x8f\xde\x02\
`\xea\xb0\x00\x7f\xbf\xeb(\x0e\x19?\xb3\xf6GOe\
\xf1\xf4\xca\xb4\xf0\xdf:7\x0d5%\x1f\xedu#J\
\xaa06\x1f\x82\xfa \x00R\xc2\x0b?.\xe5\xaa\xb3\
N\x17\xe5\x89\x8f\xd2\xb8\xe3\x99\xac\xc6Z6\xfa\xd7\xe5\
\xcf\x88\xa5\xeb\x8aM\x90\x82\xc5\xce$\x97u\xbf\xd6\xdc\
\x0a\xc8p\xe3\xb3r1'\xcf\xc2\x1a;\x19\x9c\x91\xfd\
v1\x13\xf0\xe1~\xf2\x01\x84\xbf\x1e\x87\xd4\xac\xfe\xaf\
b&\xe6\x07\xe3V\xfd\xb2\xd5^\x16=\x9ec\xff\xe1\
r\x10\xba\xe5\x5c\xac\x8b\xc6\x82lvz\xea\x028\x97\
~\x82\xf1\xde\xe7\x00x\xdd\x8a-\xf7\x1da`\xdf\x96\
c\x8b\xd6p\xf1o\x06\xb0\xba\xf19E\x8b\x05\xfe\xf5\
K\x9e\x8e\xb6-\xad:kZe\xfa\xf5i\x1e\xc3\xf1\
>p-\x0dB\xaa\xbc!\x84.\xb9\x06s\xeee\xe8\
~y`D_],86\xae\xc2(\xda\x03\xc0\xe2\
\x0b\xaa\xf9\xee\xb9\xf1\x1b7B\x96\xe0[\x7f\xecG\xb5\
O\x82\x14\x04\xef\x9a\x87:g\x14\xa7\xd9\xcf.\x07j\
\xfaPD\x8d\x1f\xb9\xa7\x94\xa0%\xa8\x0bH.\x9b\xdc\
\xd2\xba\x13\x02\xce\x1c\x12`\xe9\xca4\xdb\x0e\x11\x8c5\
g\x8ex\x84\x9d;\xa3\xba\x9de\xe4\x22\xc0\xb8\xf9.\
\x8f\xf0\xbc\x09\xfa\x5c\xbbq\x1eB\x17^E\xf0\xdb\x8b\
Q\x83\x87GUE\x87\xb1L\x8c-\x9f\x00\x90\xe4\xd2\
\xfc\xfc\xca\xca\xb8V\xbfrg\x12GN\xd8\xe3\x9au\
\xce(\xd4\xd4!\xed\x96\x0f-\x9c\x8d\xee\x93\x02\xc0+\
k\xbc\x04[1\xbe&\xe6\x07\xb9zz\xf8\xa2\x19\x99\
t8\xfd\x9ah\xdb\x13\x95 \x9e\xd4\xf4\x9f\x03s\x01\
t\x9fl\x02\xdf\xbb\x0dk\xd2\xf4\xd3\xaf\xa2\x04`\xec\
\xdb\x81\xf0\xd9W\xe1\xb7g\xd5\xd0?\xceO\xe1[\x0a\
\x9b\xac9\xeb\xbc\xd1\x917p9P\xb3\xed\x8b\xb0.\
 \xd8~\xa8u\xab\xfe\xf6K\xaa\xc2\x9f\xb5\xd0\x0b\xa2\
mOdAf\xceO\x12\xd8\xee\x09\xedI&8\x7f\
\x01:\xbdO\xb4\xf5w\x1ac\xe7\xd6\xf0\xe7\x85\xe7\xd5\
\xc4\xbd\xfe\x8a\xbaf\xa7 \xcb\x1b\xd56j`\xd3\xf1\
\x97\xb4\xee\xa2g\xca\xb0\x00g\x0d\x0f\xd8\x7fh.H\
\x9e\xbd`@4uG\x14\xc4\xadR\xcf\xd6\x90\x0e`\
\x15\xccF\xa7eDSo|\x08\x05\x91_\x1c\x00l\
\xef\xed\x94a\x81\xb8\xef\xa2\xc5\xf3\xa6\x19\x9d1$\x02\
\xa1\xf0g\x8f\xb3\xed\xa1\xe1\x9a\x19\xe1n\xcb\xb0\x94\xb8\
\x22\x9a\xba#\x0a\x22$\x83\x1a?\xab\xdc\xbch\xea\x8c\
\x1b\xf2P!Xv'=\xaf 1\xae\x91IC\x9a\
\xac5\xf9\xe9\xa1\xe8\xda\xf5Y\x93\xabjt\xffP\x9b\
\xe5\xaeh\xd6f\xa1\xc5\xf9Q\xd5\x1d\xa9\x80\xd6M\xf1\
gy\xa2,\x9a:\xe3\x86,9\x1c\xfe|\xce\x98\xf8\
\xbbG\x00f\x8d\xf6!\x1b\xce\x82\xf1\xfe\xe7\x10h\xdb\
E\x02 \xf7\x94\x22\xb7\xd8\xed\x1a?(x\x9a\xd9\xdb\
\x9c!\xd9!\x06\x85\x7fo0\x88\x22\x10\x9d\x95\xd5\x80\
\xb1y\x15\xc2w\xfa\xc3P\xa2\x90eMy\x05\xe1\xfe\
8\xce\x0c\xce2\xb9r\xaa\xdd\xb5\x88\x92j\x5c\xf7-\
\xa7U\xd3\x09\x10\xc7\xaap\xde\xfb^\xb8\x9f\xbb\xf5\xd2\
\xaaV\xcb5g\xda\x88p\xbbsS\x0b\x16g\xb5W\
\x16b\x14D\xd4\xd6\xe0|\xed\x99\xb0\xd5\x93h\xc4I\
\xdb5\x92\x93n\xd175q1\x8es\xc7\xfa\xc3\x9f\
\xe5\xdaB\xdc\xb7\xbe\x8c\xb1b7\xa2\xd2\x07J#\x8a\
+q\xbc\xb2\x11\xf7\x8f_B\x94\xd9\x86\xc5y\xe3|\
\x5c?;\xb2\x911\xaa\x7fS\x97h:\xad\x88f\x5c\
\xcc\x8e%Yr\x04\xd7\xb3\x7f$t\xe17P#\xce\
\x88u\xf3\x98\x105\xf63G~;\xddBgy}\
\x83\x97;\x9f\xeb\xdbr\xbf\x87N\xe2\xfc\xfd\xdf\xda\xdc\
f\xea\xb0\x00/\xdcZ\x1a\xee\xea\xdacpv\xb3\xb6\
\x0b\x91\x0f|\xd2^\xf9\x98\xee\x10<\xf6p\x22jk\
p\xbd\xf1\x1c\xce\xb7\x96!\x8e\x97\xc6TE\xd4X&\
\x98\xf6\x80\x99\x9d\x96\x98\xbb\xe3\xf5\x0d^n|$\x1b\
S\xd9\xcfS\x0b\xcf\xafn\xd7\x95\xefr\xc0m\x97V\
\xb1\xfc\x17G\xe9\x93\x12\x9dE\xd6\xbc\x9cB\xa7\xb5S\
\x14\x88\xf1\x0e\x09\xddr.r\xd3\x17\x18\x1f\xef\x03\xc0\
\xd8\xbb\x1dc\xdf\xe7\xa8\xc1#0\x0b\xe6\xa0\x86\x8c\x8c\
\xdf\xc3\xa2\xd9te\xb9b\xc8\x14\x89\x96F1B\x96\
\xdd\xde[/\xa9\xe2\xbe\xeb\xed.r\xdb\x17n\xde\xde\
\x9c\xcc\xaeb'5>\x83\xdct\x8b)\xc3\xfc\x5c=\
\xad\xaeU\xd7{{\xa4x\x9a\x04\x91*r`.\xb6\
.\xcb\xe3\x22\xf4o\x97\xa2\xce\x19\x85\xe3\xf1\x8f\x11\xe5\
5\xa05\xf2\xe0>\x5c\x07\xf7\xa1\xbd\xa9\xa8ac\xb1\
F\x9e\x81\xca\x1f\xd19\xdf\x96\xa3\xc9I\xa9\xe3\x1cG\
{ccJ\x0b1~|quX\x0c\x803\x07\x07\
8sp|\x8c\x08\xd3j\xd6vAD5;\x14\x9c\
\xb0f\x0f\xc7\x9a6\x04\xe3\x83]8^\xdb\x828j\
\xf7\xf5\xa2\xb6\x06\xe3\xb3\xf5\x18\x9f\xad\x07\x97\x1b\x957\
\x04\xd5\x7f\x10*7\x0f\xdd\x7f\x10:9%\xfa\x9d\x18\
\x86-\x8a\x19\xa2\xd6\x17?A\xde\xd8\x98\xc2\xf7\xfe\x9c\
\xd3B\x8c\xdf\xdfp<n\xf5\x9fJ\x9d\xbfiT\xd0\
\xe8\x88^\xd1\x0eF\x8b\x00\xa7\x81u\xd9x\xacK\xc7\
!?=\x8c\xf1\xc1n\xe4\xc6\x22Dm\xc3\x95\x15\x0c\
 \x8b\xf6 \x1b\xbc\xb4\x80\x1d%\xcc\xccF\xa7\xf7A\
\xa7\xf5i\xfa?%\xd5\x8e\x14:] \x9b\xee*\xed\
\xf1 jC\x94\xd7\xc4\xc7\x8b\xdc\xd5b\x00\x1c\xabl\
\x12D\x0aQ\x1e\xa9|\xc7\x05iD\x08\xd4\xe4|\xd4\
\xe4|\xb04rg1r\xc3A\x8cuE\x88#-\
\xe3\xfc\xa2\xba\x12Q\x1d\xc1[\xdb\x10G')\x09Q\
o\x9b\xd7\x07J\x9dh\xdd\xb9\xe1\xa9;\xc4\x00\xf8\xa2\
\xbc\xa9\xeb\x0dY\xba(R\xf9\xce\x0b\xd2\x1cC\xa0&\
\x0cDM\x18\x88\xb9p\x0e\xa2\xa2\x1eq\xa0\x0c\xb9\xbf\
\x1c\xb1\xaf\x0c\xb9\xbf,l\xc7\xb7\x89e\x22,\x13\x02\
M\xd6N}@PT\xeedXN\xdbn\x8a\xf6\xe8\
.1\xc0N\x15j\xc0\x0a\xf9C\xfb#\x95\x8f\xaf \
\xa7\xa0\xfb$\xa3\xa7\x0ei\x19c\xf0\x87\x10e5\x88\
\xf2Z\xc4\xf1\x86\xff\xcb\xab\xc1g\x22\xea\x02\x10\xb4 \
\x10B\xf8\x82P\x17DT\xd8w\xc9\x9a=\x9e\x0e\x09\
r\xaa5u\xfe8_\x97\x89a*\xc1\xe6\x03v&\
\x8a\x80\x1d|\xf6|D7GB\x05i\x15\x8f\x13\x9d\
\x9f\x89\xce\xcf\x8cXT\x1c<\x8e\xfb\x87\xcb\x00X\xb1\
\xc3\xc3\x0dg\xc7\xe6~?\xd5\x9a\x02X\xb13\x89\xc7\
>H\xe7\xe6\x8b\x22\xbb=:\xcb\xba}nj\x03\xe1\
1\xa4\xdd\x07\xc2Fb{0\xecb\xf4\xe0\xbe\xe8L\
\xdb2{ok\x0a\x013\xfaA\xe4\xf5\x0d\xde\x16\xdd\
\x94\x1ao\x87#\xb4\x86\x9f=\xdf\x97%+\x22>\xa3\
u\x9a\xb775Y\x95J\xf1n4\xdb\xf4hA\x10\
\x025g\x04`'\xa3\xbd\xbb%9\xaa\xcdN\xbd3\
\xcc\xab&\x13\xbc\xff\x1a\xccEg\x03\xb6(\xb7?\x9d\
\xc5c\x1f\xa4'\xa6\xdd\xd8\xfe\xc9\x97\xd7\x84\x03^5\
\x81d\xeb\xa3h\xb6\xeb\xd9\x82\x00\xd6\xf9Myw\x8f\
\xfd-\xf2\x09<u\x007\xbf9\x19\xf3\x07\xb6\x10\xe6\
\xd5\x931\xbf?\x0b\xb0E\xb9\xf3\x85\xbe|v\xc8\xd5\
f]\x9d\xe1\xaf\x1b\xbc\x94W7\x9a\xeb\xe2EV>\
\xe3ow\x83\x06z\xbc jt.jL?\x00V\
\xef\xf1\xf0I\x8bi\x00-9U\x0c52\x07s\xd1\
\x9cS*l\xe9\x86IDV\x80Rp\xff[\xe10\
\xaf\xb6\x94z,\xdam{\xbc \x00\xd6\xd5S\xc2\x9f\
\xff\xf3\x7f3[K\xf3\xe5\xed\xcd-\xc5\x00\x90\xfb\xca\
p<\xb1:\x1c\xbfp,\xdb\x88\xe3\xd9\xb5\xf6o\x12\
\x1e\xba\xb1\x9c\x09q\xcc\xefj\xe4\xa55^v\x157\
8b\xd1\xef\x866,\xdd\x16\xed\xb6_\x0eAf\x0f\
G\x8d\xb6\xe7m\xae\xdd\xeb\xe1\xb9U\xa7\xfb\xe8~\xf9\
rfX\x8c\xcb'\xd7\x87'\xeb8\xde\xd8\x8a\xf3\xb1\
\x8fq\xbc\xb8\x1e\xc7\xf3Mb\xfciA9\x0b\x12\x94\
4\xf1\x8b\x97\xc2\xee|%\xd0w\xc5\xb2}\xd7\x9b\xbd\
m`\xfcm'rOI\xdb\x05\x1cM\xee\x93\x7f[\
\x96\xc9\x05\xe3|-\xc2\xa7WM\xab\xe3\xc1\xf7\xd2\xb9\
\xfd\xb2*\xee\x9e\x7f\x9277\xa5\xf0\xdd?\xd9w\x8c\
\xf1V\xd3\x05*%\xfcya9\xdf;'\xfeb\x00\
\xdc\xf1lV\xd3\xd8!\xf4\x92\xfa\xb5Oo\x89e\xfb\
\xd8\x04\x09%&.!\x8eV\xe2\xfc\x9f\x0f\xa3._\
Ygp\xfd\xc3\xb9|\xf0\x1f\xc5\xb8\x1a\x8e\xe0\xee\xf9\
'\xb9{\xfe\xc9p\x99+\xa7\xd6\xf1\xca\x1d\xa5\x5c\xf7\
`n\xd8\x5c\x96\x12\x1e]T\xcewb|\x9e\x89\x96\
\xa5+Ryum\x83e%8\xe66\xdc\xff\x1a\xd5\
H\xde\x8c\x98\xba,\xb9\xbd\xc3\x13\x83\xdaEg\xa6\xa0\
\x07\xc4\x96^\xb4\xf1\x80\x9b\x9b\x9f\xcci7S\xfd\x92\
I\xf5<\x7fk)\x1e\xa7\xc6!5\x8f\xdfT\x960\
1>\xd8\x9e\xccO\x9e\x0d\x87\xcc\x15\x96\xb8\xa1#\x93\
v\x22\x1a\x19\xee\x19\x0bn\x16\x88G\x01pH\x82\xf7\
_\x8d\x1a\xd3?\xd6\xfdD\xc6\xd2\xe1\xf8J{\x88\xaa\
z\x9cw\xbd\x83\xa8\xb6}]\x8b/\xa8\xe6\x0f\xdf=\
\xden8\xf5\xc8\x09\x07!\x0b\x86\xe6$&\x14\xbcj\
\xb7\x87\xab\x1f\xe8\xd7\xfc\xa9\xfc\x97\xfeuO\xfd\xba#\
uE\xf4k;\x06N\x9e*\x10\xf3\x00P\x1a\xb9\xa6\
\x10=~\x00:;~S\x0d\x00;\xd3\xdc\xeb\x86T\
O\xbb\xfftV*zl\x7f\x8c\x15{A)6\x17\
\xb99P\xea\xe4\xb2\xc9u\x18m\x88\x92\x96\xac\xa2\x0e\
\xb9\xc6\xca\xbb[\x93\xb9\xf6\x8f\xfd\xa8\x0f6\xec\x5c\xb3\
\xd4\xbf\xfe\xa9;;Z_l\x82\x00\x22hb|\xb4\
\x1b\x04\xf6\xf3A[g!\x81\xe8\x9cT\xd4\x88l\x8c\
O\x0e\x80\xa5\xd8q\xc4\xc5\x8a\x1d\xc9\x5c0\xc1Gz\
r\xc2V\xbdh\x81Rp\xef\x1b}\xb8\xfd\x99lB\
M.\x9de\xfe\xa4A\x0b9\xb8\xb2\xc3\x8d\x88I\x10\
\x9d\x91\x89\xf0\xdb\xa91r\xdb\x11\x8c\x95{\xc3\xce\xc2\
\xae\x16F\xe7e\xa0&\xe4a\xac\xd9\x0f!\x8b\xe2\x93\
\x0e^\x5c\x95Jn\xba\xc5\x84\xfc`B\xf3\xc0\xf7\x97\
8\xb9\xee\xc1~\xbc\xb8:\xb5Y\x0f+\x1e\xf3\x0f\xaa\
\xbe\x89\xf7\x1e\xe9\x94\xe5\x13\x93 \xe6\xd7\xbe\x81\xce\xcd\
C\x1e)\x02\xad\x11\xb5\x01\x8cuE\x18\xefoG\xd4\
\x04\xd0\x033 \xa5\xe3s<cE\xe7\xa4b\xcd\x1a\
\x8e\xf1\xf9QDe=\xfe\x90\xe0\xed\xcd)\xac\xda\x95\
\xc4\xc8\xfe\xa1v\xb3\x0a;BE\x9d\xe47\x7f\xed\xc3\
\x0f\x9e\xcci\x9aK\x08!-\xb8#\xb0\xee\xa9\xbb\xa2\
\x9d\x03\xd2\x1e1\x09\xa2FM\xc4:s\x1a\xd6\xe8\x89\
\xc8\xaa\x93\x88\x0a;1@\x04L\xe4\x8e\xa38\xde\xd8\
\x86\x5c[\x888^g\xdf9\x99)\x89\x9f\xb2\x90\x96\
\x84u\xd1\x19\x88j?\xf2@9h8t\xdc\xc1\xb3\
\xffHe\xed^\x0f)\x1e\xcd\xf0\x5c\xb3S7\xf0\xde\
\x12'\xbf{\xbd\x0f\x8b\x9f\xc8e\xe5\xce\xa4f\x89\x0b\
z\xb7\xd4\xf2r\xff\xba\xa7\xde\x8c\xcb\xb1\x10\xa3\x95\x15\
\xba\xe2z\xac\xd1\xe3\xc3\xbf\xc9\x92#\x18\x1b>\xc68\
\xb0+\x9c\x14\xdd\x1c\x9d\x91\x84\x1e\x95\x8b\x1a\x91\x83\x1a\
\x99\x83\x1e\x99\x83\xee\x1b]\xca\x7fG\x90\xbbKp<\
\xfcwda\xcb\x00TV\xaa\xc5\xa5\x93\xea\xb9h\xa2\
\x8fi#\xfc\xe4g\xb5\x7f\xe7\xd4\x07\x04\x9b\x0a=|\
\xbc\xcb\xc3;\x9b\x93\x9bG\xfd\x1a\xa9Ep\xaf?#\
\xf9\x0f\xbc\xffp\x5cs\x5c;%H\xb8\x92\xbaZ\x8c\
\xdd\x9f\x22\x0f\xec\xb6\xbb\xb3v\x1e\x0etz\x12\xba_\
\x1a:\xcb\x0b\xd9\xa9\xe8\xecTt\xb6\x17\x9d\xea\x81\x14\
7\xda\x10\x90\xe4\x02\xb7\x83\xf0S\x9fRP\x17\x04\xd3\
B\xf8M\xf0\x07\xc1o6D\x1bk\x10e\xd5\x88\xd2\
\x1a;\x12y\xa2\xf64\x07\xe2\xa9dz\x15\xf9Y&\
\x033M\x5c\x0e\xfb\x19\xc5\x17\x12T\xd6\x19\x1c,w\
P\x5c\xe1h\xeb\x10j4<\xea\x94\xce\xff\xae]\xf3\
XB2\xcf\xe3\xe2:\xd1)^\xcc\x829P0\x07\
\x02>\x8c\xa2}\xc8\xc2]\xc8CE\x88\xda\x96\x919\
Q\xe5CT\xf9`O\x822\x1eO\xa5q\xf1\x81f\
1\xfa\x93\xb5\x92\x93\xb5\xaef\x13\xfd\xdb\xc5\x04V!\
\xf4\x8b~\xb7\xe7\x15V>R\x9b\x98\xb4o\x9b\xf8\xfb\
\xb2\xdcIXc&b\x8d\x99\x08\x80\xa8\xafC\x94\x16\
#\xcb\x8a\x11\xa5G\x91\xe5%v\xe6I+]\x5cg\
\xd1\xdettF_t\xdf,TN\x1e\xba_\xc3\xdc\
x)\x91\xc7\x8a\x91G\x0a\x11%\xc5\xc8\x93\xa5\x88\xaa\
J\x08\x9d\xe2\xe9\x95\x12\xedMC\xd4\xd5\x80e\x81\xe0\
\x98\x0b\xc6W\xaf}\xead\xeb{\x8c?\x09w.\xea\
\xe4\x14\xf4\xd0Q\xa8\xa1\xa3Z|/|u\x88\xdaj\
\xa8\xa9BTW\xd9\xd3\x1cBA;\xe3\xc4\x0c\xd9'\
\xcblfA\x1a\x06\xb8\x5c\x80\xb0\xeb\xf4$Cr2\
:\xc9\xdb D\x9f\x16\xd9\x8e\xa7\xa2\x06\x0cB\x0d\x18\
\xd4\xf2\xcb\xf0\xfe,p:\xd0N7H\x89{\xc9\x03\
\x88\xca\x13\xa0\x09T\xaf\xeb:1\xa0\x1b\xbd\xbd:)\
\x05\x9d\x94\x02\xd9\x09p\xc3D\x8b\xd3e'\xe7\xf5 \
\xbe\x14\xf1\x90\x7f&z\x05\xe9a\xf4\x0a\xd2\xc3\xe8\x15\
\xa4\x87\xd1+H\x0f\xa3W\x90\x1eF\xcfHrP\x16\
\xce\xb7_B\x1e.\x8a\x181\x04 )\x89\xd0\xd7\xbe\
\x89\xcaO\xf0\xc27\xdd@\x8cI\x0e\xb1\x86\xec\xa3C\
T\x9c\xc0\xd8\xb7#\xfa\x0d\x02>\x8c\x1d[\x12'H\
 1\xc7\x19\x0d1\x09b\xec\xdb\x895~j\xdc\x1b\
\xa13\xb3\xb1&\xcd@\x1c;\x1c\xb90\x80\xd3\x855\
eV\xdc\xdb\x01 \x8b\x0fv\xe9\xe2\x08\xa7\x12\x93 \
\xf2\xc0.\x8c\x9d[\xb0\xc6N\x89\x5c8\x16\x84 t\
\xe1\x95\xf1\xad\xb3#\x04|8\x97\xff\xb5[\x9b\x10\xf3\
\x18\xe2|\xff5\x08\x04\xbbl\xbd\xac\xaeBTW\xe2\
z\xe39DE\xc4i\x80\x09%\xf6A]+\x9c\x1f\
\xbd\x89\xb1w;\xa1\x8b\xbe\x81\xce\x8c\xb8|G\xcfF\
+\x8c\xcf6\xe1\xf8xy\x0b\x17}w\x11\x93 j\
\xd2 {i\x22\xa5\x91\x87\x0bq?\xfb \xd6\x84\x02\
\xcc)\xb3\xd1\x99\xd9\x89jcb\xb0L\x8c\x9d[q\
l\xfe\xa4\xc5j\x14jX\x16\xe2d\x9d\xbd\xceI7\
\x10\x93 \xd6e\x130\xaf)\xc0\xf9\xd0G\xf6\xe4M\
\xcb\xc4\xf8t=\xc6\xb6\x0d\xf6\xf2\xb0\x93f`\x0d\x1e\
\x99\x98\x95I\xe3\x848Q\x8a\xb1s\x1b\xc6g\xeb[\
.\xa2#\x05\xd6e\x13\x08-\x9a\x83\xfb\x96e\xf0e\
\x10\x04@\x15\xe4\x13x\xfc\x06\x1c\xafn\xc2\xf1\xe66\
;\xb4\xda\xb0\x9a\x83<\xb8\x0f\xa7\xc3\x89\x1a<\x1ck\
\xd8\x18\xd4\xb0\xd1\xe8\xd4.\x5c\x81\xae5,\x13y\xf8\
 F\xe1.d\xe1nD\xe5\xe9\xe1\x0d5i\x10\xe6\
\x8d\xb3\xc2\x19\xf6\xddI\xc7\x1e\x0c=N\xcc\xef\xcc\xc4\
\xfc\xe6\x14\x1c\xefn\xc7X\xbe\x03q\xac!Tk\x86\
\xec\xd8\xfa\x81\xdd\x00ho*:'\x0f\xd5\xb8\xc2u\
v\x7ftjzb\x0c\x82P\x10y\xa2\x14Qr\x14\
YZ\x8c(9b/\xba\xa6ZI\x95r\x1aX\xb3\
\x86c]ufbRc;H\xe7\x9e\xd4S\xdc\x98\
\xdf\x9a\x8a9\xbf\x00\xb9\xe3(r}\xd1i\x0b\x06\x88\
\xda\x1aD\xednd\xe1\xee\xa6\xed\xa4a\x0b\x95\x9a\xd1\
\xb0\x06|\x1ax\x92\xd1\x1e\x8f\xbd\xfe\xbb\xdb\x83\x96\x06\
4\x06\x8f\xb4\xb6\x17\xe4\xb7L\x08\x86\x10f\x10\x82A\
DM5\xa2\xae\x0aQU\x015\xd5\x91\x07e\x8f\x13\
kJ>j\xda\x10\xd4\x8c\xe1\xe8\xf4\xb6gcu\x17\
\xf1q\x9d\x08\x81\x1a\x9f\x87\x1a\x9fg/\x18p\xb4\x12\
cC\x11r[1\xe2@\xb9\x9dD\xdd\x1ce5\xad\
\xea\xd0\xa9\xd7\x9fD\xc0\xed@\x0d\xcdB\x8f\xce\xc5:\
k(jb\x1e8\x13\xb3\xd8s\xbcH\x88/K\x0f\
\xc8\xc0\xbcj2\x5c5\x19h\xc84\xd9_\x8e<P\
\x8e(,G\x1coH\xdf\xa9\xa8\x8f\xcb\x9c\x13\x9d\x96\
\x04}S\xd0\xd9^\xd4\x80>\xe8\x11\xd9\xa8\x119\xe8\
A}Z.\x17\xfe%\xa0K\x9c\x8b:=\x09]\x90\
\x8f*\xc8?\xe5\x07\x8d\xa8\xf0!\x8e\xd7B\x8d\x0fQ\
\xdf\x90\xd8\xe03!h\x22\x9a\xad}\xa8\xbd\x1e0\x04\
$\xbb\xc0!\xd1^7\xba\x8f\x17\x9d\xe3m\xca\xdf\xfa\
\x0a\xd0\xbdG\x22\x04:3\x19\x9d\x19\xdd\xfc\xf3\x7f\x06\
z\xe3!=\x8c^Az\x18\xbd\x82\xf40z\x05\xe9\
a\xf4\x0a\xd2\xc3\xe8\x15\xa4\x87\xd13\x0cx\xa5q>\
\xb2\x12\xb17\xca)\x0an\x07\xe6\xe2sP#s\x12\
\xdb\xaen \xa2 B\xcbZDC&H]bf\
F\x88\xe2\x0a\x8cw\xb7\xc7\xb4\x8d\xf1\xd66\xd4\xcf.\
\x8a\x7fc\x94FT\x86\xdd\xf2]\xee\x83\x8f(\x88\x14\
\xd6N\xd5\xd0\xb3\x19\xab\xf7a]2.\xee\x8d\xd0\x03\
\xfa`\xcd\x19\x81\xdcv$\xba4\xa0T\x8f\xfd\x16\xb5\
\x04 \xb76\xbd\x1e\x0f\xf8<!;i\x87\xa8\x1c=\
\x9e\x99\x0b?G3\x0e \xf4\xa3\xb9X\xf3&&\xb6\
U\xdd\x84\xa8\xa8\xc3\xf5\x93W\x11\xa5\xd5\x8d\xdf\x9c\xe7\
_\xb7deW\xb6!\xbaA\xdd\x12\xb7\x01\x1a\xc0\xf9\
\xc8?p\xbc\xba9\xba+\xf9K\x848R\x81\xebg\
\x7f\x09\x8b!\xd0\xeft\xb5\x18\x10\xe5{\x0c\xcd\xe2-\
E\xce\xbc)u\x08\xbe\x06 \xb7\x1eF\xee8fG\
\xd8\xd2\x93\x12\xdb\xc2Dc*\x1c\xafm\xc1\xf5\xbb\xe5\
\xf6\xdcG@\xc06\x9f\x0e\x5cA\xf1\xf6DN'l\
\x95\xa8\x83\x03f\xf1\xd65F^\xc1q!\xb8\x080\
DI5\x8e\xf7?G\x1c\xa9\xb4g\xd3\xf6\x8da]\
\xf7\x9e@\xd0\xc4X\xbe\x03\xd7o\xdf\xc7X\xbd\x1f\xac\
\xf0\xb4\xdb\x15\x0e\xe9\xbc2\xb8\xee\xe9.\x9d\xca\xd6H\
\xcc\xc1\x82\xa4Y\x0bfj-\x9el\x1cS\x1aQc\
\xfac\xcd\x1b\x8f:k\x88\x1d\x9f\xe8\xa1\xc8=\xa5\x18\
\x1f\xeeB\xae\xdc\xd3\xb4N\xbdM\x10\xcd\xef\xfc\xf9\xd5\
\xf7\xf0\xea\xab\x89{\x9dO\x04:\x16\xbd\x197\xdf\x95\
\x94\x96z\x8bF\xfc\x0b\x9a\x96\x01i)Pc\xfb\xa3\
\xce\x1a\x825}(zPf\xb7\x06\x89D\xb5\xcf\x0e\
/o\xfa\x02\xb9\xe1\xa0\x1d{i\x89F\xeb\x97\xd1\xf2\
\xdf\xfd\x1b\x96D\x5c\x9b=\xd1t\xeeL\xcd\x9c\x9f\xe4\
Q\xe9\xdf\xd1B\xdf,`r\xabe\x92\x5c\xa8\xe1\x0d\
\x11\xbc\x919\xa8\xe1Y\xe8~\xe9\xf6\xc2\x00\xf1Dk\
{!\x81\xc3\x15\xc8\xc3'\x10\x85'\x90\xbb\x8e\x9d\xf6\
B\x80f\xc5+\xa5\xe4Y\x0b\xe3\xb1\xe0\xda'v\xb7\
Z\xa8\x1b\x88\xdb\xa5\x9b2\xeb\xa6I\x96V_G\xeb\
y \x0a\x88`\xc1\xe9T\x0fdy\xedU\x1cr\xd2\
\xd0i\x1ep;\xd0\x1e\xa7\xbd\xbeb\x8a\xcb\x9e7\x9e\
\xec\xb4#\x89`\xaf\xd0P\x1b@\xd4\xfa\xed\xff+}\
\xf6\xfa\xf1\xc7k\x11\xa5\xb5\x10j\x7f\xee\xbb\xd6T\x0a\
\xc1r\xa1y\xd3g\x1ao\xb1\xf9\x89\xaey\xbbY\x0c\
$\xa4/I9\xeb\xc6~\x96C^\x8e\x16s\x81)\
\xc0hby3u\xfc\xa8F\xeb\xb5\x08\xd6\xa2\xe4*\
\xbf%W\xb1\xf9\x89\x8e\xbdb\xa1\x8b\xe8\x9a\xce\xbd`\
qr\x92\xdb<SYr\x8a\x90j\x22Z\x0c\x04\xf2\
\xb5f\xa0\x10t6\x93N\x01%\xc0!\xb4.B\x88\
\x9dB\x8b\xdd\x16\xd6\xce\xe0\xfa\xc1\xbbcy\xb9|O\
\xa0\xfbS2\x0a\x16'\xbb\x9cj\xb0\x94:\x1b\xa5]\
\x02\x99\x86\xd0\x86\xd6:C\x83!\xb5L\xd1`\xe7\x11\
\x09\xad\x84\xd6\x15Z\xcb\x0ai\xe8\x0am\xaa\xe3>\xe5\
,\xe9\xe9W}/\xbd\xf4\x12/\xfe\x1f\xd8\xbc\xe5\xc8\
\x22\x09\x8c\x0b\x00\x00\x00\x00IEND\xaeB`\x82\
\
\x00\x00\x09\xc7\
\x89\
PNG\x0d\x0a\x1a\x0a\x00\x00\x00\x0dIHDR\x00\
\x00\x00d\x00\x00\x00d\x08\x06\x00\x00\x00p\xe2\x95T\
\x00\x00\x00\x06bKGD\x00\xff\x00\xff\x00\xff\xa0\xbd\
\xa7\x93\x00\x00\x09|IDATx\x9c\xed\x9dkp\
Tg\x1d\xc6\x9f\xf7\x5cv\xcf\x86$P\x10,5(\
AH\xc7\xd2\x0e\xc8%\xd9\x04\x07\xdaz\xa3Ut$\
\x5c\x1a\x02\x02\xbb!T\xa0\x1d\xfd\xc4\x07\x1d\xc5\x8e\x1f\
\xd0/\x8e\xe3\x8c\x17H\xd2\xce\x98\xc0\xb4\xa1-\x095\
\x5cm!@\xc8\x85Pj\x05\xa52\x14\x09\xd0\x16\x84\
B\x80\xec\xee9{\xce\xeb\x87\x8d\x95={\xf6~n\
\xb1\xef\xefSr\xfe\xb3{\x9e\xdd'\xd9\xf3\xfc\x9f9\
\x99\x00\x0c\x06\x83\xc1`0\x18\x0c\x06\x83\xc1`0\x18\
\x0c\x06\x83\xc1`0\x18\x0c\x86\x8d\x90d\x03_E]\
\x89\xc6\x91\x99\x11\xafx\x18\x87\x7fw\xd7NQ\xf9\xe2\
-_W\x06N\xfdbD\x11\x0e\xa1\x7f\x9b\xe2\xb4\x9e\
l\xe0\x8c\x0e\x8a\xe5\x81\x19\x94\xd0s\x84j{\xa4p\
\xe4\xdd\x02\xff\xdaYv\x0b\xcb\x15\xaf?\xf0\x14\xe1\xb4\
3\x04\xa4\xc3+\xa8\xbd\xd2\xdc\xc0\x14\xa75e\x83\xa1\
!<\x8fj\x00\x05\xc3\xdfN\xd6\xc0\x1f\x93\xfc\xc1\xd5\
\xf6\xc9\xca\x1dBH\x0d\x00!\xf65f\x82'}\xde\
\xca\xe0B\x87ee\x8c\xa1!\x00\xc4\xf8o\xa9\x0f\xc0\
KRe\xe0\x8f\x98\xbe\xd4c\xb5\xa8\xbc\xa0z\xed\x18\
K(:$\x7fp+\xb0%\xd9\xebu\x0d\xd9\x09\xa4\
\xa4^**z\xab`^\xe0!\x8b\xf4X\x05\x01\xb0\
\xd9W9\xd0\x8e\xc7\xd7\x8cqZL*r\xf8\x89!\
U\x9aJNK\x15\x81'\xcc\x97c-\x94\xe2[R\
\x98\xef\xf5T\x05\x1fuZK222\x84\xfa\x0a\xf4\
\x87\xc6\x83\x90\xfd\xde\xca\xe0&\xf3%\x99\x8b\x81\xf6i\
\x9c\x86._E\xa0\xda\x09=\xe9\xc8\xc8\x90\xe8\xfc\x85\
\x88\x96/\x00H\x5cJ\x16\x09\xc5o%\x7f\xb0\x05\xb3\
\xeb\x13^\xb5[P\x9e^\x0e\xf5\xd1\xd9\xfa\xc3E\x94\
\x90V\x9f?\xf0\x1b<\xbeEpBW22\xfb\xc8\
\x22\x1c\xa2\xf3\x17B\xfe\xee*\xc0#\xe9\xa7+\xbc\x82\
z\xdc\xb5\xf1R\x10\xa0,\x5c\x02\xe5\xeb\xdf\x038\xfe\
\xfe\x09\xa1 \xcfK\xe1\xcb\x87FU\xd4}\xd6)y\
z\xb2\xba\x86hS\xbf\x84\xc8\xaa\x0d\xa0\xe3&\xc4\x1d\
\xff_\xbc\x5c\xf7MS\xd5\x99\x88:\xa3\x1c\xf2\xf2:\
\xd0\xc2\x22\xdd\x84.P\x09=\xe9\xab\x0c\x96;\x22L\
G\xd6\x17u\xfa\xc0xDj7@\x9d6]?\x1a\
K\xa8\xb6\xd7\xcd\xf1R\xfb\xdcd\xc8+7A\x9b\xf8\
y\xfd\xa8\x84RtJ\xfe`\x9d\x13\xba\xee'\xb77\
\xce\xe3\x85\xf2\x9dZD\xe7/\xd4_Wb\xf1\xd2\x7f\
\xa9\xcd\xad\xf1\x92\x16\x16C\xaeY\x1f\xbb&\xc6\xe3\x05\
\xb0\xdd\xe9]+\xf7\x9fdB\x10-_\x00y\xf1j\
P\xaf/nDA\xbe-\x85\xf9\x1e\xcf\xdcu\x09\xbf\
F\xae\x80\x8b]\x13\x95\xa7\x97\x03\xa2~\x07&\xf5R\
q\xf1q\xdfW\xea\x13~\x8dl\x91\x96\xef\x13h\xa5\
\x0fC^\xb5\x09t\xfc\x83\xfaQ\x19\xc7k\xdd\xbe\x8a\
\xba%\xf9\x9e\xc3*\xd4GfB\xaey\x16t\xf4\x03\
\xf1\x03\x8a94\xaa\x9e\x94\xca\xeb\x9e\xb4[\x93)\x9f\
\xf5t\xccXDVn4\x8a\x97\x85\x94\xd0W$\x7f\
p+\x96.\xe5\x8d\x1e\xeb4\xda\x84\x87b\xd7\x95\xc9\
S\xf5\xa3\xf1\xe0\xe8~\x9f?\xb8\xd9N=\xe6]|\
\xf9\xe4\xf1\x12\xc0fi\xa0\xf8Pa\xd5\xb3\x13\x92<\
\xdaQ\xa8\xaf\x00r\xf5Z\xa3]K\xa0\xc0V;w\
-\xd3\xd3\x90:\xa3\x1c\xf2\xb2:\xd0Q\xfax\x89\xc7\
\xa3\x9ar\xb2\xa0j\xdd\x5c\xb3\xcfi\x0a\x9f\xecZ+\
\x01o\xe2\xae\xe5\x13\xd5.;v-K\xe2\xa9V2\
\x19\xf2\xaa\x8dF\xf1r\x92\xa6i\x9dRe0`\xc5\
y\xcd@\x9b\xfa\x08\x22+7\x80\x8e\x8b\xdf\x15)0\
\xc3\x8e]\xcb\xb2}\x81\x16\x8e\x86\xfcL=\xd4YU\
\xfa\x91\x04\x8aF\xa7\xe3e*b\xbb\xd6\x0f\xa0\x96%\
t\x90\x96\xefZ\xd6.p<\x0f\xe5\xc9EP\x9eZ\
\x06\x08\x06\xf1\xb2\xa8\xf8\xcd\x82\xd9\xf5\x13-\xd5\x90+\
\x1e/\x94E+\x86w\xad\xb8\xb7\xc9\xd2]\xcb\x96\x8d\
Z\x9d\xfee\xc8+\x0c\xe2%0O\x13\xd5w\x5c[\
\xe5\xdf\xbfkI\xf1\xd7\xf4\xe1]\xab\xd7\xec]\xcb\xb6\
\x8a#e\xbc$\xe4\x80\xdd\xf12\x1b\xb4\xd22\xc8\xab\
\x9f\x83\xf6`\x89~4\xcd\xec]\xcb\xd6\xce)}\xbc\
\xackvk\x95O\x8b\xc6@\xaeY\x9ft\xd72\xab\
\xca\xb7\xbf\x04LY\xe5\xd3Z\xaf\xa0\x1e\x97\xca\xebJ\
m\xd7\x95\x09)v\xadX\x95?p0\xdf]\xcb\xb1\
V6e\x95\xcf\xd1>oE\xe0\x1b\x0eIKK\xf2\
*?\xb6k\xe5S\xe5;Z\x93\xa7\xa8\xf2\xc7\x11B\
:$\x7f\xdd\x96\x11X\xe5O\xa2\x14G\xa4\xca@0\
\x97\xe7u\xfe\xc5&\xaf\xf2y\x80\xfe\xcc\xe7\x1f\xd8\x8d\
\xd9\xf5\xa3\x9d\x92\x97\x8a\x14U\xbe\x04J\x1ar\xd9\xb5\
\x9c7\x04HS\xe5c\x91$\xaa\xa6\xc7K\xd3HW\
\xe5\x17\x15\xbf\x99\xcdmS\xee0d\x18\xad\xf4a\xc8\
k\x9e7\x8a\x97e\x1c\xaf\x9dp\xeb\x9d\x22@\x8a*\
\x1f\x98\x97\xcdmS\xae2\x04H\x19/\x8b(!\xad\
#\xb6\xca\xcfp\xd7r\x9d!\x002\xa9\xf2\xf3\x8e\x97\
V\xf1\xc9\xaeU\xf5\xb5\x9cv-w\x1a2L\xac\xca\
\x0f\x80\x8e*\xd4\x8f\x9e\x88jJ\xb7T\x15\xfc\x82\x13\
\xba\xd2B8D\xab\xbe\x0aeQ\x0d \xea\xaf\xe9\xb4\
\xd6+jG\x93\xf5`\xae6\x04\x00\xb4\x92)\xc3\xf1\
r\x92~T\x0a\x95\xbc\xe0\x84\xa6LQ\xcb\x1e\x8bU\
\xf9c?\x13w\x9c\x80\xce\x92B\xfc\x8f\x8c\x1e\xe3z\
C>m\xb8\xea6J#\xb8\xcb\x17 \xee\xd9\x09r\
O\xf7G\x5c\x04\x17\xc0\xd1\x9f:\xa3*3\xf8\xf7\xde\
\x85\xb8w\x17\xa0\xc8q\xc7)\xc8\xa9\x88/\xfak\xa3\
\xc7\xb8\xda\x10\xfe\x9d^\x88\x7fi\x074U?\xda\xe7\
\x01j\x07\xbb\x1ao:\xa1+-T\x83p\xf4\x00\x84\
\xbeN\x80R\xdd\x90\xb4D\x14\xae\x1e\xdd/\x0d\x19=\
\xd4\x9d\x86\xa8Q\x88\x07w\x83\xff[\xbf~B\x01\xfc\
*<i\xf0\xc7\xe1\xd6\xd6\x04\x97\xdc\x00\x09\x0dA\xfc\
\xf3Np\x17\xcf\xebGQ\x02\xfc$\xd4\xdd\xf0\xcbT\
\x8fw\x9d!\xe4\xd6Mx\xda\xfe\x04r\xfdC\xfd\xe8\
\x0e\xa1tm\xa8\xa7\xe9Ut;\xa1,=\xdc\xb5\xab\
\x10\xdb\x9aAn\x7f\xac\x9b\xd0k\x00\xb7<\xd4\xddp\
8\xdds\xb8\xca\x10\xee\xfds\x10\xdfx\x19$\x12\x8a\
\x1fP\x9c\xd3\xa0-\x96{^<\xeb\x8c\xb2\xf4\xf0g\
OC<\xf8\x1a\xa0$\xfc\xd1\xefqN\x11\x96\x0e\xf5\
o\xfb \x93\xe7q\x87!\x94B\xe8\xeb\x84pt\x7f\
\xc2g.\x01\xdaCQ\xfe\xfb\xe8o\xbc\xed\x90\xba\xd4\
h\x1a\x84c\x07 \xf4\x1eI\x9c\x11\xba-<x\xe7\
9\x9ci\x95\x13\x87\xc68o\x88\x1c\x81\xb8\xb7\x15\xfc\
?\xcf\xe8'*@~\x11\xean\xf89b\xd7\x0e\xd7\
A\xee\x0eBlk\x01\xf7\xc1%\xfd(\x0c\x82\x8d\xe1\
\x13MM\xd9>\xa7\xa3\x86\x90\x9b\xd7\xe1ik\x06\xb9\
qM?\xbaA)\xa9\x89\xf44\x1ctBW&p\
W.B\xdc\xb3\x03\xe4\xee\x1d\xfdh\x80\xe3\xb8\xea\xa1\
\xae\xed}\xb9<\xafc\x86p\xe7\xff\x0eO\xc7+\x80\
\x1c\x8e;N\x81\xb7\x89F\xaa#\xbd\x0d\xef;$-\
-)\xe2\xf8a\x81\x13\x97\xdf\xed\xfaC\xc2OX\xa6\
\xd8oH\xca\x8c\x8e\xe6\x88\xc2\xafG\xff6\xc3\x8c\xee\
8\x19\xc4q\xe4\x19\xc7m5\x84\x84\x86 \xbe\xb1\x13\
\xdc\xbf\x92e\xf4\xc6\x94\x19\xddI\xc8\x9d[\xb1\xeb\xc5\
\x87\x97\xf5\xa3;\x84\x92@\xa8\xa7a\x97\x19q\xdc6\
C\xb8\x8f\xae@lo1\xc8\xe8\xb8J8\xba$\xd4\
\xd5t\xc2.-\xd9\x924\x8e\x03\xefi*\xb7X\xee\
\xdb\x9e\x90Hr\xc5\x16C\xf83oC<\xf8:\x10\
M\xc8\xe8\xc78\x85_\x96iF\xb7\x9d\xd4q|O\
H\xe1W\xa1\x7f\x9b\xa9q\xdcZCT\x15\xe2\x91\x0e\
\xf0\xa7\xba\x12g9dt[I\x1b\xc7K^\x00\xb6\
hf\x9f\xd62C\xc8\xdd\xdb\x10\xdb[\xc0]\x1d\xd0\
\x8f\xc2\xa0dC\xb8\xbb\xf1E\xab\xce\x9d/\xe4\xe3\xeb\
\xf0\xecn\x01\xb9\xf1\x91~t\x83R\xba\x22\xd2\xd3x\
\xc0\xaas[b\x08wy8\xa3\xdfK\xc8\xe8\x978\
\x8dV\x0f\xf56\x9e\xb4\xe2\xbcf\xc0\x9d?\x0b\xcf\xde\
V \xa2\x8b\xe3\x14\xa7\x09%\x8b#\xbd\x8d\x96\xc6q\
\xd3\x0dIY\x99\x13\xd4\x0e\xf66\x8d\xcc\xca<\xca\xd5\
\xdb\x11\xc7\xcd3\xe4S\x5c\x99\x9b\x89)\x86\x90[7\
\xe0\xd9\xdd\x0c\xf2\xef\xff\xb3\xca\x9c\xe2\x99PO\xd3[\
v\xea\xc9\xff\xf6\xf9\x91^\x99\x1fx\xcd(\x8egU\
\x99\x9bI\xee\x86\x8c\xe4\xca\xdc\xc5q<7C\xe40\
\xc4\xbd\xbbFhe~\x1bb\xdb\x0eS+s3\xc9\
\xda\x90\xd4\x95\xb9\xb5\x19=_\xb8+\x17!\xb6\x1b\xc6\
\xf1\xbc*s3\xc9\xca\x10\xfe\x1f\x7f\x85\xb8\xffU\x83\
\xdbZ\xfe[\x99[\x9b\xd1\xf3\xc1\xca\xca\xdcL23\
\x84j\x10:\xf7\x8d\xcc\xca<\x1a\x85\xb8o\x97\xa5\x95\
\xb9\x99dd\x88\xd0\xb9\x0f$\x94\xf0~\xcb\x14\xe4\x87\
\x91\xee\x86\xdf\x9b/\xcb<\xc4\x8e\x97\x8d\xb4\x0f\x12B\
\xd7\x84N4\xbd\xee\xb68\x9e\x91!\x06/\xe8*!\
\xdc\xd2\xf0\x89\xed\x061\xc5]\x18h7\xbd27\x93\
\x5c\xee\xed=\xc6)\xfc\x9c\xd0\x080C\x0f\x01\xf6\x84\
\x15\xbe\xdc\xadf\x00\xd9\xa6,\xb7W\xe6\xc9\xb1\xb42\
7\x93d\x86\xe8W\xd7!P\xb2>\xdc\xdd\xd8l\xb5\
\xa0\xbc!Pt\x1b\x90\xeb\xe3\xf8\xfd\x18~di\x1a\
\xb7\x0b\xc0=\x00\x00\xc1\x05\x9e\xe3\xe6\x85{\x1a\xdco\
\x06\x00\x0a\xec\x00\x10\x8d}MN\x01\xea\x9cHO\xd3\
\x880\x03H\xf1\x0f]\x0af\xd7OT\x85\xe8c\x91\
\xa8p\xcc\xb5\x916\x09\xd2\xdc\xc0\x14\x08\xa44\xec\x9d\
t\x04\x87\xb7D\x9d\xd6\xc3`0\x18\x0c\x06\x83\xc1`\
0\x18\x0c\x06\x83\xc1`0\x18\x0c\x06\x83\xc1`\xb8\x96\
\xff\x00\xc9\xa1Q@\x06\xe7iT\x00\x00\x00\x00IE\
ND\xaeB`\x82\
\x00\x00\x03\x9f\
\x89\
PNG\x0d\x0a\x1a\x0a\x00\x00\x00\x0dIHDR\x00\
\x00\x00d\x00\x00\x00d\x08\x06\x00\x00\x00p\xe2\x95T\
\x00\x00\x00\x06bKGD\x00\xff\x00\xff\x00\xff\xa0\xbd\
\xa7\x93\x00\x00\x03TIDATx\x9c\xed\xdd\xcfK\
\x14a\x1c\xc7\xf1\xcf33k\x9a\x8a\x9a\x92\x07\xa5L\
\xa2\xa2:\xa4\x15i\x10I\x97:\x05A\xd0-\xfa\xf1\
\x1f\x14\xd4)\x10\xeaP\x7f\x84\x12Q\x87\xa0\xe8Z7\
/\x92P\x10\x81E \x85QFF?\x14\x17\x15\x9d\
\x99\xa7[d\xb8\x0b6\xf3<\xfbY\xfd\xbcn\xbb\xeb\
~\xe7Y\xdf03\xbb\xb8\x0e \x22\xa5\x99\x5c\xa6\x0c\
\x5c\xa8m\x8a\xeb\xear\x99U\xa5f\xa3\x85\x05\x8c\xdc\
]\xcc:'s\x90\xda\xbe\xcb\xb7\x00\x5c\x07\x10e\x9d\
U\xe5b\x00\xb7\x17\xc7\x86nd\x19\x92)H]\xff\
\xf9\x0ek\x0b\x9f\xb2\xceYGl\x10\xda\xce\xf9\xd1\xe1\
/\xff; \xc8\xb2\xf5$\xadi\x85b\xfc\xcd\xc4q\
\xd0\x96e@\xbe\xbb\x99\xa8\x00\xdb\xd0\x98\xebHv\xa6\
8\x07\xc4\xcb\xb9\xcd\xcb5H\xda\xd9\x85\xa5\xb3\x97\xf2\
\x1cI\xaf\xe6\xd10\x82\xc9\x89\xdc\xe6e\xdaeI\xfe\
\x9c\x9e\x19\x05S\x930\xdf\xbf\xb9\xdc\x84w\xb6m+\
\xd2\x8e.g\xf3\x9d\x05\x09\xc7_\xa2\xf0\xf4\xb1\xab\xf1\
\x15\xb5|\xea,\x92\xfd\x07\x9d\xccv\xb6\xcb\x0a'\xde\
\xb8\x1a]q\xe1\xc4\xb8\xb3\xd9\xee\x8e!q\xeclt\
\xc59|m\xde\xde]\xc7gz\x80\xe6*\xfdte\
f\x01\xd1\x93W^6\xe5-Hrr/\xec\xf6V\
_\x9b\xcb\x95\xf9\xf8\xc3[\x10\x9d\xf6\x92Q\x102\x0a\
BFA\xc8(\x08\x19\x05!\xa3 d\x14\x84\x8c\x82\
\x90Q\x102\x0aBFA\xc8(\x08\x19\x05!\xa3 \
d\x14\x84\x8c\x82\x90Q\x102\x0aBFA\xc8(\x08\
\x19\x05!\xa3 d\x14\x84\x8c\x82\x90Q\x102\x0aB\
FA\xc8\xf8\xffnyj\x11\xdd\x1bC\xf0\xfa\x13\xd2\
\xbe\x1d\x88\xcf\x1d\xf6\xbe\x04f\xde\x83\x84\xa3\xef\x11=\
|\x01\x00\x08\xde}E\xba\xab\x1di\xcf6\xdf\xcb\xa0\
\xe5}\x97e\xa6~\xad\xbc\xfdy\xc6\xf7\x12\xa8\xf9?\
\x86X\xfb\xef\x1d\xde\x97\xc0L\x07u2\x0aBFA\
\xc8(\x08\x19\x05!\xa3 d\x14\x84\x8c\x82\x90\xf1\x1e\
\xc4\xb6\xd4\xaf\xbc\xa3\xb9~\xf5\x1f\xdc\xa0\xbc\x07IN\
\xecFz\xa8\x0b(\x84H\x8e\xedD\xd2\xdf\xed{\x09\
\xd4\xfc\x7f\xda[\x13a\xe9\xe6i\xef\x9b\xad\x16:\x86\
\x90Q\x102\x0aBFA\xc8(\x08\x19\x05!\xa3 \
d\x14\x84\x8c\x82\x90Q\x102\x0aBFA\xc8(\x08\
\x19\x05!\xa3 d\x14\x84\x8c\x82\x90Q\x102\x0aB\
FA\xc8(\x08\x19\x05!\xa3 d\x14\x84\x8c\x82\x90\
Q\x102\x0aBFA\xc8x\xfbc\xeb\xf0\xd9\xdb\xaa\
\xbe\xb0\xa4/\xde\x82\xf8\xba0c\xb5s\xb7\xcb2\xc6\
\xd9\xe8\x8as\xf8\xda\x9c\x05qy\xcd\xf1J\xab\xca\xeb\
\xa9\xc7G\x8e\xc3n\xaaE\xf0c\xda\xd5&*\x22m\
mGr\xa0\xcf\xd9|w\xc7\x90 D\xd2{\x14\x89\
\xb3\x0d\xacO:\xed%S\xf2\xe8\xb4\xb9\xefbo\x8a\
\xf0\x0e\x8c-\xfd\xadL\x8b\x1a\x00\x9d\x7fnG\x05\xd8\
\x86\xc6\x5c\x17\xc8\xce\x14\xe7\x80x\xf9\xef\xbb>\xc3`\
\xa9\xe4\x13\xac\xf9\x10\x18{m\xfe\xf9\xd0\xaa\xa7\x9d%\
wY)\xcc\x03\xc0\xeeY\xd3\xbf\xb3\x8a\x97af~\
\xae\xe1\x09\xebRg\xf9\xdf\x99\xedN-\xee\x03\xd8\xb7\
\xda\xa3evY\xa6%\xd3\xb2\xa4\x9c-\xa5\x1e(\x13\
\xc4^\x05Pt\xb0\x98\x8d\xaeh\x8c\xb9R\xea\xc1\xf2\
\xefp\x06\x06\xa3\xa6xzc\x1d\x14\x1c\x9b\x8d\xda\xe7\
02\x18Wz\x1d\x22\xd5\xe97\xfe]\x9d<x\xe0\
]\x04\x00\x00\x00\x00IEND\xaeB`\x82\
\x00\x00\x1cB\
\x89\
PNG\x0d\x0a\x1a\x0a\x00\x00\x00\x0dIHDR\x00\
\x00\x00d\x00\x00\x00d\x08\x06\x00\x00\x00p\xe2\x95T\
\x00\x00\x00\x06bKGD\x00\xff\x00\xff\x00\xff\xa0\xbd\
\xa7\x93\x00\x00\x1b\xf7IDATx\x9c\xed\x9dg`\
TU\xda\xc7\x7f\xe7N&\x93I\xef\x9dN\x08\x84(\
\xcd\xd0\xab\x88`C\x05d\xc1\xc5\x95\x17\x0b\xbb\x0a\xae\
\xebZV^QV\xd6\xc6\xca*\xba,\xba\x8b \xab\
\x884\x91\x0e\xd2{\x80\x00\x02\x22\x9d\x84\x04H\xefe\
&\x99\xcc=\xef\x87\x99\xc9\x92>3i\xb8/\xffO\
\xc9\x9c{\xca=\xcf=\xe7<\xfd\xc0m\xdc\xc6m\xdc\
\xc6m\xdc\x86s\x10-=\x00\x07\xa0\x05\xba\x01w*\
\x8a\xd2YJ\xd9\x09\x08\x05\x22\x00\x0f\xc0\x1b\xd0\x009\
@&\x90%\x84HQU5\x018\x0a\x1c\x07\x8aZ\
d\xe4\x0e\xe0V&\x88\x02\xdc\x05\x8c\x12B\xdcc\xfd\
[\xdf\x80\xf6\xcc@\x82\x94r#\xb0\x09\x0b\x81d\x83\
G\xd9\xc8\xb8\x15\x09\xd2WQ\x94\x89R\xca\xf1XV\
@\x05\xfct\x0a\xdd\x03uD\xfb\xba\xd2\xd1\xdb\x85H\
\x0f\x17\x82\xf4\x1a\x02\xdd\x144B\xe0\xee\x22\xc86\xaa\
d\x19\xcdd\x97\x9a\xb9\x94o\xe2xV\x19\xc72K\
\xb9^\x5c^\xb5\x9fT!\xc4jUUW\x02\xfb\x01\
\xb5\x99\xde\xafN\xdc*\x04\xf1\x01\x9e\x10B\xfc\x0e\x88\
\xb1\xfd\xe8\xaa\x08\x06\x87\xeby\xa0\xb5\x9e\x81\xa1z\xa2\
|\xb5N\x0f\xf8zq9;\xae\x1b\xd8v\xcd\xc0\xce\
\xeb\x06\x8aL\x95\xe6?U\x08\xb1\x5cU\xd5E\xc0i\
\xe7_\xa3\xe1hi\x82\x84*\x8a\xf2\x92\x94\xf2\xb7\x80\
\x17\x80\xbb\x8b`d+w\x1el\xed\xce\xbd\xad\xdc\xf1\
vU\x1a\xbd\xd32U\xb2\xf7\x86\x81\xef\x93J\xd8p\
\xb5\x98\xdc\xd2J\xc4I\x90R.\x06\x96\x02\xf9\x8d\xde\
y=h)\x82\x04)\x8a2\xc3J\x087\x80\x08\x0f\
\x17\x9e\xed\xe2\xc5\xe4ho|u\x8dO\x84\xda`R\
%\xbb\xae\x1bXv\xa9\x88\x8d\xc9%\x94\x9a+\x8e\x95\
\x02!\xc4?TU\xfd\x08\xc8h\xae\xf147A\xbc\
\x15E\xf9\xa3\x94\xf2%\xc0\x13\xa0G\xa0\x8ei]\xbd\
y\xb8\x9d\x07Z\xa5e\x17ln\xa9\xca\xca\xcbE,\
\xb9P\xc8O9e\xb6\x9f\x0dB\x88\x85\xaa\xaa\xce\xc6\
\xc2\xbd5)\x9ak\x06\x04\x963b\x0e\x10\x02\xd03\
H\xc7\x9b=\xfd\x18\x16\xd1\x10\xc6\xa9i \x81m)\
%\xcc=\x95O|\xba\xd1\xf6s\xae\x94\xf2\x0d\xe0s\
,\x1c[\x93\xa09\x08r\x87\x10b>0\x08\xa0\x93\
\xaf\x96\x99=\xfdx\xa8\xadG\x8b\x1f`\xf6`_\xaa\
\x817\x8e\xe6\xf2cV\xa9\xed\xa7\xe3R\xca\xff\x01N\
5E\x7fM9'\x0a\xf0\x9a\x10\xe2\xcf\x80\xd6C\xab\
\xf0Zw\x1f\x9e\xeb\xea\xd3\xe2[\x93\xa3P%,>\
_\xc0\xecc\xb96\x06\xc0 \xa5\x9c\x06,j\xec\xbe\
\x9ajf\xc2\x85\x10_\x01w\x03<\xd2\xce\x83w{\
\xfb\x13\xe1\xe1\xd2D\xdd5\x0f\xb2\x8cf\x9e\xdf\x9f\xc5\
\x96\xe4\x12\x00\x84\x10KTU\x9d\x0a\x94\xd6]\xd3~\
h\x1a\xab\xa1\x9b0\x5c\x08\xb1\x03\xe8\xea\xa9U\xf8d\
`\x003{\xf97\x09\xfb\xda\xdcpwQ\x18\xd7\xde\
\x137\x8d`\x7f\xaa\x11U\xd2]\x08\xd1\x0bX\x0dT\
\x93<\x9dAc\xaf\x90qB\x88\xaf\x01]\xcf \x1d\
_\x0c\x09\xa2\xbd\xb7\xb6\x91\xbb\xb85\xb0\xfb\x86\x81\xc7\
wdPl\x110\xb7K)\x1f\x06J\x1a\xdanc\
\x12\xe4\x19!\xc4\x02@3\xae\xbd'\x0b\x06\x07\xe2\xfa\
\x0b;+\x1c\xc5\xa1t#\x8f\xfd\x90N\xa1\x85(\xbb\
\xa5\x94\xa3h\xe0\xf6\xd5X[\xd6t+'\xa5<\xdd\
\xc5\x9bO\x07\x06\xe2\xf2_N\x0c\x80V\x9e.\x0c\x0e\
\xd7\xb36\xa9\x98R\xb3l\xab(J\x98\x94r]C\
\xdal\x8cY\x1b#\x84X\x09(\xaft\xf7\xe5\x8d\x9e\
~\x8d\xd0\xa4\xf3\xc8/SY}\xa5\x88\xfc2\x15O\
\xad\x82\x9f\xab\x82\xafN!\xd0MC\x94\x8f\x16\x0fm\
\xedg\x99I\x95lM)\xe1t\x8e\x09\x80\xce\xbeZ\
\xeek\xed\x8e\x9b\xa6\xeei\xda}\xc3\xc0\xd8\xadi\x94\
K\xb0r_\xf3\x9d\x1d\x7fC\x09\xd2E\x08q\x14\xf0\
x6\xc6\x9b\xbf\xf6\x0dh`s\x0dC\xb1I\xa5\xef\
\x9a\xeb$\x17\xd5|\xbe\x0a\xa0\xb5\x97\x0b\x9d}]\x89\
\xf1s\xe5\xce\x00W\xday\xb9 %lM)\xe1\xcb\
\x0b\x85\xa4\x95T\x96\xf9\x02\xdc4\xcc\xed\x17\xc0\xa3\xed\
<\xea\xec{\xfeO\xf9\xcc8\x92\x03`\x92R\xde\x03\
\xecu\xe6\x1d\x1aB\x107!\xc4a\xe0\xce\xe1\x91z\
V\x8e\x08\xa5\x9e\x0f\xa9\xc9\xb1\xf2r\x11O\xef\xc9$\
$4\x94\x81\xc3\x86Q\x90\x9fOA^\x1e\xf9\xf9\xf9\
d\xa4\xa7\x93\x93\x95Uo\x1b\xc1!!\xdc=r$\
\x1a\x8d\x86}\xbbv\x91\x9c\x94\x04\xc0\x87\xfd\x02x\xa6\
\x8bw\x9du\x9f\xdd\x9b\xc9\xf2KE\x00IR\xcaX\
\xa0\xd8\xd1wpZ0P\x14\xe5u)\xe5\x9d!z\
\x0d\x9f\x0f\x0ajqb\x00\xecO\xb3\xa89\x1e\x1c3\
\x86\x97f\xcc\xa8V\x9e\x97\x9b\xcb\xc5s\xe7\xb8|\xf1\
\x22\xe7\x7f\xfe\x99\x0bg\xcf\x92\x9c\x94\x84\xa2\xd1\xd09\
&\x861\x13&0|\xd4(\x5c\x5c,\xd3b6\x9b\
\xf9d\xce\x1c\x16\xce\x9f\xcf\xeb\x87s\x18\x12\xa6\xa7\x93\
o\xed\x5c\xe3\xbc\xfe\x81\x1cN/%\xa9\xd0\xd4VQ\
\x94\xd9\xaa\xaa\xbe\xe4\xe8;8;\x8d\x9d\x84\x10'\x01\
\xb7\xaf\x87\x07\xf3P\x9b\xba\x97ss!\xee\xbbk\x5c\
\xc83\xf1\xf7\xc5\x8b\x196bD\xa3\xb5;\xfd\xa9\xa7\
\xd8\xb9u+\x13:z\xf2\xf9\xe0\xa0:\x9f\xdd\x9bj\
`\xf4\xe64$\xa8R\xca\x81\xc0!G\xfarJZ\
\xb3\xb2\xb7n\xa3Z\xbb\xdf2\xc4\xc82\x9a\xb9\x98g\
BQ\x14z\xc6\xc55j\xdb\xcfN\x9f\x0e\xc0\xc6\xab\
%\x94\xabu[}\x07\x87\xe9\x99\xd0\xd1\x0b@\xb1\x89\
\x01\x8e\xf4\xe5\xcc\x96\xf5(p\xb7\xdeE\xf0a\x0b\x1f\
\xe27\xe3P\xba\x11\x09Du\xea\x84\x8f\xaf/\x00R\
JN\x1e?NJR\x12\x06\x83\xa1\xe2\xd9\x82|\x8b\
\xddI\xeb\xeaJ\x97\xd8Xz\xc5\xc5\xa1q\xa9}*\
b\xbbu\xc3\xdd\xc3\x83\xc2\xe2b\x92\x8b\xca\xeb\x15v\
\xdf\xed\xe3\xc7\xd6\x94\x12rJ\xcd\xdd\x80\x89\xc0\xd7\xf6\
\xbe\x87\xa3\x04q\x15B|\x00\xf0\xfbX\x1fZy\xde\
:\xba\xa9\xf8t\x8b<\xd6\xb3w\xef\x8a\xdff\xbd\xf6\
\x1a\xab\xbe\xf9\xa6\xde\xba\xed:t`\xeeg\x9f\x11\xdd\
\xa5K\x8d\xe5B\x08|\xfd\xfc().\xb6\x09\x81u\
\xc2_\xa7\xe1\x85;\xbc\x99\x95\x90\x8b\x10\xe2-)\xe5\
\xb7\xd8\xa9ZqtF\xa7\x01Qa\xee\x1a^\xb8\xc3\
\xc7\xc1\xaaM\x8bCV\xbbE\x0f\xebv\x95\x9c\x94\xc4\
\xeae\xcb\xd0\x08\xc1\xe007<\xb5\x0a.\xd6\x0dZ\
\xa3\x08\xbc\xb4\x0a\x05e*\xbbo\x18H\xbc|\x99)\
\xe3\xc7\xb3h\xf9r\xa2cb\xaa\xb5m2\x99*8\
\xb4\x00\x9d};\xd0\xd4\x18\x1f\xfeq\xa6\x80\x0c\x83\xb9\
#\xf0\x04\xb0\xd8\x9ez\x8e\x10$X\x081\x13`f\
/\xbf:\x05\xac\xe6FI\xb9\xe4T\xb6\xc5\xc2wW\
\x9f>\x00\xec\xd9\xbe\x1d)%\x83#\xf4|?2\xb4\
\xd6\xba\xd9F3\x93vfp0-\x97\xa7\x1f\x7f\x9c\
\x85\xdf|S\x8d([\xd6\xad\xc3h4\x12\xe9\xe1B\
\xa4\x9d\xbb\x82\xbb\x8b\xe0\xc5;|\x98q$\x07!\xc4\
L)\xe5\xd7\x80\xa9\xbezv\xcf\xaa\xa2(\x7f\x01|\
{\x06\xe9\x98h9\xb4n\x19\x1c\xc90bR%\xe1\
\x91\x91\x84\x86\x87\x03pp\xafE.\x1b\x1e^\xb7E\
2\xc0M\xc3\x8a\x11!\xf4\x08\xd4\x91\x93\x95\xc5\x84\x07\
\x1fd\xee;\xef\xf0\xd3\xc9\x93\xa4\x5c\xbd\xca\x9a\xe5\xcb\
\xf9\xcb\xff\xfe/\x00Sc\xea\x96C\xaabJ\x17o\
B\xdd5\x00\xed\x80G\xec\xa9c\xef\x0a\xe9!\xa5\x9c\
\x22\x80w{\xfbs\xab\xa9\xa9\x0eY\xe5\x8f^\xd6\xd5\
a6\x9bI8|\x18\xc0.\x13\xb1\x97V\xe1\xfb\x91\
\xa1L\xd9\x93\xc1\x8ek\x06\x16-X\xc0\xa2\x05\x0b*\
=3<R\xcf\xef\xba:F\x10\xbdF09\xda\x9b\
\xf7O\xe4\x22\x84\xf8\xad\x94re}u\xecY!B\
\x081\x0f\xd0<\xd6\xc1\x93~!n\x0e\x0d\xaa9`\
\x13\x08m\xec\xee\xf5\x94\x14J\x8a\x8b\xd1\xbb\x08b\xfc\
\x5c\xedj\xc3W\xa7\xb0\xfa\xdeP\xbe\x1e\x1e\xcc\xbd\xad\
\xdc\xf1\xd7i\xd0*\x82.~\xae\xcc\x8e\xf3g\xf9=\
!NY:\x7f\xd3\xc9\xd3\xa6h\x1d\x06t\xae\xefy\
{V\xc8\x13\xc0 \x0f\xad\xc2\xac\xbbZVqX\x13\
\x92\x0aM\x1c\xce\xb0pX\x03\x87\x0e\x05\xe0\xe2\xb9s\
\x00D\xfb\xba:\xb4\x9a\x05\xf0P\x1b\x8fF\x95\xad\x22\
<\x5c\x18\xd5\xca\x9d\x0dW\x8b\x85\xa2(\xcf\xd6'\xbd\
\xd7\xb7B\xbcml\xeek\xdd}Z\xd4\x04[\xaeJ\
rKU\x92\x0aM\x9c\xc9-\xe3H\x86\x91\xe5\x97\x8a\
\x98\xb0=\x03\x93*\xe9\xdd\xaf\x1f\xe1\x91\x91\x00\xa4$\
'\x03\x10\xe5sk\x18\xc7\xa6D[\xce\x5c)\xe5d\
\xea\xf1O\xaeo\x86\x7f\x0f\x84v\xf2\xd5\xf2\xbb\xae\xcd\
\xcb\xe6\xfe\x94S\xc6\xbeT\x03\x87\xd2K9\x9bWF\
RA9e\xb5H\xc9!\xa1\xa1\xbc\xf5\xc1\x07\x15\xff\
\xbb\xb9Y\xb6\xd5\x1d\xd7\x0c\xccJ\xc8\xe5\xdeH=\xdd\
\x03u\xb8\xbb\xb4\xcc\xe17,BO;o-\x89\x05\
&?`\x02u\xb0\xc0u\x8d\xd0U\x08\x91\x04\x84-\
\x1a\x1a\xc4\xd8\xf6\x9e\x8d=\xcejH+1\xf3\xe5\xf9\
\x02V])\xe6b~\xcd\x1c\xa2\xde\xdd\x1d\xadV\x8b\
\xbb\x87\x07\xe1\x11\x11\xf4\x1d8\x90_O\x99\x82\xaf\xdf\
\x7f\xb6\xd3\xc2\xc2B~\xf3\xe8\xa3\x5c\xb0n]6\x84\
\xbak\xe8\xe0\xad%\xcaG\xcb\x80P7\x86\x85\xeb\x09\
\xd27\x85[Au\xcc;\x9d\xc7\x9bGs\x01\x0eK\
)\xfb\xd6\xf6\x5c]\x04yL\x08\xb1\x22\xdc\xdd\x85S\
\xe3#\x9b\xd4u\xe7ZQ9\xef\xff\x98\xc7\x8a\xcbE\
\x15\xae\x9czwwz\xf5\xe9C\xef~\xfd\xe8\x12\x1b\
K\xbb\x0e\x1d\x08\x0e\x0dE\xa3\xb1o\x02\xcb\xcb\xcb\xd9\
\xbbc\x07kV\xac\xe0\xcc\xc9\x93\xa4\xa7\xa5U{F\
\x00\xdd\x03u\x8ck\xef\xc1\x98\xf6\x1e\x84\xbb7\xdd\x96\
\x9ce4\x13\xfdm\x0a\xe5\xaaDJ\xd9\x11\xb8\x5c\xd3\
s\xb5\xce\xb2\xa2(\xcb\xa4\x94\x13^\xee\xe6\xcb\xcc^\
Ms\x98\x97\xa9\x92\xb9?\xe61\xef\xa7|\x0c\xe5\x16\
B\xf4\xea\xd3\x87\xb1\x13'r\xef\xfd\xf7\xa3wwo\
\xb4\xbe\x8a\x8b\x8aH\xbar\x85\xab\x89\x89\x9c;s\x86\
\x83{\xf7r\xee\xcc\x19\xa4\xb4\xf4\xab\x08\xb8'\xd2\x9d\
\xe7b\xbc\x19\x1a\xa1o\x12\xff\xa8G\xb7\xa6\xb1\xf3\xba\
\x01)\xe5\x9f\x80\x0fjz\xa6\xb6~\xb5B\x88L\xc0\
g\xc7C\xe1\xdc\x15\xa4\xb3\xbbSU\xc2\x8fY\x96}\
\xbf\xb0L\xc5W\xa7\xa1\xab\xbf+\xb1\xfe\xae\x95:;\
\x97W\xc63{\xb28\x95m\xe1\x90\xfa\x0c\x18\xc0\xb4\
\x97_ntMm]\xc8\xce\xccd\xdb\xe6\xcdlZ\
\xbb\x96\xe3G\x8eT\x10'\xd6\xdf\x95\x99=\xfd\x18\xd5\
\xda\xf2AH !\xa3\x94\x03i\x06\x8ee\x95\x91[\
\xaaRhR\x09t\xd3\xd0'\xd8\x95\x09\x1d\xbdhm\
\x87\x04\xbf\xe4|!/\x1c\xc8\x028&\xa5\xbc\xab\xa6\
gj#H\x1f!D|\x80\x9b\x86K\x13[\xdb\xc5\
:\x96\xa9\x92\x85g\x0b\xf8\xf8T>\xe9\x86\xea\xae\xaf\
\xed\xbc\xb5\xfc\xf1N\x1f&u\xf2bKr\x09O\xed\
\xc9\xa4\xd8\xa4\x12\x18\x14\xc4k\xb3fq\xff\xc3\x0f\xd7\
\xdfI\x13\x229)\x89\xa5\x8b\x17\xb3f\xf9r\x8a\x8b\
,\x91o\xfdB\xdc\xb8+X\xc7\xf7\x89\xc5\xa4\xd4b\
\x16\x06K\x1c\xcb\x0bw\xf8\xf0z\x0f\xdf:\x9d;\xb2\
\x8df\xa2\x96%c\x96H)e$p\xa3\xea3\xb5\
\xd5~E\x081\xe7\xa16\x1e|=<\xb8\xde\x97\xc9\
-U\x99\xb4#\xbdB@\xf3\xf1\xf5\xe5\xce\x9e=\xf1\
\xf6\xf6&+3\x93S'N`(\xb1\xb8,\xf5\x0c\
\xd2q2\xab\x0c\xb3\x94\xf4\x190\x80\xbf\xfe\xfd\xef\x04\
\x04\xd5m\xf4iN\x14\xe4\xe7\xb3p\xfe|\x96.Z\
\x84\xd1X\xe1h\x8d\x97\xb77\xfd\x06\x0d\xa2g\x5c\x1c\
\xc1\xa1\xa1xxxp\xfe\xecYvo\xdf\xce\xf1#\
G\x00\x18\xdb\xde\x93\x85C\x82\xea\xfc\x80\x87\xaf\xbfA\
Bf)V\xff\xe0/\xab\x96\xd7XU\x08\xb1\x0ex\
\xe8\x9d\xde\xfeL\x8b\xad\x9b\xddU%\x8c\xfd\xc1\xb27\
zy{\xf3\xda\xacY\x8c\x1e3\xa6\x92}\xc1h0\
\xb0l\xc9\x12\xfe\xfe\xe1\x87\x15/9~\xd2$\xdex\
\xe7\x1d\xbb\x0f\xe9\xe6FzZ\x1a\xcb\xff\xfdo\xf2r\
s\xe97h\x10C\xee\xb9\x07W\xd7\xeaR\xbf\x94\x92\
\xefW\xac\xe0\xadW_\xc5l6\xf3v\x9c\x1f\xbf\xbf\
\xc3\xb7\xd6v\xdf;\x91gS\xa5|\xab\xaa\xea\xc4\xaa\
\xe55\x11D\xb1\x9e\x1f\xfe\xbb\x1e\x0a\xa7g=\xe7\xc7\
\xd2\x8b\x85<\xb7/\x0bw\x0f\x0f\xbeY\xbb\x96\xa8\xce\
\xb5k\x07\x12\xe2\xe3y\xf3\x95W\xb8o\xf4h\xa6\xbd\
\xfc2B\xdcbJ\xb1\x06\xe0\xab\x85\x0by\x7f\xd6,\
<\xb5\x0a\xa7\xc7G\xe2_\x8b\x9a\xfe`\x9a\x91\xfb6\
\xa5\x02\xdc\x90RFT-\xafiF\xa2\x84\x10\x17\xf4\
.\x82k\x93\xda\xd4\xeb\xf06h\xeduNe\x97\xf1\
\xf2\xcc\x99\xfc\xcf\xd4\xa9N\xbc\xca\x7f\x07\xa4\x94<0\
x0W\x13\x13\x99\xd3\xd7\x9f\xa915\xef,\x86r\
I\xab\xaf\xafb\xb2\xb0\xbf\xad\x81\x94\x9b\xcbkR\x9d\
t\x01\xe8\xe4\xe3Z/1rKUNg\x97\xa1(\
\x0ac'Lp\xeeM\xfeK \x84\xe0\x91\xf1\xe3\x01\
\xd8\x9bZ\xbb7i\x15\x85g\x9f\xaa\xe55\x11$\x06\
\xa0\xb3_\xfdz\xa0K\xf9&$\x10\xd1\xaa\x15\xde>\
\xb7\x96\x05\xb1%\xd0\xbecG\x00\x12\x0b\xea\xb6Cu\
\x0b\xa8 Hl\xd5\xb2j\x04Q\x14\xc5\xbaB\xea'\
H\xb9\x95o\xd7\xd6p\xd8\xfd\x7f\x84\x97\xf5\xa3\xb4\xcd\
Km\xe8\xe0max\x14E\x89\xaaZV\x8d R\
\xcah\x80\xe8:\x1c\xc2l\x08\xb5\xea\x81R\xaf_G\
Uo\x89\xb8\xfb\x16\xc5\xd5\xcb\x16mH}f^\x9b\
\x16\xda\x9a\x1e\xa4\x12j\xaa\x19\x0e\x10i\x87\xaa\xbd\xad\
\xb7\x16?\x9dBnI\x09G\x0f\x1d\xa2\xcf\x80\x01\xf5\
\xd6\xa9\x0f\x07\xf6\xeca\xe9\xa2E\x1c;r\x84\xa2\xc2\
BB\xc2\xc2\x88\xeb\xdb\x97'\x9e~\x9a\xd8n\xdd\x9c\
n7!>\x9e\xc3\x07\x0e\xa0\xaa*\xed\xa3\xa2\xe8\xdd\
\xbf?A\xc1\xf5\xcbX\x8e`\xd7\xb6m\x00\xf4\xa9\x87\
3\xbd\xc9\x8c\x11V\xb5\xac\xda\xa9-\x840\x00ng\
~\xd5\xca.\xa2\xbcv8\x87\xcf\xce\xe4\x13\xd7\xaf\x1f\
\x8bW\xach\x10+\xbb\xe0\xe3\x8f\x99?wn\x85\x0a\
\xe3f(\x8a\xc2\x8c\xd9\xb3\x99\xf8\xe4\x93\x0e\xb5)\xa5\
\xe4\x8d\x97^\xe2\xfb\x95\xd5\xad\xa7\xe1\x91\x91\xcc|\xf7\
]\x06\xdf}\xb7\xd3c\xb6\xe1\xc2\xb9s\x8c\x191\x02\
\x8d\x80\x13\xe3\x22\xebT\xa5\xa4\x14\x95\x13\xbb\x22\x05\xc0\
(\xa5\xacd\x1f\xa9\xbaeyc\x0d\xe4\x0ft\xb3O\
`\x9b\xde\xd5\x1b/W\x85\xa3\x87\x0e\xf1\xde\x9bo:\
\xbdu\x9d:q\x82\xf9s\xe7\x82\x94L\xbf\xc3\x87\x84\
\xb1\x91\x5c\x9a\xd8\x9a-\x0f\x841\xa1\xa3'\xaa\xaa\xf2\
\xee\xcc\x99\x5c\xb9t\xc9\xa1vW}\xf3\x0d\xdf\xaf\x5c\
\x89\x9bF\xf0x\x94\x17\xbf\xed\xeaC\xcf \x1d.\x8a\
\xe0\xc6\xb5k<?y2\x9b\xd75(\xa4\x03)%\
\xf3\xde\x7f\x1f)%\x0f\xb5q\xafW\xaf\xe5\xf7\x9f\xc4\
\x08nT1XU%H\x08\x80\x8f\xabRoL\x84\
\x0d\x91\x9e.|\xdc?\x00\x8d\x10,]\xbc\x98\xe9S\
\xa6PVVV\x7f\xc5*\xf8~\xc5\x0a\xa4\x94<\xd1\
\xc9\x8b\xbf\xc4\xf9\x13\xe5\xa3%H\xaf\xa1_\x88\x1b\x9f\
\x0f\x0ebt[\x0f\x14!\xd8\xbei\x93C\xed\xaeY\
\xbe\x1c\x80Yw\xf9\xb1`P \x1f\xf4\xf1g\xd7C\
\xe1\xa4\xfd\xa6\x0d\xcft\xf1FUUf\xcf\x98Q\xa1\
\xbfr\x06_~\xfe9\xbb\xb7oG\xef\x22\xf8S\x8f\
\xda\xa5t\x1b4\x95w\x11\xa5\xd6\x7f\xb0fW\xf0r\
\xd0\xe7j\x5c{O\xbe\x18\x1a\x84\xdeE\xb0{\xfbv\
>\x9f7\xcf\xa1\xfa\x00W\x13\x13\x01\x18\x12^\xb3\x13\
\xc5\xe4N^\x94\x9b\xcdl\x5c\xbb\xd6\xa9v\xefmU\
Y\x95\xafU\x04s\xfa\x06\xd0\xd1GK~^\x1e\x87\
\xf6\xedsx\xcc\x00kW\xad\xe2\xa3\xf7\xde\x03,\x1e\
9\x9d}\xeb\xe78\xab\xec\xeau\x12D\x038\xe5\xe6\
\xf3h;\x0f\xfe\xd6\xcf\xe2\xeb\xbb\x7f\xcf\x1e\x87\xeb\xdb\
\xe4\x98\xd4\xe2\x9a\x93$h\xad;\xa8Fq\xecc1\
Z}zk\xd6\x11QaZ\xb0\x11\xce\x11\xbc\xf5\xea\
\xab\xccx\xf1E\xccf3\x93\xa3\xbd\x98\xd2\xd9>7\
\xa1\x92\xf2\x8am]\x02\xc6\x9b\xcb\xaa\xbe\x9d\x0bX\x5c\
-\x9dA\x98\x95\x0909\xb1e\x0d\x182\x04\x80/\
\xce\x17\xd6\xe8?k\xcbw\xe5\x17\xe0\x98\x83wH\x98\
\x85\x91\xb9)wI%\x14\x99,\x0c\x84\xcd\x0eo/\
\xb233+\xfc\x86\xff\xd4\xc3\x8f\x8f\x07\x04\xda]\xf7\
\xc6\x7f>\xba\x0c\xaax3\xd6\xb8B\x9c\x0d\xbe)\xb5\
Z\xfdt:\xfb\x0dZ6<\xf0\xc8#D\xb4jE\
b\x81\x89\xfb7\xa5q\xa9\x8aM\xfd\x90\xd5\x99\xdaQ\
\xd6\xd7F\xe8\xc5\xe7\x0b\xa9\xea#QP\xa6\xb2?\xcd\
\xb2\x82:w\xed\xeaP\xbb\x99\x19\x96\x04A\x01n\x1a\
^\xef\xe1\xeb\x90\x851\xad\xa4\xc2\xb6R\xcd\x1eR\x95\
 \x12\xa86p{a\xb4\xda\xc3u\x0e~m`\xb1\
\xa1\xcf\xfb\xd7\xbf\xf0\xf3\xf7\xe7Tv)C\xd6\xdd`\
VB.\x1b\xaf\x16\xf3\xd1\xa9<\x96]\xb4\x1c\xba\xbd\
\xfb\xf7w\xa8\xdd\xdf<\xf3\x0c:\x9d\x8e\x9d\xd7\x0d<\
\xbc%\x8dm\xd7J(6\xa9\x14\x99T\xfep0\x9b\
\xbcR\x956\xed\xdaU8i\xdb\x8b\xcc\xf4t\x00\xda\
x9n\x87\xbf\xc9\x81\xe3j\xd5\xb2\xaa\xade\x02d\
\xd6`\xf1\xb3\x07&+%k\xb2\x1b\xd8\x83.\xb1\xb1\
|\xbba\x03\x7fz\xe1\x05N$$\xf0\xd1\xa9\xbcJ\
\xe5\x0f>\xfa(\xfd\x07\x0fv\xa8\xcdVm\xda\xf0\xc1\
\xa7\x9f\xf2\xfa\x8b/\xb27\xb5\x84\xbd\xa9\x86J\xe5\xae\
\xae\xae\xbc\xf5\xc1\x07(\x0e\x9eM\x97\xad\xecw\x1b'\
B2\x8egY\xb6O)eB\xd5\xb2\xaa\xad\xa5\x00\
e\x85&\xd55\xa5\xa8\xdc\xe1\xf8\x0f\xdb\xca\x12\x0e\xbe\
\xdc\xcd\x88l\xdd\x9a\x7f\x7f\xf7\x1d\xdb6mb\xd7\xb6\
m\xa4$%\xe1\x17\x10\xc0\xf0\x91#\x19=n\x9cS\
\x82\xe7\x88\xfb\xef\xe7\xce\x9e=Y\xfc\xd9g\xec\xde\xb6\
\x8dk\xc9\xc9H)\x89\xee\xd2\x85\xd7\xdf~\x9b\xb8~\
\xfd\x1cn\xd3\xc6\x95\xf5\x0ev|{>\x96Y\xa1\x0d\
>R\xb5\xac&I\xfd\x10\xd0w\xfe\xc0@&ur\
\xcc\xcb}\xe3\xd5b\x1e\xdf\x91A\xcf\xde\xbd\xf9\xea\xbb\
\xef\x1c\x1ehs\xa1\xb4\xb4\x94\xb2\xd2R\xbc\xbc\x1ds\
\x9e\xbe\xb9~\xff\xd8X\x8c\x06\x03\xc7\xc6F\xd2\xd1\x01\
\x0f\xc9l\xa3\x99\x0e\xdf$c\x09i\x97\x01@\xee\xcd\
\xe55)\x177\x03,\xbb\xe4\xb8\xa0\xe4eM0\xd3\
\x10!\xab9\xa0\xd3\xe9\x9c&\x06\xc0\x96\xf5\xeb1\x1a\
\x0ct\xf0\xd6:D\x0c\x80\x1f\xae\x95\xd8r\xd3\x9e\xa0\
\x0a1\xa0f{\xc8r@\x1eH3\xd6\xea=X\x1b\
l\xea\x96k\xc9\xc9\xff\xd5\xda\xdf\xaf\xbf\xf8\x02\x80\xc9\
\xd1\x8e\xc7\xc9lM\xb1\xcaEBl\xa8\xa9\xbc&\x82\
\x9c\x07vJ\xe0\xcb\xf3\x85\x0eu\xd6\xc1[\x8b\x8b\x22\
(.*\xe2\xca\xc5\x8b\x0e\x0e\xf5\x97\x81\xf8\xfd\xfb\xf9\
\xf9\xf4i<\xb5\x8a\xc3\x04)S%;\xae[\x08\xa2\
\xaa\xaa\xdd\x04AJ9\x17\xe0\x8bs\x05\xa4\x96\xd8\xcf\
q\xe94\x828\xab\xe4{4>\xde\xa1\xc16\x17\xca\
\xca\xcaj\xd4&\xdb\x03sy9\xef\xcf\x9a\x05\xc0S\
\x9d\xbd\x1d\xce\x01v \xcdHA\x99\x0a\x90\x0aT\xe3\
\xb0\xa0\xf6p\x84\xcd\xc0^C\xb9d\xce\x8fy\xb5<\
R3F\xb7\xb5\xe8\x8cV|\xf5U\x83\xb7\xad\xfd\xbb\
w3\x7f\xee\x5c\x8a\x0a\x1d[\xa9\xb5a\xef\xce\x9d\x0c\
\xeb\xd5\x8b\xe9O=\xe5T\xfdo\xbe\xfc\x92\x8b\xe7\xce\
\x11\xa2\xd7\xf0r7\xc7M\xd6\xdf]\xb1d\xda\x10B\
\xac\xa7\x964\xe7\xb5\x92XJ\xf9:\xc0\xbf\xcf\x178\
t\x96L\x8a\xf2\xc2\xc7U\xe1\xc2\xb9s,]\xd4\xb0\
\x94\x84\x9f~\xf8!\xff\xf8\xe8#\x1e\x1e>\x9c};\
w:\xdd\x8e\xaa\xaa\xcc\x9f;\x97\xe7'O&/7\
\x17\xad\xd6\xf1\xb8\x91K\xe7\xcf3o\xce\x1c\x00\xde\x8e\
s<C^\xa1Ieub\xb1m<Kj{\xae\
.\xa3G\x8a\x10\xa2\x87\x0a\x9d/\x16\x98\x98\xd0\xd1\xbe\
p\x04\x9dF\xe0\xed\xaa\xb05\xc5\xc0\xa1}\xfb\x88\xea\
\xdc\x99\xf6Q\xd5L\xc7v\xa1sL\x0c\x09\xf1\xf1\x5c\
KNf\xc3\x9a5\x9c\xfd\xe9'B\xc3\xc2\x08\x8b\xa8\
\xe6\xceT+\x92\xae\x5c\xe1\xd5i\xd3\xf8n\xf9r\xa4\
\x94<>y2\xb3\xe6\xccq\xc8A\xcfPR\xc23\
\xbf\xfe5\x19ii\xdc\xdb\xca\x9d?\xc7\xf9;\xec\x8c\
\xbd\xf4b!\xeb\xaf\x96\x00\x9c\x01^\xaf\xed\xb9\xfaF\
uH\x08\xf1LRa\xb9k\xb4\xaf+]\xec\x8c\xd7\
\xeb\x11\xa8#\xdd\xa0r<\xd3\xc8\x8e-[\xf0\x0b\x08\
p\xca\xfc\x1a\x12\x1a\xca\xd8\x89\x131\x97\x97s\xea\xf8\
q\xae\x5c\xba\xc4\x9a\xe5\xcb\xd9\xb7s'\xb999\xb8\
\xb9\xb9\x11\x18\x14TMX\xcc\xcb\xcde\xdb\xa6M\xfc\
\xf3\xd3Oyw\xe6L\xae&&\xa2ww\xe7/\x1f\
~\xc8\xd3\xd3\xa69D\x0c\xb3\xd9\xcc\xab\xd3\xa7\x93\x10\
\x1fO+O\x17\xbe\x1b\x19\x82\xbb\x8b\xe3\x82\xef\x8b\x07\
\xb3I+1#\xa5|\x178\x5c\xdbs\xf6\x10\xfa\x0d\
!\xc4\xec0w\x0dG\xc7F\xdam+1Kx~\
_\x16\xcb.Y\xf6\xff\xd1\xe3\xc61c\xf6l\xbc\xbc\
\x9c\x0b\xa9\xbe\x9a\x98\xc8\x92\x7f\xfe\x93\xb5+WV\xf2\
\xb9\xd5\xe9t\x04\x04\x05\x11\x1c\x12Bqq1\x19i\
i\xe4\xe7U>\xf7\xee\x1e9\x92\x97\xdfx\x836\xed\
\xda9\xd4\xa7\x94\x92\xb7^}\x95\xd5\xcb\x96\xa1wQ\
\xd8p_\xa8C\x91\x006\x1cN7r\xef\xc6T\xb0\
\x98l#\xb0\xdcqR#\xec!\x88N\x08q\x0a\xe8\
\xf4\x5cW\x1f\xde\xeb\xe3o\xf7@$\xf0\xe9\xe9|\xfe\
|,\x97rk\x1c\xf9;\x1f}Do'T\x156\
\xe4dg\xf3\xc3\xc6\x8d\xc4\xef\xdfO\xfc\xfe\xfd\x14\x16\
\x14\xd4\xf8\x5c\xeb\xb6m\x194l\x18\xa3\xc7\x8e%\xb6\
{w\x87\xfb1\x9b\xcd\xbc\xf7\xe6\x9b,[\xb2\x04\xad\
\x22\xf8\xea\xee`\xeek\xed\x5c\xbc\xca#[\xd3\xd8u\
\xdd\x80\x10\xe2_\xaa\xaa>[\xd7\xb3\xf6n\x85C\x84\
\x10\xbb4\x02\xb1kt8\xdd\x02\x1c\xfbJ\x8ed\x18\
\x99\xba7\x8b+\x05&\x84\x10\x8c\x9d8\x91\x97f\xcc\
\xa8H\x12\xe3,\xccf3\x99\x19\x19d\xa6\xa7\x93\x95\
\x99\x89N\xa7#8$\x84\x90\xb0\xb0\x06I\xe2F\xa3\
\x91\xd7\xa6Og\xfb\xe6\xcdh\x84`\xc1\xa0@~e\
\xe7\x19Z\x157\xad\x0e\x93\xd5\xc5\xaaNK\x98\xddg\
\x93-\xa2\xaag\x90\x8e\xed\x0f\x86;l3))\x97\
\xcc<\x9a\xc3\xa2s\x05\xa8\x12\xfc\x03\x02\x98\xfe\xca+\
\x8c\x9d0\xa1\xceL<\xcd\x8d\xa4+Wx\xe5\xf9\xe7\
\xf9\xf9\xf4i\xf4.\x82\x7fZ\xed\xf9\xceb\xf4\x964\
\xf6\xdc0 \x84X\xa0\xaa\xeas\xf5=o\xf7\xe9&\
\xa5< \x84x:\xb5\xc4\xec\x16\xac\xd7\xd4\xeb\x15_\
\x15Z\xc5r/\xc8\xb0p='\xb2\xcb\xb8\x9aS\xc4\
\x9e\xed\xdb\xd9\xb2~=\x81\xc1\xc1\xb4\xeb\xd8\xb1E\xbd\
\xe1\xcdf3+\x97.\xe5\x0fS\xa7r\xe3\xda5\x02\
\xdd4\xac\x1c\x11\xc2\xf0H\xe7\xc3\xea\xb6]+\xe1\xaf\
\x169\xae\xd4zcP\xcd\xfb\xebMp$8\xa3\x08\
\xcb\x9d\x1a\x0f\x1c\xce(\xe5\xf1(/<\x9dH@\x13\
\xe9\xe9\xc2\x93\x9d\xbc\x08r\xd3p2\xbb\x8c\xeb\x19\xd9\
l\xdd\xb0\x81\xad\xeb\xd7\xa3\xd3\xe9\xe8\x18\x1d\xdd\xec1\
#\x87\x0f\x1e\xe4\xc5g\x9fe\xf5\xb2e\x98L&\x86\
\x86\xebY32\x94\xcevr\x955\xc1P.yl\
[:\xf9e*B\x88\x8f\xa5\x94\xab\xec\xa9\xe7\xe8'\
\xa9\x08!\x0e\x02}l\x9e&\x0dA\xb1I\xe5\xd3\x9f\
\xf2\xf9\xec\xe7\x82\x8a[n\xfc\xfc\xfd\x19=v,c\
&L\xa0ctt\x83\xda\xaf\x0b\xaa\xaa\xb2\xeb\x87\x1f\
X\xfc\xd9g\x9cH\xb0h1|\x5c\x15f\xf4\xf0\xe5\
\xd9\x18\x9f\x06\xe7s\xf9\xf3\xb1\x5c\xfev2\x0f\xe0\xaa\
\x94\xb2+v&\xc4t\xa6\xdbnB\x88\x04\xc0\xe5\x8b\
\xa1A\x8ck\x84\xf8\xf5b\x93\xca\x92\x0b\x85\xcc?S\
\xc0\xb5\x9bb\xf9\xa2:wf\xf8\xc8\x91\x0c\x1d1\x82\
\x98\xd8\xd8\x06\x9f5f\xb3\x993\xa7N\xb1e\xdd:\
\xb6\xac__\x11*\xed\xa6\x11<\x19\xed\xcd\xab\xdd}\
\xecv\x10\xac\x0bgr\xcb\x18\xb2\xf6\x86-\x06\xe4A\
`\xa3\xbdu\x9d\xfd\x0ef\x09!\xde\xf2vU8\xf0\
H\x84]\x11\xa8\xf6\xc0,a\xe7\xf5\x12\xbe\xbaP\xc4\
\xe6\xe4\x92J\x99\x1b<<=\xe9\x11\x17G\xec\x9dw\
VH\xff\xc1!!\x95\x12\x06\xdc\x0c\xa3\xd1Hzj\
*\x97/\x5c\xe0\xca\xa5K\xfcx\xec\x18\x09\xf1\xf1\x95\
\xd8\xe4 \xbd\x86IQ^L\x8d\xf1&\xcc\xbdq\xb6\
\xc9b\x93\xca\xdd\xebS9\x97W\x86\x10b\x85\xaa\xaa\
\xbfr\xa4\xbe\xb3\x04\xd1\x08!v\x03\x03\xfb\x86\xb8\xb1\
\xf1\xbe\xd0FO-^P\xa6\xf2CJ\x09\x1b\x92K\
\xd8}\xc3P\xf5\xe2\xae\x0ah\xb5Z\xfc\x03\x02p\xb5\
z\xba\x98L&\xf2rs+\xfc\xb1\xaa\xc2K\xab0\
\xaa\xb5;\x0f\xb7ugd+\xf7F\xcfO\xff\xd4\xee\
LV])\x02\xb8&\xa5\xec\x85\x83\xf7W5d4\
m\x84\x10?\x02\xbe\x7f\xec\xe6\xcb\x9bM\x94\x5c\x00,\
\xb6\xfa\xb3ye\x1cL3r&\xd7\xc4\xcf\xb9e\x5c\
\xcc3\x91SZ\xb7i@\xaf\x11t\xf0\xd1\xd2\xd9\xcf\
\x95\xee\xfe\xae\xf4\x0bu\xa3{@\xfd\x91a\xce\xe2\xb3\
3\xf9\xbcv8\x07\xa0LJ9\x04p\xd8\x06\xd1\xd0\
\x91=&\x84X!\x80\xcf\x07\x079-<9\x0b\xa3\
Y\x92e0\x93S\xaa\xa2J\x89I\x05\xad\x02\x1eZ\
\x85`\xbd\x06\x9ff\xbc\xb3dKr\x09\xbf\xde\x99a\
K\x9d\xf1<\xf0\x0fg\xdai\xf0\xa7\xa2(\xca\xbbR\
\xca\xd7]5\x82o\x87\x870<\xf2\xd6\xbb\xe4\xab\xa9\
\xb1\xfb\x86\x81\xf1\xdb\xd2)5K\x84\x10\x8bUU\x9d\
\xe2l[\x0d>\xc9\xa4\x94\xbb\x14E\xe9bVe\xd7\
uW\x8b\x89\x0b\xd2\xd1\xd6\xeb\xd6\xc8S\xd5\x1c\x88O\
7\xf2\xd8\xb6t\x9b\x93\xe0j)\xe5\x934\xe0\x1a\xd7\
\xc6`-\xa4\x94r\xad\x10\xa2{\xb9J\xf4\xea\xc4b\
\xa2|\xb4v\xab\xea\x7f\xc9\xd8\x9c\x5c\xc2\xa4\x9d\x19\x14\
[\x5ch7Z\xa5q\xc7<C\xaa\xa0\xb1Db\x15\
\xf8N\x08\xd1\xc5,\x89Yw\xb5\x18\x15A\xffP\xb7\
[.afca\xde\xe9<\xa6\x1f\xc8\xb2\xa5\x93\xda\
\x22\xa5\x1cK#\x5c\x0e\xd6\x98:\x0a3\xb0JQ\x14\
_)\xe9{ \xcd\xc8\xbe4#=\x03u\xcd\x96$\
\xac9PlR\xf9\xfd\xc1l>9\x9d\x8f\x04\x84\x10\
\xf3\xad\xdb\x94\xe3.\xff5\xa0\xa9\xbe\xdf1B\x88/\
\x00_E\xc0\xf8\x0e\x9e\xcc\x8e\xf3'\xf8\x17N\x98\x1d\
\xd7\x0c\xfc\xfe`\x96-3P\xb9\x94\xf2\x8f\xc0'\x8d\
\xd9GS\xcd\xd0Y`\xb9\xa2(\xe1R\x12\xf3SN\
\x99\xf8\xf2|!Y\xa5*m<]\xf0o\x04\xf5D\
s\x22\xc3`\xe6\xe5\xf8\x1c\xde8\x9acs\xe3\xb9l\
\xdd\xa2V4v_\xcd\xb1\xc3\x0f\x14B\xfc\x0d\x88\xb3\
u84B\xcf\xa4\x8e\x9e\x8cj\xed\xee\x94\xc6\xb8\xb9\
\x90Zb\xe6\x93\xd3\xf9,>_`\xcbxg\x16B\
\xccSUu&\x8dpE^Mh\xce\xcb\x89G\x08\
!\x9e\x03\x1e\xc4\xba2u\x1a\xc1\xb0\x08}\xc5\xdd\xe9\
!\xb7\xc8\x96v6\xb7\x8c\x85\xe7\x0a\xf9\xeaB\xe1\xcd\
\xd7y\x1f\x94R\xfe\x81\x1a<\xd6\x1b\x13-\xc1\x03\xb5\
Q\x14\xe5))\xe58\xac\x89nl\x03\xb9#@\xc7\
\x88H=wG\xe8\xe9\x1d\xack\xd6{\x10\x8df\xc9\
\xf7\x89\xc5|y\xbe\xb0\xe2\xa6\x05+\xf6I)\xdf\x06\
\xb67\xc78Z\x9a)\xed\x0a\x8c\x15B<\x08\xf4\xe2\
&\xc7=w\x17\xc1\x80P=C\xc2\xdc\x18\x1a\xa1\xaf\
\x96\xb3\xb11`\x96\xb0?\xd5\xc0\xea\xc4b\xd6&\x15\
\x93\xf7\x1f\x05\xa6\x09X'\xa5\xfc\x14p<\x82\xb5\x01\
hi\x82\xdc\x8c `\x84\xa2(\xa3\xa4\x94#\x80J\
wL\x04\xbai\xb8+XG\xaf@W\xe2\x82\xdd\xb8\
+H\xe7p\xf86XVB|\xba\x91-)\x06\xd6\
$\x16U\xbd&/QJ\xb9\x10\xcb-\xd0\xd5\xf3\xca\
6\x03n%\x82\xdc\x0c\x81%u\xd1=B\x88{\x80\
\xc1Xc\xe8mP\x84%\x89K\xb4\xaf+\x1d\xbc\xb5\
Dzh\x08u\xd7\x10\xe8\xa6\xa9HzPj\x96d\
\x97\xaad\x18\xcc\x9c\xcb3q:\xbb\x94c\x99\xa5\x18\
\xcc\x95\xdcj\xb3\x85\x10\xabTU\xfd\x16\xcb\xdd\x83-\
\x1aGq\xab\x12\xa4*\x5c\x80\xee\xc0\x00!\xc4@\xa0\
?\xd6$9N\xe2\xba\x10\xe2\x07UUW\x01\xdbh\
\xa0\xba\xa31\xf1K!HM\xf0\xc7\x92l-FQ\
\x94\x18 \x5cJ\xe9\x07\xf8\x02~X\x88X\x00\xe4\x01\
\xb9B\x88\x8b\xaa\xaa\x9e\xc4\x12\x06p\xb6\x85\xc6|\x1b\
\xb7q\x1b\xb7q\x1b\xb7q\x1b\xff_\xf0\x7f8\xafm\
!Y\x81\x11}\x00\x00\x00\x00IEND\xaeB`\
\x82\
\x00\x00\x08\x5c\
\x89\
PNG\x0d\x0a\x1a\x0a\x00\x00\x00\x0dIHDR\x00\
\x00\x00d\x00\x00\x00d\x08\x06\x00\x00\x00p\xe2\x95T\
\x00\x00\x00\x06bKGD\x00\xff\x00\xff\x00\xff\xa0\xbd\
\xa7\x93\x00\x00\x08\x11IDATx\x9c\xed\x9dml\
\x14\xc7\x19\xc7\x7f\xb3{{\xbe3\x84\x00) \xc06\
\xaf\x06\x0a\x0e\xc1\xb6\x88mBS#\xd2\xd4\xbc$\xb4\
(\xa8TH)\x11\x09m\x22\xd1J\xfd\xd0\xaa\xfd\x12\
\xab\xdfJ?!E\xad\xda`^J+\x1a(\x82\x84\
\x92@i\x12\x10\x01\xdb\xa0\xf8\x22\x08\x11\x01\x02\x01\x9f\
\x0b\xa1\x10\xd7\xd4p{w\xbb;\xfd`\x8e\xdc\x9e\xc9\
\x8b\xef\xf6|{\xed\xfc\xbe\xf9\x99\x99\xe7yf\xff\xbb\
\xb3;\xbb7cP(\x14\x0a\x85B\xa1P(\x14\x0a\
\x85B\xa1P(\x14\x8a,\x10\xf9p\x1a\xae_\xf3s\
\x09\xcf\x03\xc3\xf2\xe1\xdf\x07\xdc\x14\xf0\xdbX[\xcbz\
\xaf\x1d{.Hp\xde\x9a*\xcd\xe1\x94\xd7~\xfd\x88\
ckU\x89\x13/\x9f\xf6\xd2\xa7\xe6\xa53\x00!\xb5\
\x89^\xfb\xf4+\x22\xc0$\xaf}z.\x88\x227\x02\
\xf9\x0e`7\xcd\x22\xf9\x93\x85\xf9\x0e3(\x18\x1b\xde\
D\xdf\xef\xe9\x08\xd5\x0fu\x85\xf8\x0c%\x88\xcfP\x82\
\xf8\x8c\xbc\xdfC\xb4\x13\x97\x08\xferO\xbe\xc3\x0c\x0a\
\xe2\xf2\xa7y\x8f\x91wA\xc4\x8d^\xc4\x8d\xde|\x87\
\xf9\x9f\xc1\xfby\x88-{\xbc\xf6\xe9W\xf2\xd1W\xcf\
\x051K\xcbZA\xfc\xc3k\xbf>\xe4`__\xbd\
%/\xef\xb2\xa0Y+y\xe4r\xa5niC\xf3\xe3\
\xbf\xb0\xd8\x01\xa77~\xb4\xe2\x1c4;\x85\xceE\xa1\
P(\x14\x0a\x85B\xa1(B\xf24\x0f\xc9#\xb5k\
\x8d\xb0\xe1<!%_\xfb\xa2jBp=\x96\xd4\xf6\
\xf2\xee\x1f\x92\x83\x95\x9a\x17\xe4\xfd]\x96\xd7\x84\x83\xf6\
N)Y\xf6e\xa7\x92\x04J\x02\xf6\x9e8|wP\
\x12\xf3\x88\xe2\xbaB\x1aW\x87B\xa6~\x8b\xaf\xfe\xca\
\xc71C\xf6\x10\x0em1\xf3\x99\x96\x97\x14\xd7\xf7\x90\
X2\xc8\xc0r\xd6\xee\xb4)\x1a\x8an\xc8JG\x86\
J\xb1g\xcfu\xd9\xf4\x93'\x10\xe6\xed\x02e\x94;\
E-\x08\xa5\xa5X\x8f6\xb9L\xfa\xf9\xd3P\xc4\x82\
\x14\xd7\x90\xf5\x7f\x80\x12\xc4g(A|\x86\x12\xc4g\
(A|\x86\x12\xc4g(A|\x86\x12\xc4g(A\
|\x86\x12\xc4g(A|\x86\x12\xc4g(A|\x86\
\x12\xc4g(A|\x86\x12\xc4g(A|\x86\x12\xc4\
g(A|\x86\x12\xc4g\xf8\xebG\x0e\x8d\xab\x87\x87\
\xe3\xdasR\x8akf\xa8\xfc\xcf\x1cj\xb6\xf2\x13\xa7\
9\x102;W\x09!G\x07\xf5\x92\x8d=\xef\xfc\xae\
;/q\xb2\xc07W\xc8\xd0o<3*dj\xad\
R\x8a\xf5\xc0\x96\x90\xd9\xf9\x1a\xb5kK=\x0fT\xbb\
\xb64dv\xbe\x06l\x91R\xac\x8f'\x13\xadC\xe7\
\xfdh\xb4\xe7q\xb2\xc4\x1f\x82\xd4\xad\x1af%\xb57\
@\xccH\xb3.\x0a\x19\xf6\xdb\xf7=\xfc\xf4\x03\x9e\xc5\
i\x5c=<d\xd8\x07\x80Ewm\x82\xe9\xb6\x93<\
x\xff\xfc\xe7Gx\x16'\x07\x0a/H\xc3\x8ap\x88\
\xd0^\xa0\xf6\x1e\xa5\x0f'u\xe3p\xb8\xe1\xe9\xf1\xb9\
\x86\x19R\xf7\xec\x98\x92\x98\xfe60?\xb3L\xc2\xec\
\xb8\x95x\x9d\xc6\x17\x0a\xbeH\xb5\xb0\x82\xd4\xae5\xc2\
\x0c\xdb\x89\xe0\xd1\xcf\xad#\x99%\xa5q\xa4\xa4a\xcd\
\xd4l\xc3\x84\xeaWO\xb4\x85<\x22\x04s\xbe\xa0Z\
}\xc8L\xecf\xd1\xba\x92l\xe3xA\x01\x05i\xd6\
B\x01k\xab\x94,I\xb7\xda\xd3\xab\xb0g<\x94Y\
y\x92\x90\x1c\x0ek\xa5U\x03\x8d\xd2\xd7F?\x0aT\
\xba\xe2\xccx\x08{\xda\x83\x19\xb5\xe5c\xa1\xee\xdb\xdb\
X\xb1B\x1fh\x1c\xaf(\xd8SV\xb8\xbe\xf3%\x89\
\xf8~\xba\xcd\x99XIr\xf1\xf7@\xd3!\x14B\x7f\
\xaf=\xbdx\x9c\x94\xce\xfe\x81\xc6\xb9\xd3\xe6\xbet\x9b\
=\xa7\x8e\xe4\xc2e\xe0\xd8\x88d\x1c\xed\xe2\xd9\xf4\xe2\
\x15\xa1\xcea=&\xac\xa5oU\xc3\xa0R\x903\xa1\
\xa4n\xcd\x0b\x08^L\xb79\xe3*H,_\x0d\x01\
\x03\x84\xc0\x99<\x03\xa4D\x8b^t5u9\x0a\x97\
bW\xcfs\x99\x02\x91VD\xec\xf6\xe7\xb6\xb1\xea\x17\
`5.\x01!@\xd3\xb0+\xab\xd0\xa2\x17\x11\xff\xf9\
wz\xb5\x1a}|M\xb7\xdd\x15q\x9d\x11\x83AA\
\x86,!X\x9ai\xb0\x1a\x97\x82\xe1^9`=\xf2\
-\xac\x05w\x0e\x9e\x07A\xad\x05K\xb0\xe6?\xee\xb6\
\x1b\xc6=c\x08\xe1\x1eJ\x07\x8b\x02\x09\x22\xff\xee2\
H\x89\xb1{+\xda']\xfd\xeaZ\xb5\xf3I6=\
\x05Z\x0e\xa9j\x1a\xc9\xa6\xa7\xb0j\xfb=`!\xae\
]\xc1\xd8\xbd\x15\xa4{t\x12R\x1c\xc8>`\xf6\x14\
d\xc8\xb2\xa2\x91v\xbd\xbcf\x88\x80\xbb\xe3\x8d\xb0\x92\
\xe8gN\xe2\x8c\xaf@\x0esO\x09\xe4\xe8\xb18\xa3\
\xc6\xa1\x9f;\x0d2m{\x91\xd0\x10\xec\x9a\x06W\xdd\
@G\x9b{}\x88\x1e \xf1\xe4*\x9c\x19\xb3\xfb\xe5\
\xa1u]\x22\xf8\xd7M\x99C\x1cB\xb0!\xd6\xd6\xd2\
\x9cK\x1f\xb3\xa5`O\x13v4r0P^\x93\x00\
>\xdb!\xd3\xb6\xd0\xcf\x9c\xc2\x19=\x169\xc2\xbd\xa6\
S\x8e\x1c\x853~B\x9f(\xb6\x0d\x803a2\xce\
t\xf7\x81\xd6\xa2\x17\xd0n\x5c\xeb\xfb#XBb\xf9\
\x0fp&M\xeb\x17_\xbbx\x96\xe0\xee\xad\x88D\xdc\
] x\xd1lm\xf9E\xee=\xcc\x8e\x82\x09\x02`\
E#\xef\xe8e\xd5\x9f\x08\xc4bR\xeb\x1d\x1d\x07\xfd\
\xc3\xf7\x91\xc3G G\x8du\xd5\x97\xf7\x8f\xc4\x9e<\
\x03a\xc6\x90e\x13\xfan\xce\x19\xf7\x1dY1\x05\x91\
0\x91\xc3\x1f \xb9x\x05rlE\xbf\xb8\xfa\x99\x93\
\x04\xff\xb6\x1d,\xd7\xab2G\x0a~\x1com\xf9\x8d\
\xc7\xdd\x1c\x10\xbeX\xf4\x19\xae[\xb3R\x0a\xfe\x08\x18\
w\x8dB`5.\xbe\xe7\xb8\x9f\x0b\xfa\xe9\x0e\x8c\x03\
\xbb\xc0q\xed\xacd#\xc5sf\xfb\xc6\xcd\x9e\x06\xcb\
\x82\x82^!)\xac\xae\xc8\xfb\x81\xf2\x9ac\xc0r\xe0\
\xee)\xaf}|\x0e,\x0bgB\xd6\x93t\x17\x81\xe3\
\x871\xde\xda\x9by\x03\x8f\x0b\xc4J\xb3}\xe3vO\
\x82\xe4\x88/\x04\x01\xb0\xa2\x91\x8bF\xd9\x9c\xb7@,\
\x07\xc2)\xbb\xd6u\x09\x11\xbb\xddw\x1f\xc8\xf6\xf1W\
J\x02G\xf6\x138\xf6ffI/\xc8ef[\xcb\
\xbe\xac\x13\xf7\x18\xdf\x08\x02`E\xdf\xeb\xd2*j^\
\x17\x92\xef\x906\xbb\xd6\xaeF\x11=7p\xa6\xcc\x1c\
\xb8(\xd2\xc18\xf8*\x81\x8ec\x99%\x9f\x0a\x9co\
\x9bm\x9b\x8f\xe4\x9c\xb8\x87\xf8J\x10\x00\xbb3r-\
0\xb6z\x0f\x9aX\x0a\x8cL\xd9\xb5\x7f]E\xbbv\
\x05{\xda\xac\xaf>'\xb1-\x8c};\xd0?\xe8p\
\xdb\x05W\x1c\x8d\x85\xf1\xd6M\x11\x0fS\xf7\x04\xdf\x09\
\x02`\xfd3\xd2\x1d\x1c3w':\x8f\x03cRv\
\xd1}\x1d\xad\xebR\x9f(\xfa\x97\xbc\x86K&\x09\xbe\
\xfa'\xf4\xf3\x1f\xb8\xed\x82\x0bXrA\xbc}\xd3\x87\
yH=g|)\x08@\xf2\xca\xbb\xbd\xa5\xe5\xd5\xaf\
\xd8\xf0M\xa0,e\x177\xbb\xd1.}\x84SY\x05\
\x86q\xef\xc6\xf1\x18\xc1]\x9b\xd1._p\x99%\xa2\
\xc3\xd0\x8c\x05\xb7\xdb_\x8e\xe63\xf7\x5c\xf0\xad \x00\
\xf1h$fMmx%`\xd9s\x81))\xbb\xe8\
\xbd\x89~\xe1\x0c\xce\xd4\x99P\x12r\xb5\x11\xb7z)\
\xd9\xd9\x82v5\xe3\x98\x0b\x8e\xc4\x93zS\xe2\xf8\xef\
\xf3\xbf=u\x0e\xf8Z\x10\x00>>\x91\xb0\x1e\x9c\xbf\
C7\x933\x05|=e\x16\xb1[\xe8\xe7O\xe3L\
\x9e\x0e\xe1\xbeO\xef\xa2\xa7\x9b\xe0\x8e\x8d\x88\xd4L=\
UW\xb0\xcf\xe4\xe6\x93\x1c\xdf\xe6\xfb-\xb6\xfd/\x08\
\xc0\xf9\xe3\xb6\xdd0uW\xa0\xa7\xa4\x0cAu\xca,\
\xe2&\xfa\xd9S\xc8\x89\x95`\xc6\xfa\xc4\xe8\xc9\xf8\x01\
\x89\x94\xdb\xcdd`%\xc7\xb7\xc53\xdd\xfa\x11_\xcc\
\xd4\x07\x80\x08\xd7?\xbbA\x22\xd7\xa5\x1beI\x18\x84\
\xe8\xb7\xe9L\xdf?\xee*_WL\x1b\x1e\x17\xc7\x15\
\x92\x86\x15\xedx\xc3(\xab1\x81\xc7R6a[\x08\
\xab\xdf\xc6q\xbf6\xdbZ~\x0a\x87\x06\xfd\xab_.\
\x14\x9d \x00V4rT\x1f_{]\x08\x9a\xe8\x7f\
\x95K!\xf9\x99\xd9\xde\xf2\xabB\xe4\x96+E)\x08\
\x80\xdd\xd5q\x22PV\xfd\x11\x88'\xf8\xac\x1f6\xf0\
C\xb3\xbd\xe5\xa5\x02\xa6\x96\x13E+\x08\x80\x15\x8d\x9c\
\xd2\xc7\xd5t\x08A\x1d\xd0-\xe1\x99x[\xcb_\x0a\
\x9d\x97B\xa1P(\x14\x0a\x85B\xa1P(\x14\x0a\x85\
B\xa1P\x0c:\xff\x05L\xa2\x80\x83\x8f-Yq\x00\
\x00\x00\x00IEND\xaeB`\x82\
\x00\x00\x1cD\
\x89\
PNG\x0d\x0a\x1a\x0a\x00\x00\x00\x0dIHDR\x00\
\x00\x00d\x00\x00\x00d\x08\x06\x00\x00\x00p\xe2\x95T\
\x00\x00\x00\x06bKGD\x00\xff\x00\xff\x00\xff\xa0\xbd\
\xa7\x93\x00\x00\x1b\xf9IDATx\x9c\xed]yt\
\x14\xc7\x99\xffUu\xcf\xa5[\xa0\xfb\x00!\x09\x04\x08\
!$\x0e!\x82\x1d\x13g\xc1\xd8\x06\xd6\xc6\xc6\x0e>\
c\x01>\xb0\x9dl\xcc\xe6\xed\xc6\x1b;\x9b\x17\xaf\x93\
l\xe2\x97\xd8q6f\x01\x13_l\x0c\x8e\x93p\xfa\
H\xc0\x1cF\x02\x84@B\x08\x84\x04\x08t\xa2[3\
\xa3\xb9\xba\xab\xf6\x8f\xd6\xf4\xcc\xa0\x99\xd1H\x9a\x81\xec\
Z\xbf\xf7\xe6\xbd\xe9\xee:\xbe\xee\xaf\xab\xea;\xab\x81\
1\x8ca\x0cc\x18\xc3\x18\xc60\x861\x8ca\x0cc\
\xb8\xb1 7\x9b\x00\xaf(\xbe\xdf\xa0c\xe1i\x14\xe2\
x\xc6\xf9x* \xccy\x89\x81\xf6Q&\x9b\x19\x17\
\xae\xd9\x84\x9e\xab8\xba\xddr3I\x0d6n:C\
\x0c\xc5\x8f\xa6\x82\x8b_c\xc0<\x02R\x08`2\x80\
\xb4a4\xd1\x0e\xc2\xab\x08H\x15g('\x8c\x1d\xb0\
\x1c\x7f\xfbj\x88\xc8\x0d9n\x06C\x88\xa1xm1\
\xe3\xf2\xbd\x84\x90;\xc0\x91\x1b\xfc\x1ep\x91p\xbe\x8b\
\x83~lM\xef=\x84\xed\xdb\xe5\xa0\xf7\x11\x22\xdc0\
\x86\x18\x8a\xd6\xa4q\xc2\x9f\x04\xf00\x80\x8c\xa1\xca\x8b\
\x94#>\x8a!.J\x86(p\x00\x80,\x03F\xab\
\x80\xde~\x0a\xb3\x95\xc0&\x05@>A\x0b\x18\xb6r\
A\xd8l\xfbrc\xfd(o#\xe4\x089C\xc2\x8a\
\xd6\xcc\x96\x09\xffW\x02\xac\x00 z+\x93\x95\xe8\xc0\
\xfc\xc96\xcc\xce\xb4!'\xc5\x8e\x9c\x14;\x92\xa2e\
P\xea\xbf\xed\xab\x9d\x22\xce7kp\xaeY\x83sM\
:\x1c:\xa7\xc7\x85\x16\x8d\xaf\xe2\x9c\x00;\xc1\xc9\xab\
\x96\xb2M\xa5\xa3\xba\xa9\x10\x22d\x0c\xd1\x16?\x9e'\
p\xe1'\x1cXv}?\x1a\x81\xe3\xf6<\x0b\x96\x16\
\x98\xb14\xdf\x82\xb4\xf1R\xd0\xfam\xe8\x10\xf1ye\
\x18>\xab\x0a\xc3'\xa7\x0c\xbeF\xd1g\x8c\x93\x0d\xf6\
\xb2M\x95A\xeb8H\x08:C\xa2\x17>\x1dk\x97\
\xec?\xe6\xc0S\xb8nDLNv`\xed\xed\xbdx\
\xa0\xd8\x8c\xf8\xa8\xd0O\xeb\x9dF\x01\xef\x1d\x8a\xc4\xdb\
\xfb#Q\xdb:h\xe4\xc8\xe0\xd8$\x0a\x9a\x97L_\
\xfe\xeeZ\xc8\x89\x09\x10Ae\x88\xb6h\xcd\x0aJ\xf8\
[\x00\x12\xdd\xcf\x17e\xdb\xb0ay7\x96\xe6\xf7\x0f\
9\x0d\x85\x02\x9c\x03\xab_O\xc4\x9fO\x84{\xbb\xdc\
M\x08Yo9\xbai\xdb\x8d\xa6\xcb\x1b\x82\xc3\x90\xd9\
\xeb\xa2\xf5\x1a\xf9\xd7\x00\x1es?\x1d\x17)\xe3\xb7k\
\xdaqwa\x7fP\xba\x19)\x9a\xbaD\xe4mH\x87\
\xd5\xa1\xdc.\x0f\x0b\x07\xe97__\xec\x03\xab^^\
\x8f\x03[{n8\x81n\x18\xf5\xfb\xaa\x9d\xbff\x9a\
^\x94\xcbp\x1d3\x00\xa0\xd3$\xa0\xdf~\x13\x86\xc4\
u\xf8\xf9\x9fc]\xcc\x88\x88\x86m\xed\xf7!-\xba\
\x0b\xd0\xea\xdd\x8b\xad\xd6[\x85S\x9ayO\xe4\xdf\x14\
\x22\x07 \x8c\xa6\xb2n\xfe\x13\xcb)\xb0\x07\x04\xa9\xce\
s,5\x03\x10(\x88UQ\xa0\xf7T\x84c\xfed\
+2\x12\x82\xb7p\x0f\x07\x0d\x1d\x22\x9e\xda\x94\x00\x99\
)\xc7\xd2\xadK\xc1S'\x82\xa5L\x80\x9c[\x08\xda\
\xd1\x06\xd2\xd3\xe5,\x1eC\x09yXH+<#7\
V\xd4\xde\x0czG\xcc\x10\xfd\xfc\x925\x04\xe4]\x00\
\x06\x00\x00\xa1\x90\x8a\x17\xc1q\xc7}`Y\xd3 \xd4\
\x9c\x06\x91\x1c\x90\x19\xb0\xebd8\x96\xe4\xf7#1\xfa\
\xc6\xeag\x9c\x03\xff\xf4\xfb8T^\xd1*\xc7\xd1\xb1\
p\xdc\xb1\x12\xeaB\xa6\xd5A\x9e6\x0b\xd0jA\xaf\
^R*\x00Z\x02\xac\x12R\x0b{\xe5\xa6\x8a\xb2\x1b\
J0F\xc8\x10CQ\xc9\x06\x10\xbc\x0e\xe7\x94\xa7\xd5\
\xc1\xbe\xfc!\xc8\xf9E\x00!\x80>\x0c|\xc2$\x08\
5\xa7\x01&\xc3\xe6 \xd8S\x11\x8e{\xe6\x99\x11\x1d\
\xc6\x82I\xbfOt\x1a\x05<\xf6f\x22>>\xeeZ\
\xc8\xa5Ew\x81']g\x95!\x04,u\x22\xd8\x84\
,\xd0\xfa\xb3 \x92\x03\x00(!\xb8C\x93Zh\x96\
\x9a*\xbe\xbc!\x04\x0f`\xd8\x0c\xd1\x15\x95|\x07\x04\
\xafa@ \xe0\x91\xd1\xb0\xafZ\x03\x9e\xe6\xa9|\xf3\
\x88h\xb0\xf8d\x08\xb5U\x00\xe70Z)\xfeZ\x15\
\x86\x07\x8a\xcd\xd0kyp\xa8\xf7\x81\xfd\xd5\x06,\xfb\
Y2N^\xd6\xa9\xe7Xj\x06\xa4o\xdc\xad\xbc0\
^\xc0\xa3b\xc0\xa6\xcc\x80p\xa9\x16\xc4: \x84\x10\
,\xd6\xa4\x15\x18\xa5\xc6\x8a\xa3!%\xd8\x0d\xc3b\x88\
\xbeh\xcd\xc3\x84\xe0-8\x99\x11\x1d\x0b\xfb\x03\xeb\xc0\
\xc7\xc5{-\xcf\xc7\xc5\x81GDA\xa8\xaf\x01\x00t\
\x18\x05\x94^\xd0cU\xb1\x09\xe2\xa8V/\xef`\x0c\
xy\xfb8<\xbf5\x1eF\x8bK\x98`\x99Sa\
_\xf1\x10 \xfa\xd4\xe2\x15\xe8\xc3\xc0\xa6\xcd\x82p\xb9\
\x16\xa4\xdf4p\x92,\x11\xd3\x0a\x9b\xa4\xc6\x8a\x93\xc1\
\xa7x0\x02~,\xfa\xf9kn\x03\xe1;\x9cux\
t,\xec\x0f\xae\x03\x8f\x8a\xf5[\x8f'\xa6\x02 \xa0\
W/\x02P\xcc\x1d\xb5-\x1a\xdc3\xd7\xec\xebe\x1d\
1\x9e\xdf\x1a\x877?\x89\x1eX\x0a\x00\x08\x22\x1c\x8b\
\xee\x82\xb4\xe8\xee\xa1\x99\xe1\x84F\x036%\x0f\xc2\xc5\
\xf3 \x16U4^*\xa6\xcf:(5\x9ej\x08.\
\xc5\x83\x11\x10C\x0cs\xbf\x9d\x0e\x8a\xcf\x00\x12\x05\x00\
\xdc\x10\x06\xfb\x03k\xc1\xa3\xc7\x07\xd4\x09K\xcf\x041\
\xf6\x81^k\x06\x00\x9ck\xd2\xa2\xb7\x9fbq~\xf0\
\x5c\x19\xa7.k\xf1\xec\x16\xd7H\xe5\xe3\x13`_\xf9\
m\xb0\xec\xe9>\xa7)\x9f\xd0h\xc1&\xe7B\xb8p\
\x06\xc4f\x05\x00\x01 w\x8b)\xb3wHM'C\
\xaa\xa7\x0c\xcd\x90\xd9\xeb4\xa2\x88}\x00\x99\xa2\xd4\x10\
\xe0\xb8\xbf\x04<>eX\x1d\xb1\xcc\x1c\xd0k\xcd \
\xdd\x1d\x00\x80\xe3\xf5z\xf4\x98)\xe6M\xb6A\xaf\x19\
\xfd\x9a\xf2\xde\xa1H\xec\xafV\x04>\x96\x98\x0a\xfb\xea\
g\x80\xa8\xe8\x917\xa8\xd5\x81M\xcc\x82x\xf6\x94b\
f\x06\xc28!\xb7\xc8\x89s\xdeFKy\xc8$\x93\
!\x19\xa2\x9fX\xf0\x12\x80\x87\x9c\xc7\x8eo\xfe\xa3\xf2\
\xd6\x0d\x17\x84@\xce\x9e\x0e\xdaP\x0fb\xea\x03\xa00\
\xe57\xfb\xa2\xf1\xb73a \x04\x98\x91n\x1f\xf14\
v\xe8\x9c\x01_\x9cU\x18\xc2\xa3c\xc0\xb2sA\xec\
6\x90~3H_\x0f\xa8\xa9\x0f\xa4\xf3\x1aHw\x07\
Hw\xbbR\xc9\x10\xe6\xa7E\x00a\x11`\xe3\x13 \
\x9c\xafRn\x01H\x16E\x06\xa9\xb1b\xff\xc8\xa8\x1c\
\x1a~o?\xac\xb8\xa4\x80q\x94\x01\xd0\x00\x80<\xbd\
\x10\x8e;\xef\x1f]\x87\x1634\x1fn\x06mo\x19\
tmQ\xae\x05\xdb\xbe\xd3\x8a(\xc3\xf0GLY\x9d\
\x0e\x8b\xfe=u\xe8\x82n`\x13\xb2\xe0\xb8\xf3~\xf0\
\x08\xff#I\xdc\xbf\x1bb\xf9a\xe7\xa1D)]\xd0\
\xff\xe5\x7f\x1f\x1f6\x91\x01\xc0\xcf\x08\xf9\x11\xa5i\xc6\
]d\xc0\x9d\xca\xa3b`\xbf\xf7Q@\xf0\xea\xd2\x08\
\x1c\x1a-\xe4\xdcB\x00P\xdeXE\xee\x07\x00\x5cn\
W\xfc\x1a\xf7\x17\x9b|\xd5\xf6\x89\xb4q2.\xb4h\
P\xdd\xa8\x0d\xb8\x0e\xe9\xed\x86Pw\x16r\xde<@\
\xf0\xfd(\xd8\x84L\x08u\xd5N\xfb\x17\xe5\x9c\x17K\
\xc5\xd9\x1bq\xf6l\xd0\xe5w\x9fT\xe8\x8b\xb2\x1f'\
\x84?\xe5<v,[\x0d>>\xd1W\xf1a\xf6*\
\x80M\xcc\x82<\xf7\x16\xb0IS\x01\x8b\x19\xb4K\x99\
Fj[4\x98?\xc5\x8a\xcc\x11\x98Z\xee\x9e\xd3\x0f\
Q\x00.\xb4ha\xb2\xba\xc4\xde\x98p\x19\x91\x06\x8e\
\xc4h\x86\x94X\x09\xb1a\x0c\x9d&\xe5\xd6\x89\xd5\xa2\
HVi\x93|7L)x\xf2\x04\x08U'\x00p\
\x00H\x10\x8c\xbaf\xb9\xb1\xa2|\xd8D\x0e\x01\xefS\
\xd6m\xcfD\xe8\xad\xb6\xf3\x00R\x00@\x9e\x92\x07\xc7\
\xf2\xd5\xc1\xee\xdb\x05\xce\xa1\xfdp\x93*\x1a?z\xab\
\x11\xbf[\xdb>\xaa&\xfbm\x04\x1aQq\x86y\xc3\
K\x1f\x8e\xc3/v\xc6(\xdd'$\xc3\xf6\xe8\xf3C\
\xb6\xa9\xf9\xecc\x08\xa7\x8f9\x0f\xdb\xac\x02\x9f\x8c#\
[\x8c\xa3\x22\xf4:x5\xc5\x1a,\xb6\xa70\xc0\x0c\
\x08\x22\xa4\xaf/\x0df\x9f\x83A\x88:\x8d\x01@M\
S\xe0\xd3\x8e/\x84\xe9\xb8Of\x00\xf0t\x09\xf4\x06\
&\xc9J\x0b\x17\x83\xeb\x0c\xce\xc3D\xbdD6\x8c\x9c\
B\xef\x18\xcc\x90\xdc\xfb\xb5\x9c\x90\xef\xaaD\x14\x14\x83\
G\xfbW\xfe\x82\x03\xd7\xc3\xd3\x8a\xc17\xadt\x1a\x05\
\xd4\xb6jp\xb4V\x8f\x9d\xe5\xe1\xf8\xf1\x0e\xb7{\x8a\
\x8e\x09\xa8\x0dn\x08\x87<\xf7\x16\xd7\x09\x82\xf5\x98\xbd\
n\x08Qmx\x18\xb4B\xeb\xa3\xa2\x1e\x06\xe7\x8a\xb8\
\x22\x08\x90\xe7,\x0cf\x7f>!\xd4\x9cR\xffg\xc4\
\x0f\x7f\xfd8Xc\xc0\xc1\xb3z4w\x8b\xe84Q\
t\x9a\x04t\x19):\x8c\x02\xba\xcc\x02\x98\x1f\xcdA\
\xca\x9d\x1dp?R\xc1|\x88\xc7\x0e\x02v+\x00\x8c\
\xd7i\xd8c6\xe0\xbf\x86M\xb0\x0f\x0c\x16\x998\x9e\
q\xfe\x95s\xf2\xc0#\xa2\x82\xd3\x93,):\x80i\
`\xca5\x84\x81\xeb\x0c f#\x84\x13\x87@\x1b\x5c\
\x11:\xff\x90\xdf\x8f\x1es`V\x1d\xc69\x9e\x7f;\
\x1e\x7f<\xe6\xd5=;t\xfd\x8c\xc9`\xd3\x0b@l\
\x81[\x0d\xe4\xdc\x02\x08\x03\xf6F\x02\xfe\xdd\xa8\xe2\x92\
?\x10a\xe4\x16\xd3^\x8blB\xf9F\x87\xd2\x9e\x1b\
\x06\xf4\x0e\xd5\x88&O\xce\x85c\xc5\xc3#\xedG\x01\
\xe7\x10\x0f\xee\x85X\xfe%\xc0\xfe\xcf\xc4\xab\xddh\xd8\
\xc0\xc9\xd3\xd6\xb2Mo{\xac!2\xc7#\xee\xc7N\
Qt\xc4\xe0\x1c\x9a\xdd\x7f\x80x\xfc\xd0\x183\xfcC\
\xc7\x09\x9e\x05<\x17uB\x80{\xdcK\x91\xee\xceQ\
=H\xb1\xfc0\x84s\xa7G\x5c\xff\xab\x04\x02\xae\x05\
\xdc\xd6\x90\xb0\xe2\x92Y\x8c_\x17\xe2\xc9d\x90\xee\x8e\
\x91)\x84\x8cA(;0\xe8\xb4\xed\xcdo\x01\x09A\
Z\x97\xfe\x8f\x83\x967@\xf3\xd3}\x1e\xe7T\x86p\
\x86\xdb\xbd\xa9\x89\xb4\xb3\x1d\xf2\x08\x18B\x9b\xaf\x80X\
\xbc\x84\xff\x84\xeb\xc0#t\x83\xcf\x7f\x05\xc1\x0d\x83\xf5\
-u\xca\xe2\x04\x8b\xbcU\x22\x9d#\x0b\xea\xa3-W\
FT\xef\xab\x0ew\xb1w\xbe\xf3O\xc1$\x1b*.\
)o\xf1H\x19B\x9a\xfd3\x84t\x99\xad\xc2'\xd5\
\xb5\xb0H\xb2|_\xc1T\x1ee0x\x14\xb0\xd8%\
qWU\x0d$&\xcb\xcbfN\xe5\x11:\x8f *\
b\xb2I\xe2\x96#\x97H\xbb\xd1\xaf\xd2\x22\x17g\x19\
\xe4;g\xa8S1\xb9\xd8\xd1.~^sU\xbee\
r\x12\x9b\x964<\xa7\x0e\x00X\x1d\xb2\xf8\xc1\xf1\xd3\
H\x8d\x0a\x97\xbe\x99\x9b\x03\xc1\xcb\xb4bu0\xf1\xc0\
\x85Zr\xbe\xa5\x9f\xb4\xf61\xae\x13\xc13\xe35\xf2\
\xad\xd9\xe9<#n\x9c\xbf\xe6E\x000,\x5c7\x81\
K\xb2Z\xf0\x81b\x93\xca\x10\xda5\xc2\x11\xd2\xd6\xe4\
\xf7\xba\xe6\xa5\x9d\x97i\xfd\xb5\x99\x00 \xee\xa9\xbah\
\xdd\xb6f\x124\xae\xbb\xd3l<T)\xec\xab.\x04\
\x00r\xa6\xa5\xd4\xf1\xca\xf2\xf9\xee\xf5\xc5\xadG*\x85\
\xbdg\x0a1\x04\xe8\xc9\xab&\xf9\x8e\x5c\x80\x12\x90+\
\xdd]\xba\xf5\x1f\xc4\x00\x88\x17vU\xb5Z\xff\xf2\xcc\
P\xd5\x07\xd3\xbd\xe9p\xa5\xb0\xbbJ\xa1\xeb\xc4\xd5\x93\
\x8e\x17\x97z\xd0 \xee<]#\xbcu0\x99\xc8|\
\xaaG\xc5\xb2K\x10\xb7\x1d\xe3,?\xed\x94\xfd\xa7\xf7\
\xce\xf2I/\x000\x99\xcft\x9eH\x8c\x91\xf1\xcd<\
\x97\x92D\xda[A\x8c\xbd\xc3\x22\x9a\x98\xfa@\xfa\xfc\
\xdb\x87\x88\xd5\xe1\x92\xf0\xcc\xb6L\xcd\xbb\xa5\x9e\x91\xe8\
\x16\x87\xaa[\x13\xbbmp\x03\xfd\x8e\xc0\xc4?\x0a\xbb\
\xba6\x86k\x0cp\xce\x0a\x0e)\x89\xd4\xb7w\x07\xd4\
\x86{sG\xea]\xa6\x12\x9d\xa7\xe5\x89~Q['\
\xfe\xf6\x8b\xa9D\xe6\xbel1\x84V6\xe5\x82\xf9\xd6\
!\x15\xe2\x18\xcbr\x12\x9d?\xc1\x86i\xa9v\xa4\xc4\
\xcah\xee\x16\x00\xce!\x94\x1f\x81t\xdb\x9d\x81\x13\xdd\
\xe2\x91Qv\x19\x01$\xe8\x08\x1fU\xa4;\xbe5W\
\x86A;\xecx\x14\x1e\x1f~Vzh\xbe\xde\xdb5\
6=%\xce\xe9\x86\xe4\xe3#\x0c<\xcap\x81\xf4Y\
&\x03\x80\xf8\xc9\x99K\x8eg\x16\x05l\xa8#}6\
\x07\xe9\xe9\xcfv\x1e\xcb+\x0a&\xb8_\xd7\xbc\xf9\x05\
\x87\x1a\x91c\xa8u<\xb7H\xc33\xe2\xe2I\xa7\xd9\
(\xec\xaal\x11J/\xa6\xc8E\x99-\xa0\xa4\xc0W\
\x1f\x22\x00P\x8aI\xceH\x8d\xb4\xf12\x08\x01\x9e]\
\xd2\x83\x1f\xfc\x8f\x12\xc4 \x9e\xfc\x12r\xde\x1c\xf0\xf1\
\x09\x81\x11\xee9]\x95!\x00\x86\x80\xb1q\x9a\xcdG\
*\x1c\xcf.\xf2I\xac/\xf0\xb8(\xa3\xbc$7 \
\xbf2\xbb%\xdb(\xecV\x5c\xb2\xf4\xcb\xfa0<s\
\x9d,c\x978\xadii\xe1\xa9\xb1\xb1<.\xc2c\
]\x13\xf6\x9f\xbb\x00@\xe9G#\xb6\xb2\xec\xf8$W\
\xc3\x1c\xc4hQ\x9d*\x8e\x1f/\x1f\xcf\xa6$\x8e\x07\
\x00\x9e\x1a\x13\xc1f\xa6&\x0f\xb8\xe2\x92\xe0\x07\x14\x00\
8w\x15\x8a\x8fR\xd6\xc8\xa7\x16\xf7!#~\xa0\x09\
&C\xb3\x7fW \xf7\x0b\x00\xaa\xcf\x1c\x008\xe0\x7f\
1q'fOu\x161\xda\x1cC\x97\x1c9\xa4e\
\xf9\x99\xce\xff\xa4\xb3?\x9b\x98l\x1eB\x81\xee\x89\xdf\
\x9f\xd7\xfe\xcb\xc7)\xbaG\xb6h\xc8\xc5\x0e\x0fS\x05\
\xfd\xbcF\x9d;YAZ\x93G\x00\x802\x0d\xa9s\
\x18=\xd10\xa2\xc5Wi\x80@\x1d\xb6qQ\xca\xd4\
\xad\xd7p\xbc\xba\xba\xcbU\xf0\xf2\x05\x08ug\x03j\
\x94\x87\xb9\x0c}\x14|J\xa0\xc4\x10\xce\xa2\xc4\xb7\x0e\
\x864\xab\x89O\x1c\x17\x03\x83\xe8\x14\x01E\xe1\x8b\xda\
\x0bj\xffF\xabD:\xcdNzEq_\x95k\xee\
e\x1c\xe4R\x87:\x02\xa4\x15\xb3<\x953\x91\x02\x06\
\xad*Z\x8a\xef\x96N\xd1\xbe\xb0\xe34i\xec\x1eV\
\xd8\x90\xc2\x10\x0eUu\x8e\x8bt\xad\x95+\xe6\x98q\
[\xaek\x81\x17\xf7\xef\x02\xe4\xa1M\xe3l\x82:\xcd\
\x82\x83\x0c\xed\xdd\x22D\x8dH\x13\xfev.\x87\xf4\xf4\
{Y\xc5\xfdTo\xeb\x8b\x15>:\xd9\xe0\xfc\x91:\
\xff\x8b\xb5<7C}\xf3\xe9g5V\xb5\x9dcW\
.\xc1\xe3-\xbf\xa2F\xd7\xd1\xaa\xa6\x16\x22\xb3\x18\x00\
\xe0\x02\xeda\xf9\xe9\x83R\xb7\xa5\xc7\x8a\xddM\xc6\x02\
=\xdb\x9c\xaf[\xfbn\xa4\xf6\x99\x0f*\xc8\xc5\xf6\x8e\
@\xee\xc5\xd9\xb9\xfa\x94\xaf\x0f\xc3\xf9\xf9C\x9d\x10\xa9\
\xb2\xc0\x90\xden\xc5\x170\x04\xd8\x84,\xb0\x04U\xc4\
\x1fr\x91fy)\x97\xa1\xa1\x8d\x00\x00\xce#\xc47\
\x0e\x9c\x19\x9at\x17H\x97y\x8af\xd3\xe1\x89\xce\x9f\
\xf6\xbb\x7f \xfe$\x19y\xf9,5<\x85\xd4\xb5M\
r\x96\x15\x8e\xd4\xf6\xb9\x97#mF\xd7\xb5\xbd\xd5\xcd\
\xce\xf3<'\xa9\xde\x9b\xfe!\xad\xc8\x9f&\xdfWX\
\x05\xc0\xeevZ\xa0\x97:\x0at\xeb\xb7Ek~\xb3\
\xff\x94+\xac\xd2;\x06\xa6,\xae6 ]7\x00f\
\xa4\xdbQ\xf2\x0d\x97\xdbX<v\x00\xc48\xc4(\xa4\
\x14\x8e;\xee\x03\xb4\x01\x9aH4\x22\x93V\x17\xb5\xa9\
wp\xb4~\x06\xe90{\x95\x9a\x02\x01\x11\xa9\xc9_\
\x80\x13\x9b\x9e\x9c\x04Q\xb8\x06\x00D\xe61\xf4ls\
+\x00\xd0\xeaf\xcfx \xc6\x22hm[;\x00\x08\
\xe5\x97U=MZ6\xd3g\xdc\x90\xa3da\x9e\xed\
\x8d\x07{yzl%\xdc\xdd\xa0\x80F\xd8]5K\
\xf3\xfa_+\xfc\xd1>0e\x11\x95!2\x1f|'\
?\x5c\xd9\x85\xd8\xf0\x01\xb5\xc0\xe1\x80x`\xaf\xbf6\
\x95&\x13\x92a{\xf0I\xf0x\xbfB\x85\x0ai\xd5\
\x9cB\xe8\xc4\xcbJe\xae\xa3g\x9bs\x02\xaa\x08\x80\
\xa5\xc6T\xd8_[\xd5\xe4\xfcY\xdf_\x93\xe07\xe2\
\x8e\x10\xb0\x99\xa9\xea\xfa |R\xdd\x84~;#}\
\xd6\x8c\x81\xeb\xaa`!\x1c\xaek$\x1d&\x0bL6\
\xe7\xb5~\xb6 3\xcb\x1f=<;!\xde\xb6\xf1\x91\
\x99\xb6\xdf\xac\xeef\xd9\xf1\x15pc\x8c\xb0\xaf:\xd7\
\xdf\x94L\x01\x80\xb8\x0d1\xab\x17\x19g\x5c\x04\xc3\xbf\
\xadt-\xf0\xc2\xf9J\xd0\xc6K\xfehR\x08KH\
\x86\xed\xd1\xe7\x86,\xa7PB\x88\xf4\xf4\xd7]C\x91\
\xf3\x00\xa3\xa3\x01D\x19\xeclZR\xaa\xf3\x87p\xed\
\x90Q\x12\xd2\xdd3\xe3\xd4\xae\xcb.G\xd3\x93\x0d\x97\
1\xa0\x06\xb0\xfc\xb4s\xcek\xe4\xd8%*|z\xae\
\x0e\x03\xfa\x05\xcb\x88\xad\x85V\x0c(\xbe\x92g\xc5\x8d\
\xb3\xbf\xf1\xad\x02\xe9\xb9E5\x00\x06\xdeh\xa2\x15J\
/]\xf4UG\x11{\x0152\xad\xa5\xcb\xfbsX\
{\xbb\x11\xb9i\xae\xa9Q\xdc\xbf\x1bC\xcd\x87J\xff\
\x81\xe7\x18JKr\xf3x\xa4\xbe&\xe0\x0a\xa3\x00\x9b\
\x9b1\x91\x13\xd2\x0b\x00\xc4h\xcd\x12\xffT\xa9\x9a\xa6\
\xa5e\xf9\x11\xd0\x0a\xcd\x00@\x9az2\x84\xfd.\xe9\
\x92-\xc9\x1bvH\x8ctg\xdetD\xea\x5c\xc6\xbd\
\xd6>\xff#\x04\x80\xca\xb1\xc6.\xefk\xb0H9\xfe\
\xf3\xe1NW\xc5\xb6&\x08\xd5\xc1O\x99p|\x7fq\
\x082G\xbc@\xa4\xe0S\x12\x9c\x8e|B\xab\x9b\xa6\
\x0d\xfc\x97XA\xdaD\x96\x1d\xdf\x0a\x00\x84\xf1h\xd2\
\xd8\xe3T:\x1d\xf2\xedS\xbd\x8a\xf1\xa4\xb7\xdf\xa6_\
\xf9\xbb\x06\xdd\xeaM\x17Hc\xb7\xa7\xadIb\x1c6\
\xc9\xa5d\x8e\x0f\xf7\xb9\xb8:\xad\xbdu\xce\x13W;\
}\xcf\x14\xb7\xe5Z\xb0|N?\xferB1\xe7\x88\
\x87\xf6A\x9e\x92{}6\xeb\xa8\xc0\xe6dL\xe1\x09\
\x91\x95\xe4\x9aq\xe6\xd0\xa5\x15\x90k}\xe1\xe2\x9e\xaa\
*o\xd7\xe4i\xc9\xe3\xf9\xa48\xafV]\xb6tF\
\x04=\xef\x92%\x00\x80G\xe9/\xc3\xa0\xcdf\xc5\x99\
Zz\xb6\xd5\xf3Zb\xe4y\x1e\xa1\x9b\xe1\xad-a\
W\xe59\xf4\xdb\xf3I\xbf\x1d\xba\xb5\xef\x9a\xe5E9\
\xe5r\xd1\xa4hj\xb2\xd9\x85?\x1c\x07\xec\xb2\x93\xa9\
\xb2\xbc \xd3\xa7\xe5B\x04\x00B\xe8\x05\xce\x95)\xae\
\xae\xd5\x7f\xec\xee\xab\xdf\xea\xc0\xa7\xa7\x95\x9cob6\
A<v\x10\xd2\xc2\xc5~\xeb\x0c\x17\xf6\x1f,\x8d\xd5\
}\xf7C\x86\x00\xd3\xb6I\xa7y\x86\xf8\x86\xf7\x80t\
\x81\xd2^\xdb\xce\xf5\x00\xf5\x22\xa6\xde\x96\x93-\xfe\xfa\
o\x16p\xae\xbe\xbdlzJ\x0f\x00\xc8EY\x19\xe2\
f\xcf\xf4B\xf9\xf6i>\x0d\x9al^f\x12\xde?\
f\x03\x87\x0e@\xb8\xb0\xff\xfcla\xffy/\xe52\
*\xf9\xf8\x08\x9f\xe6!\x0a\x00\x82(\xa9\xdajS\x97\
\x88\x96\x1e\xdf\xb3\xc6\xa4\x04\x09\xcf/u\x8dH\xf1\xc4\
a\x0fSI\xa0\xe0Q:\xf5\xe6\xf8\xf8p\x8f\x07\xcf\
s\x92\xd2Yn\xea\x09\xf58\xdaK\x88O\x94!\xa0\
\xa8oB\xe0;\x22K'R\x96\x15\xef\xf1\xd4\xe4%\
\xd3\xe3\x00\x80\xa7\xc7\xaa\xeb\xc8@C\x16\xf9\xce<\x9f\
V\x0769!\xd1\xfe\xd3{;\x10\xa6\xf1\xe5\x08b\
\xacpb\x85\xfd\x87w\xfb\xb5\xd5\xa9\xaf\x8d~\xfe\x13\
m\x00I\x00\x80m\xdfi\xc3\x8a9\x83v:Pa\
\xb2Q\xe4oHW\x19\xe7\xb8}9\xe4\x82b\x9f\xe5\
\xf5\xbf\xf8W\xf5\xbfm\xeb\xe3\xe0\x89Q\x80\xd5\xc1\xe8\
\x91\x8b\xf5\xd0\x0b\x22+\xca\x9c\x04\xf1\xba\xc1 s\xd0\
\xd2\xfazbvpy\xd1\x94Lh\x04\xcf\x02\x0e\x99\
\xd3\xc3u\x17hc\x8f\xdf\xd8Z6{B2\x9b\x9e\
\xec\xdb\x11e\x93dqg\xe59\xd2\xd4c\x95\xbf6\
)\x8e\xcd\x994\xd1y\x89\x5c3\x9a\x84\xbdg\xea\x88\
\xc5\xce\xa5\xc5\xb9\x13xf\x5c@)c\xf4tc\x0b\
=\xd1\xd0J\xaft20\xc6Yf\xa2(/\x99\x9e\
\xc9S\xa2=\x82\x09\xe8\xb1\xcb\xd0\xbe\xfc\x17\xe7\xe1\x19\
k\xe9\xe6<\x97O\x1d\xf4\x08\x01\xbf\x07\x00\x8e\xd7\xe9\
\xfc2$B\xc7\x10e\x90U\x86\xf0\xa8\xc0B1=\
\xa0\xd7Pv{\xced\x9f\xd7\x05\x02\xf6\xb5l\xdf\xf2\
\xbeF lQ\xce\x94Q\xa72\xe9DA\xba\xaf\xd0\
\xeb&j<!2Bz\xac\xd8\xa73\xc9\x17X~\
Z2\xcbOK\x1e\x099.\xbb\x0d\x98\x9a\x91\xf2y\
\x95\xc1{\xe9\x01\xf4\xf4S\xd4\xb6\xba\xa4\xbfA\xb9\xdf\
c\x181\xd4\x11\x22\x83\xee\xa5\xe0\xbf\x04\x80\xca+:\
\x5c\xbc\xa6Af\x82wK\xf8\xf1z\xbd\xaa\x82\xf0\xc8\
\x18\xf0\xf0\xc8\xc0{4\xdb@L\xc3\xb2\x1d\xfe\xbf\x05\
\xb1\xd8\x07\x9dS\x19b/\xddT\xa3\x9f_r\x01\xca\
&\x94\xf8\xf3\x890\xfc\xd3\x9d\xde]\xb7\xc7\xea\xdc\x12\
\xf2S\x867:t\xeb\xff.vA\xfa\xbb\x85\xe7B\
I\xf8G\xce\xbf\x7f,\x8b\xf0Y\xa9\xfc\xa2\x8b!<\
1}\xe8^F\x9b\x06\xf7\x15\x00\x87bO\xf4`\x08\
c\xfc]\xe7\xff\xf2\x8b:\x9c\xb88X\xa1\xe4\x1c8\
V\xe7R\x04Y\xd2\xd0\x89\x96R\xe1\x82a\x99P\xbe\
\x82\xb0\x12\x8e\xdf\x00^R\xda\xf4\xf3KJ\x01\x14\x01\
\xc0\xaa\xf9&l]\xef\xe9\x89\xack\xd5`\xe6?\x0f\
\x8c\x0aB`}\xee\xa5\xc04uY\xf2H\xf0\x0c\x14\
\x9a\xbd\xdbA\xeb\x5c\xe6\xadE\xb9\x16\xacZ`\xc2\x92\
\x99\x96\xa0\xe4\xb7\xfb\x82\xc4\x80\xe5?O\xc6\xa9\xcb\xaa\
\xf0\xc2A\xf8\xe3:A\xb7s`\x0b\xc3g\x07\xce_\
\xd0\x12\xcc\x0fI:\x02\x00\x18\x8aKVs\x8e\xf7\x01\
%?\xef\xeckW\x91:\xce\xe5$\xd9{*\x0c+\
\x7f\xa9\x98\xd4yl<l%\xdf\x1b)\x1d\x01\x81\xd8\
,\xd0\xbe\xff[\x90.O\x87[|\x94\x8c\x9f<\xd8\
\x85Gn\x09j\x8a\x9f\x07\x9a\xbb\x05\xdc\xfar\x9a\x12\
}\xa3\xc0\x0c\xce\x97\x11B>\xe6@4\x00p\xf0\xe7\
m\xa5[\xde\x08V\x9f\x83\xe6\x11\x8b]\xd8\x0e\x90&\
\x00p\xc8\x04\xaf\xed\xf2\xd41Ln\x9b\xbapC\xf0\
lX\xbe\xc0u\x06\xd8\xef/q\xf7@\x02\x00\xda\xfb\
\x04<\xb91\x1e\x1f\x1c\xf6\xbd\xd6\x8d\x16)\xb12\xfe\
\xb8\xa1\x15\x91zU\xdb\x09\x07!\x9f9\x99A\x80^\
\x9b\x80\xad\xc1\xecs\xb0\x8d\xa4\xa5\x9c\x09\xa9\x856B\
p'\xa0\xec!rOQ\xbf\xeak\xef\xed\xa7x\xe7\
\xa0\x22\xe6\x12\xab\x15\xd2\xec\xaf\xf9\xcd\xf1\x0e\x0atz\
\xc83\xe7)\xeb\x15\xa1\xa0}\xdd\xce\xed.PV\xaf\
\xc7sw\xf4z3U\x05\x05\x89\xd12fN\xb4\xe1\
\xa3\xd2\x080\xc5y\xe7\xf6\x12\x93\x9fIG7\x7f\x1a\
\xcc\xfe\xbc\xae\xb4\xb6q\x86M\x00\xae\x00\x80\xc4\x08^\
\xdc\xe6\x0aG\x9d\x9bmsmB\xe6\xb0C<\xfa\xd7\
`\xd2\xe3\x1b\x84\x80eM\x83\xe3\xaeU\xb0=\xf6\x1d\
\xf5%h\xeb\x11p\xaey\xf4Y\xbb\xfe\xb0$\xdf\x82\
_>6(F\xa1\xc3\xca-\xaf\x05\xbb/\xef\xa2\xcf\
\xde7l\x84@5@\xed=\x15\x86}\xa7\x14\x93\xbb\
F\xe0X\xbf\xc4\xcd\xb8x\xfc\x10hC\xdd\xe06B\
\x89\xeb\x1c\x82\xf2\x0d\xd8\xa4nF\x9a\xc3c\x8b[\x02\
\xfe*\xca\xde\x1f\xbeUu\x08\xf8\x94E-G7o\
\x03\xc1!\xe7\xf13\x9b\xe3\xd0aT\xde\xca\xef\xdd\xd5\
\x83\xa9)\x03Z&\xe7\xd0\xec\xfd\xd0\xdb\xb6\xab!\x01\
\xe9j\x87\xf6\x7f6\xaaSVL\xb8\x8ci\xa9!\x8d\
\xadC\x9f\x85\xa0\xe4w\xf1j&/\x01*-\x0e1\
h\x0b\xb9;\xfc)\x07\x9cI\xf4i\x00V\x00h\xed\
\x11\xf1\xf4\x7f\xc7\x83s%)\x7f\xeb\xfak\xaa\xd8I\
LFh\xf6m\x0f\xcc\xa5;\x0a\x08\xb5g\xa0{\xef\
M\x8f\x14\x89\x1f\xae\xec\xf6\xbbA@0\xf0\xc2;\xf1\
\xb8\xdc\xae:\xeed\x80\xads\x8a\xa9\xc1\x86\xdf\xd5X\
n>\xd9\xaeI-\xb4\x81`1\x00\x5ch\xd5 .\
\x92aN\x96\x0d\x89\xd12\xa2\xc2\x18>=\xadLe\
\xa4\xbb\x13\xd0\xeb\xc1R&\xf8krd\xe0\x0c\xe2\xa1\
}\xd0\xec\xdf\xad\x06\xea\x11\x02\xbcxo7\xbew\xd7\
\xf0\x22\xf3\x87\x8b\x1d\xa5\x11\xf8\xf1G\xaexl\x0e\xfc\
\xcaZ\xbaeK\xa8\xfa\x1bR<\x92\x9aV\x94\x8ai\
}_\xc7@\xc0\xf4\xfe\xea0\x14M\xb6bR\x82\x84\
9\x996T6\xe8P;\xf0E\x02z\xf5\x12Xf\
N\xf0r\xdb\xa1l\xe7\xa4\xfd\xd3\xbb\x10\xce\xba6\x16\
\x88\x0ecx\xe7\xd96\xac\xf9F\xe8t\x10\x008^\
\xaf\xc3\xea\xd7\x93\xe0\x90\x9d\x22\x1c?n3\x1a\x1fB\
\xfb\xd9\x90\xa5\x14\x07`\xcf\xf8\x11\x138y\x10@#\
\x00\xd8%\xe0\xc1_%\xe2t\x83\x0e\x84\x00\x1b\xd7\xb5\
#\xdd\xf9u\x03Y\x82f\xe76\xe7.\x07\xa3'\xae\
\xad\x09\xda\xf7\xde\xf4\xd8T '\xd9\x8e\xfd/7\x87\
|\xfb\xf2\xfa6\x0d\xee{-\x09f\xdb@*\x03G\
\x0fd<\x88\xea\xed\x83M\xb4AD@\x0a\x84\xa3\xe9\
\xa4Y\x936\xebK\x80<\x02@\xb4K\x04\xbbO\x86\
\xe1\x1f\xe7\x99\x91\x14#cV\x86\x0d\xdb\x8eD\x82s\
e\xbb#b4\x82M\x1e\xdd\x87s\x84\xca2h\xff\
\xf2\xbeG\xe2\xe8\x03\xc5&\xecx\xa1\x15)\xb1\xa1\xcd\
yo\xe9\x11\xb0\xf8\x95\x14\xb4t\xabFQ\x07(]\
i+\xdb|\xc2_\xbd` `\x8dNj<\xd5\xa4\
I-\xa8\x01!+\x01P\x93\x95bgy8\xfe!\
\xdf\x82\xc2I6\xc8\x0c8|Nql\xd1\xf6\x16\xf0\
\x98\xb8\x80\xa3\x16=\xc0dh>\xf9\x18\xe2\xd1\xbf\xa9\
B\x82F\xe0\xf8\xd9\xc3]x\xe5\xc1.hCl8\
n\xea\x12\xb1\xfc\xe7\xc9\xa8s\xff\xbc\x05\xe1O\xda\x8e\
n\xde\x1e\xda\x9e\x15\x0cK\xc5\x96\x9a*j\x84\xf4\xc2\
6\x02\xdc\x05\x80\xf4\xf6Sl?\x1a\x81\x85S\xadX\
\xb5\xc0\x8c/j\x0c\xb8\xda\xa9<1\xa1\xa1\x0erN\
\x1e\xa0\x1f\xc6f9\x8cA\xfb\xa7\xf7 \x9cwe$\
$\xc5H\xf8\xe3\x0bmXY\x14z\xb1\xba\xf2\x8a\x0e\
K\xff#\x05\x17\xafy\x84B\xfd\xd0Z\xba\xe5\xd7!\
\xef|\x00\xc3\xb6y\xc8\x8d\x15\xe5Bja;!X\
\x0a\x80X\xec\x04\x1f\x96F`F\xba\x0dO~\xb3\x0f\
\xef\x1d\x8a\x80\xd5A\x01Y\x06m\xbe\xa2\xec\x83\x15\xe0\
GC\xc4\xb2\x03\x10N\xbb\xb6[_\x90c\xc5\xee\x7f\
i\xc5\xb4\xb4\x90N\xdb\x00\x80ON\x1bp\xef/\x92\
\xd4\x9d\xe6\x14\xf0\x17\xad\xa5[^\x09y\xe7n\x18\x91\
\x11Jn\xaa8.\xa6\x156\x00\xb8\x1b\x00u\xc8\x04\
;\xca\x22@\x08\xf0\xedEF\xfci`\xbfub\xea\
\x03d\x09,\xc3w,\x83\x0a\x9b\x05\xda?\xbf\xa7n\
\xe5q\xcf<\x13v|\xaf-\xe4{\xc5\xcb\x0c\xf8\xd5\
\x9e\x18\xac\xdf\x14\x0f\xb7<TN8\xbeo-\xdb\xf2\
\xb3\x90v\xee\x05#\xb6\x0aJ\x8d\x15\xa7\x85\xd4\x822\
\x80,#\x04z\x00(\xab\xd3\xe3\xd25\x119)\x0e\
4t\x0c\x88\xc2-W\xc1&d\x0e\xb9\x03\xb6p\xee\
4\x84Z%-$!Z\xc6\xde\x1f\xb4\xc2\x10B\x7f\
\x07\xa0HR\xab~\x95\x84w\xbe\x88t\x1a\x0e\x01\xa0\
\x9fp\xf2\x90\xa5l\xf3\xa6\x90v\xee\x03\xa3r\xe3\xd9\
\xca\xb6|\xca\xa9P\x0c\x0e5\xd8\xect\x83\x0eG\xce\
\xbbE\xadp\x1eP\x92\x8f{\xe6\xee\xcayfD\xe8\
B728\x07\xfe\xeb\xb3(\x14\xbd\x98\x86\xa3\xb5\x1e\
.\x84\xab\x94\x93[-e\x9bv\x84\xac\xf3!0j\
\xbf\xaa\xfd\xe8\xc6sV\x8b}68T\xed\xf5zc\
\x1fm\xb80\xa4n\xe2\xf6Q\x15LM\x0b]T\xca\
\xfej\x03\x16\xbe\x9c\x8a\x17\xde\x89C\xbf\xcde\xb3\xe7\
\x84\xef\xd0\x89\xda\xfc\xfe\xb2MA\xdfit8\x08\x8e\
\x10Y\xf9\xae\xd9\x0a\x94\x18\x8a\x9e\xd8\xc3)y\x03\x1c\
\x9eAb\xb2\x0c\xf1\xd41Hs\x17\xfa\xf4\xad\xbb\x87\
\xa3\xa6\x8e\x0b\xfe\xe8\xf8\xbc\xca\x80\xd7v\xc7\xe0@\xf5\
\xa0\x98\xb3n\x10l\xb0\x1d\xdd\xb2\xe5\xef!8)\xf8\
n\x9d\xd9\xeb\xa2\x0d\x1a\xf9?8\xf0$\xae[\xa3x\
T\x0c\xe4\xbc\xb9J\xce\xfbu\xe6\x15\xfd\xeb?\x02\x06\
vl8\xfa\x93&\xe4O\x1c\xfd\xe3\xe96Sl;\
\x12\x81\xdf\x7f\x11\x85\xaa+\x83|&\x1c\xc0\xefE\x0d\
\xfb\xbe\xe9\xd0\xdb\xa3\xdc\xa9-x\x08\xdd\x87%\xe7\xae\
\xcd\x15D\xf6\x0a\xe7X1\xe8\x22\xa5`\xe9\x99`\x93\
\xa6@\xce\x9a\x0a\x1e\x1e\x09\xfd\xeb\xff\xae^nx\xb3\
a\xc4\xdf9\xbc\xd6+`\xcf\xa90\xec.\x0f\xc7\xe7\
U>>,I\xf0)\xe1\xec%K\xe9\xdb7\xfc\x93\
FC!\xf4\x9f^]\xb0v.c|\x03\xc0\xef\x85\
\x8f)\x92GD\xa9S\x96@\x81\xea_^Ar\xac\
\xec\xd7\xac\xce\x18p\xadO\xc4\xf9f\x115M:\x9c\
\xba\xacEi\xad\xde\xdb\x07$\xd5*\x00\xf6\x11\xce_\
\xb5\x94m9\xec\xab\xd0\xcd\xc6\x0d\xfb8\xb1~A\xc9\
Dp^\x02N\x1eA\x00[mP\x0a$DI\x88\
\xd0sD\x1a\x5ckJ\xbf\x95\xa0\xcf\x22\xe0Z\x9f\x10\
\xa8\xa7\xb0\x95\x03\xef\x10\x99\xbfe=\xbe\xc5gn\xdf\
\xdf\x0bn\xca\xe7\xbb\xf5\xf3\xd6,\xe4\x02_N8\xee\
\x020m\xc8\x1a\xc3\xee\x01\x17\x09\xc7\x1eN\xd8\x0e\xeb\
\xd1\x89\x87\x80\x1f\xdd\x98/\x91\x05\x017\xff\x03\xf7E\
k\xd2@y1\xe3(&\xc0L\x00\xd9\x00\xd2\x11\xb8\
H\xde\x06\xc2\xab\x09\xa7\xd5\x9c\xe3\x18\x01\x0eX\xca6\
5\x86\x8e\xe2\xd0\xe2\xa63\xc4+n{\x5c\xaf\xb3 \
\x9d\x122\x8e\x11\x1aK\x015\xbc^f\xc4.P\xd2\
\xce\x98\xa3\xdd&\xd2\xd6`o\x86?\x861\x8ca\x0c\
c\x18\xc3\x18\xc60\x861\x8ca\x0c_5\xfc/*\
~\x93\xa7\x198>\xe6\x00\x00\x00\x00IEND\xae\
B`\x82\
\x00\x00\x09\xe5\
\x89\
PNG\x0d\x0a\x1a\x0a\x00\x00\x00\x0dIHDR\x00\
\x00\x00d\x00\x00\x00d\x08\x06\x00\x00\x00p\xe2\x95T\
\x00\x00\x00\x06bKGD\x00\xff\x00\xff\x00\xff\xa0\xbd\
\xa7\x93\x00\x00\x09\x9aIDATx\x9c\xed\x9dyl\
\x14\xd7\x1d\xc7\xbfof\xf6\xf0\x85\xb1qm\x0c\xb4\xc6\
\x94+\x09G\x8a#_$`\x12\xd2\x80@E\x05\x5c\
\x82R(5G\x22R\xaaV\x91R*E\x89+\xb5\
\xa5\x10\x85\xa0\x22\xa8\xea`\xa7\x15Q\xd4\x16\x1ah\x0b\
\x88\x22\x93r\x040w\x02)\x14B\x08`\x83\x0dv\
\xccm\xef\xce\xce\xbc_\xff\x00\xc7\xbb^\x13\xef\xae\xdf\
\x1ck\xe6\xf3\xdf{3\xef\xf7\xfb\xed|g\xdf1o\
\xe6=\xc0\xc1\xc1\xc1!n`f\xf9I,^\xf8\x04\
\xd7\xf9p\x06d\x81A6\xc9o\xc4p\xb0VY\xe6\
\x1b[\xf6U]\xb12\x0ec\x05)Y\x9c\xec\xf5\xf9\
^\x01\xd8\x22\x00\xfd\x0c\xf5%\x04\xba\xc6\x89&\xa8\x07\
\xdf=eU\x04\x86\x09\x92P\xb4\xb0\x98\xc07\x82\x90\
m\x94\x0fC`\xa8']*\xf1\x1fz\xe7\xac5\xee\
\x0d\xc0S\xb4p*#\xbe\x11\x80\xc7\x08\xfb&P\x07\
\x9d\xc6\xfb\x0eW\x9d7\xdb\xb1pA\xdc\xc5\xf3GH\
\x1c\xfb\x01\xa4\x04\xe7S\xeft\xf0A\xc3A\xa9i \
\xc5-\xdam\xcc\xc8\x9f\x9d\x84t\xe1\x5cg\x87.0\
E\x1e\xdf\xfaQ\xc5%3\xe3QD\x1b\x94t\xac\x01\
\x0b\x12CV\x10xf*\xf4\x91\xf9\x003\xab\x0f\x11\
9\xecF\xd3\x83\x04\x19H\x9a\xbe3ql\xd9x3\
\x1bzI\xa41oa\xd9D0\x8ck\xb7.A\xfd\
\xfe\x5c\xe8\xa3\x0al)F\x04\x0c\xe6:\xabN.~\
)\xd3,\x87B\x05\x01\xd8\xac\xe0\x94>\xba\x00|\xe0\
\x10\xb1.\x0c\xa6h\xa8\xafc\xd6#:\xd7\xaaS\xf2\
\xe7\xf61\xc3\xbfXA\x18\x9e\x0eNjc\x8a\x84\x9a\
7\x83\x05O\xdf\xc6\xeb3\x9bC\xf2\x084R\x95\xdc\
;P2\xaf\xb7\xd1\xfeE\x0a\xc2@\xe8\xdf\x96 o\
\x22(\xed\x1b\x02\xcd\x9b\xc7\xd2i7\xf0\xea\xf7n\x84\
\xe41\xd0\x18\xafO\xde\x8e\x82\x17z\x19\xe9[\x9c \
c\xcb\x92\x11\xdc\xcdMH\x14f\xda\x0a\xcaK\x9b\xf1\
\xd3\xc97;f\x17x\x99w+F\xcdI2\xca\xaf\
8A4\x7fh\xab\x1d\x97mx(\xcbf\x7f\x89\x17\
'\xde\xea\x98\xfd\xa47\xd1\xbd\xdd(Q\x047\xea=\
\x0b\xc6\x80\x95s\x9b\xb0`B\xa7\xa2lB\xc9<\xaf\
h\x9f\x8e ]\xc0\x18\xb0j^\x13f\x8f\xbd\xdd\xf1\
\xd0\xb3^\x9f\xbc\x09\x93\x97\x08}\x1a\xe1\x08\x12\x01\x92\
\x04T,jDi\xd1\x9d\x8e\x87&y\xae\xb7\xbc\x8f\
\x92ra\x03lG\x90\x08\x91%`\xdd\x8b\x8d\x98:\
\xa6%$\x9f\x01\xd3\xbd\xbe\xda\xf7QZ*dJ\xc1\
\x11$\x0a\x5c2\xe1\xbd%\x0d\x98\xfcxK\xc7C\xa5\
\xde\xda^\x95@y\xb7\xafg\xf4\x7f\xb5\x92\xc5\xc9\xde\
\xbb\xbe\xb0G\x09\x1cR2@\xed\x19\xba\x0ev\xa3\xb9\
\xe3i\x86C)\xbd\x00Y\xf8#\xba\xafp+\xc0{\
K\xaeb\xfa[\xd9\xd8}*\xa4M\xffQBam\
Kk\x0d^F\xc8\x85\x88\x8e\xa8:\xa7\xde\xa2\xf9\xbf\
\x04\xe1\xd7\xb0\xf3?KV\x10\x18?\x19\xfa\x98\xe2\x88\
NWvo\x83rx\xefW\xe9\xca\x97\x1a;k\xc0\
\xc3\xb8\xe3\x970mE_\x1c8\x1b\xda\xd1\x22b\xab\
\xfc\x07\xd7\xfd<\xba\xa0\xdb\x89\xfc\xc2\xe6-r\x81P\
\x1eU\x19+\xd05\xb8vm\x03\x02\x01C\xdd${\
8>x\xa5\x01y\x83\xfc!\xf9\x8c\xd1\xcf\xbcEe\
\xcbb\xb5\x1b\xf9\xc5MQ\x93\x00\xd8g\x22\xe3\xeb\xe0\
:\x98\xbf5\xb2s\x15WH\xb2\xe9v\xe4\x97$5\
\x91\xe3_\xaf6`\xd4\xb7BE\x01\xb1\xa5\xde\xc2\xb2\
7\x226\x14\x1cN,\x85\x00\x00.\x05|`z\xcc\
\xc5E#]j\x06\xfcZ\xd4\xe5(=#$\xbdz\
{*\x8a\x86\xfa\x90\x97\xeb\x8fh\xc6\xa0w\x92\x8e-\
K\x1b0\xe9\xb7\xd98U\x17|\xbf\xb2\xf2\x84\xc2\xf9\
\xbe\xd6\x9a\xca\xe5\xd1\xc4\x13\xb3 \x94\x95\x02\xf5\xf7\xcf\
\xc7Z\x5c8\xee%\x7f\x81t\xeeZ\xd4\xe5\xf8\xa0\xe1\
\x80\xdb\x0b\xa8\xf7\x1e\xbb\xd7}\xa9`\xdc\x1b\xfd\xbb(\
\x15\x19\x04\xfc\xceS\xb8\xe0\x96\xbff\xdd\x1f\x22-c\
\xef\xf6\xc0\x04\xc8\x93\x80\xc0S\xdf5\xcc>\x03\xad\x88\
f\x8cb\xa9 \xd2\xe9z(\x1b\x8f\x81\xd5\x9a\xdf=\
\x0eF\xffN\x11\xb4\xe2g\x8c\x9a\xd5LFcRJ\
\xd7\xa7\xdd\xc3\xb8\x0e{\x17\xc8[O\xc2\xb5v\x17\xc0\
\x09\xca\xfa\x1a\xa8\xafO\x01\xcf\xcb\xb1*\x1ch\xc5\x13\
\xc1\x07?\x0a\xf9x\x0d\xa4\xfa\x8b\xc0\xdd;\x00\x8fm\
8\xc1T?@<\xa6\xb2\x96\x08\x22o9\x01\xd7\xda\
\xdd\x00\xdd\xff\xc1\xaa\x06\xf7\xaf\xb6 \xb0t\x12\xf4\xe2\
o[\x11\x12\x00\x80g\xf6\x03\x7fnz\xb7\xedx\xaa\
V\x8257\xc6T\xd6\xf4*K\xd9p\x14\xae5\xbb\
\xda\xc5h#\xa0\xc3\xf5\x9bm\x90?<cvH\xb6\
\xc2TA\x94\xbf\x1d\x81R\xb5\xef\xc1'p\x82\xeb\xad\
\x1d\x90\xabO\x9b\x17\x94\xcd0M\x10e\xfd\x01(\xef\
\xee\xef\xfaDNp\xad\xac\x86\xbc\xe5\x84\xf1A\xd9\x10\
\xe3\xdb\x10\x22(\xef|\x04e\xd3\xf1\xa8\xca\xb8\xd6\xee\
\x06t\x82>m\xb4q\xb1\xd9\x10c\xff!Dp\xad\
\xd9\x15&\x06e\xa6@\x7f*\xf4}-}\xf2\x08 \
\xd1\x1dZ\xf6\x8f{\xa2\x13\xb2\x07`\xa8 \xca\x9f\xf6\
C\xdez2$\x8f\xb2S\xa1\xbe9\x13\x94\x1d\xfa6\
\x0d\x7f\xa4/\xd4e\xd3A\xc9A3\xa2DP*\xf6\
B\xfe\xcf\xff\x8c\x0c\xd3V\x18*\x88\xfc\xef\xd0\xcf,\
h@\x1a\xd47g\x802;\x1f'\xf1\xa1\x99\x08,\
\x9f\x01J\x0d}\xa4-o\xfb\xd4\xb0\x18\xed\x86\xa1\x82\
\xd0\xe0\xf6\x17\xe5(\xa7\x0f\xd4\x15\xd3A}\x92\xbf\xb6\
\x0c\x1f\x94\x01u\xf9LPZ\xfb[6\x94\x1b\x9f/\
\xdc\xc5\x82\xa1\x8dz\xe0\x17\x93 o\xfe\x18\x90eh\
\xd3F\x03I\x91=\xbd\xa7\x9ct\xa8\xabgA\xfe\xe7\
\x09 5\x01\xda\xd4\x91F\x86i+\x0c\x15\x84R\xbc\
\xd0\xe6\x14\xc6V\xb6O2\xb4\x1fG6\xeb\xd7\x93x\
\xe8\x9f\xf6\xda\x0dG\x10\x9b\xe1\x08b3\x1cAl\x86\
#\x88\xcdp\x04\xb1\x19\x8e 6\xc3:A\x94\x0e\xf3\
\xfen\xcbf\x93m\x85e\x82\xf0\xfc\x5c@\xbe\xf7R\
\x01%y\xc0G\x0e\xb0*\x14[a\xd9m\xc9\x87e\
\xc1\xbfz6\xa4\xd3\xf5\xe0y9\xa0\xf4\xf8\xfe&Q\
\x14\x96\xd6\x13\x94\x9b\x01=7\xa3\xeb\x13\x1f\x22\x9cF\
\xddf\xc4\xfc\x0fa\x0d7\xe1)\xfb\xb3\xc8X\xba\x05\
k\x0a\xfb\xdc,.\x89\xbd\xca\xd28X}\xd8w\xdc\
\x0e\xdd$\xf2*\xab\xf1n\x0b\x00c?\xba\x10\x85$\
\x81<\x09VG\x11\x13\x91\x0b\xf2\xdf\x0d*\x03^\x03\
\xa0\x1a\x17\x8e\x00\x5cn\x04&L\x05\x5c\xae\xae\xcf\xb5\
!QUY\xad5\x95+\x90\xb7\xe8\xed\xd4\x049l\
\x1eV\x85\x9eB\x9a~\xb1-M\xbd\xd3\xa1\xce\xf9\x89\
\x88\x18\xa3\x82\xdc\x1e\x80\xc5o_%\xfa6\xe4hE\
\xe0&p=,\xbf\xe0\x05\xdd\xcb\x82^N\x88\xe3j\
\xc3J\xe2\xf7V\xea\xa18\x82\xd8\x0cG\x10\x9b\xe1\x08\
b3,{\x96\xc5n^\x87t\xedJ\xcc_\x1au\
\x06\xb9<\xe0\xfds\x00w\xbc.\x17l\x91 \xd2\xf9\
3po^\x0fp]\xb8mJM\x83:wI\xdc\
\xf6\xf0,\xa9\xb2\xe4S\xc7\x0c\x11\x03\xb8\xff\xcf\xbb\xf8\
\xb9!\xb6\xcd\xc0\x12A(K\xccw\xe0\x9d\x22+\xe0\
\x19}\x8d\xb3o0\x96TY\xda\x13O\x82<^H\
\x0dW\x00\x16\xf3\xc29\xe1\xc8\x0a\xf4a#\xc3Vg\
\x88'\xaci\xd4\x99\x04}T>\xf4Q\x96x\xb75\
N\xb7\xd7f8\x82\xd8\x0cG\x10\x9baI\x1b\xc2\xee\
\xde\x86k\xc7\x07`Wj\x01.n`h\x0a\x12\x03\
e\xf5C\xe0\xb9\x19\xa0\x14\xf1K\xc1[\x22\x88r\xe0\
CH\x9f\xc7\xef\x87\x9c\xec\xc29({v 0\xe5\
\x07\xc2m[Se\xe9\xc6\x0c\x0aM\x85\x1b3\x9bm\
\x89 Z\xe1\x04\xf0\xbe\x03\xe2u\x93\x17Pf6\xb4\
\xe2g\x0d\xb1mI\x95E\xa9iP\x7f\xf8\xb2\x15\xae\
m\x8f\xd3\xcb\xb2\x19\x8e 6\xc3\x11\xc4fX6A\
%\x9d;\x05\xa9\xbeN\xe8\x04\x95)0\x06\xca\xec\x0f\
}\xe8c\x86tJ\xacY\xe2\xef\xe3\x83pUo\xb6\
\xc2\xb50\xd8\xb8I\xd0\xf2\xc7\x0b\xb7kI\x95%\xd5\
\x9a\xbe\xa3\xa9p\xa4K\xc6L\x82Y\x22\x08\x1f\xf2h\
\xdc\x8eA\xda\xd0\x87\x8e0\xc4\xae%U\x96>|4\
(-\x03\xec\xea\xe5nl\xec`\x1d\x94\x99\x0d\x9e\xfd\
MCl[\xf7I[V\x7f\xc0\xc8\xa9\xdc8\xc5\xe9\
\xf6\xda\x0cq\x82(\x9e\xd0\xca'\x0e\xab\x22at\xfc\
\xed\xb7\xdd\x11_\x0dq\x82\xec\xab\xba\x03\xa0}#\x8d\
\xd6\xb0}\x9a\x1e\x1eZ\xef\x06\xa7T\x1c\xad\x08\xdb\x08\
\xf1A\x88\xac\xb2\x08\x0c\x97\xdb\x12\xcc\xd7\x12\xf3r\xdb\
\xf1\x0ckn\x04\xf3\x05\xdd\x8c\x0cu\x88\xa2\xbe\x10\xdb\
\x86\x10v\x06'\x95c\x11,\x9c\xdc\xc3\x08\xff\xcdT\
\x1dMy\xd1\xdbw\xff58)\x7fr\x08\xd2\x17\x0f\
\xcfZ\xee\xd2\xc5s\x90?9\x14\x92G\x1c\x7f\x8f\xc6\
\x86\x90\xcd\x10\xdb\xd0\xea\x8e\x7f\xa1\x0c\xc8\x9b\x00`\xe0\
\xfdp \x9f=yo+\xef\xbe\xfd\xe2~0\xf8@\
\x88 \x7fz\x04\xeem\x1bB_\x91e\xd8\xeb\xaf\xa9\
z-\x1aS\xc2\xc7!\x9c\xf4\xc5\x12\x93\x0e\x00\xb8\xb7\
R\xb2\xae\xc3\xb5\xf3\x1fP\x8e\xec\x01\xcf\x1d\x06J\xeb\
\x03R\xe2co\xb1.\xd1\x02\x90n]\x87t\xfe\x0c\
\xd8\xf5\xa6\x8eG\xefp\x86\xc5\xd1\x9a4\xe4\x96\xf5\xe4\
\xcf\x9f\xc2$l\x04 |7\xe58A\x95\x18f\xb5\
\x1c\xa8\x8c\xfa\x09\xaaauHB\xc1\x82Bb\xb4\x01\
\xc0\xc3\xb6\xcc\xcfUpV\xea;\xb4no\xd7\xa7\x86\
#\xb4\x0d\x09F\xbb|\xacNK\x1fQ\xa1\xb8\xe4V\
\x00C\x00\xa4\x1a\xe5\xcb&4\x00X\xe5\x93\xe9y\xad\
\xa6\xf2\xb3X\x8d\x98\xd5\xca\xb2\xc4\xa2\xf9\x8fs\xce\x1e\
c@\x16\x18\xf5\x8c\xd5\xca\x18q\x02\xae2\xa23\xad\
59\x87\x81\xf28\x9bmsppp\xe8\x16\xff\x07\
\x8f\xec\xc1\xc6\x8e\xecy\xc6\x00\x00\x00\x00IEND\
\xaeB`\x82\
\x00\x00\x0b\xe8\
\x89\
PNG\x0d\x0a\x1a\x0a\x00\x00\x00\x0dIHDR\x00\
\x00\x00d\x00\x00\x00d\x08\x06\x00\x00\x00p\xe2\x95T\
\x00\x00\x00\x06bKGD\x00\xff\x00\xff\x00\xff\xa0\xbd\
\xa7\x93\x00\x00\x0b\x9dIDATx\x9c\xed\x9c}p\
\x14\xe5\x1d\xc7\xbf\xbfg\xefr{\xe1%b-\xef/\
\xc6\xb6\x82\x0e\xadHH\xee\x12pZe,\xa6\xc8t\
*\xd2\xceh\xcb\x90\x17\xa3\xd6\x06\xdb\xa9\x03\x8auJ\
\xfb\x87\xb5\xc5?\xaaX\xb41A\xa7X\xdf\xa2T\xdb\
\xa9PGZl!\x17\x84\x08\xad\xe8\x14yq$\x11\
\xda\x80\xd2\xbc\x90{\xdd\xe7\xd7?\x12pwswf\
\xef\xf6n\x8f\xc9~\xfe\xdb\xdf\xb3\xbb\xcf\xf7\xf2\xcd\xee\
>\xcf\xb3\xbf\xdf\x02..........\
.......) \xa7\x05\x14/\xac\x9d\xca\
\x92\x162\xd3\xe5\x00\xcf\x01h2\x88/\x02c\x0c\x01\
q\x06\xf7\x03\xd4K\xc0\x07\x92q\x88\x04\x0eFbJ\
\x08\x1dM\x03Nk\xcf\x05\x8e\x18\xe2\xaf\xac\xab\x00\xf3\
\xad\xcc\xb4\x04\x84\xd9\x19\x9c\x22\x06\xc2\x1e\x92\xf4*%\
\xc4\xb3\x03\x1dM'm\x17\xe9\x10\xf93\xa4\xba\xd1\xe7\
;\x13\xae%p#\x80+l<\xb3F\x84\xed\x0c\xb9\
!\x12z\xeaM\x1b\xcf\xeb\x08\xb97d\xc5\x0a\xc5\xd7\
5\xfeNb\xdc\x07`j\x8e{\xdbE$\xd6\x86C\
O\xb6\xe5\xb8\x9f\x9c\x91SC\xfc\xc1\x9a\x80\x84x\x9c\
\x80\xab\xd3\xecv\x0a\xc0N\x22\xde+\x19\x87\x18\xe2\xb0\
\x10<\xe0\x13E\xbd2vV\xc4\xd9S\x22\x84\x98\xc0\
\x82g3\xe3J\x80\x16\x01\x1c\x04\xe0Kq>\x06\xe3\
)/\xc7\xd7\xf4\xbd\xf5\xbb\x8f\xed\xffU\xb9%G\x86\
\xac\x17j\xb0s\x1d\x80\xf5\x00\x94$;|L\xa0g\
A\xfcL8\xd4\xb2\x17\x00[:}\xe5\x0a\xbf_\x96\
,\x05\xf1J\x06\xaa\x01x\x86\xefD\x1fA\xf0-\x91\
\xb6\x96\xbf[\xd7\xef\x1c\xf6\x1bR\xd6P\xa2\x16i/\
\x82\xf1\xf5$\xad\x9d\x0cz8\x1a\x17\xcdv\x8d\x92\xd4\
\x8a\xfaR\x08\xac\x01\xb8\x06\xc3\xaf\x9a\x041\xee\x0b\xef\
iy\xd8\x8e\xbe\xf2\x81\xad\x86\x8c\x09\xd4OJ\x10o\
Kr\x8b\x8a\x13\xf8\xf1\xb0\xaa\xde\x8f\x9d\x9b\xfa\xed\xec\
\xf3\x1c\xbe\xaa\x86/\x90\xd46b\xf0\x8a1@\xa0\x8d\
\xe1\xf6\xe9?\x04\xd6\xcb\x5c\xf4m'\xb6\x192\xa6|\
\xd5dMQ\xfe\x01\xe0\x8b\xa6\xa6\xf7\xa4\xc0wbm\
-\x07\xed\xea+\x1dje]-\x18\x1b\x01\x14\x1b[\
\xa8%\xd2\xde|\x1b\xac\xde\x1e\xf3L\xb2\xfb\xbbu\xca\
\x1aJ\x84\x827\x88p\xa5\xa9\xe5\xf9\xc8@l\x99\xb6\
\xef\xe9\x8fl\xe9g\x04$\xba\xf6\xef\x17S\x16\xbcJ\
\x82\xab\x01L\xd05\xcd\xf7L\x9f\xaf&\xba\xf6\xbf\x91\
/-\x99 \xb2?\xc5z\xa1\x16i/\x12a\x9e>\
J\xe0G#\xed3n\xc5\xbf\xb6\x9c\xcd\xbe\x0fk\xc4\
\xf6>\xf9\xae\x88+\x0b\x09\xf8\xa7\xa9i\xad\x1a\xac\xab\
\xcf\xb7\x1e+d}\xcbR\x03\xf5\x0f\x80\xf8\xe7\xa6\x93\
n\x0a\xb7\xb7\xdc\x95\xed\xb9\xb3\xa6\xac\xa1\xc4\xef\xd5\xde\
d\xe0*]4\x22\x08U\x03\xa1\x96\xfd\x8e\xe9JC\
VW\x88?P\x1f\x04\xf1OM\xe1\xe7\xc3\xed3\x1a\
\xb39\xafmt4\xf5\x80\xe9F\x00]\xba\xa8*\x19\
\xbfGuc\xaay\x8c\xa3dn\xc8\x8a\x15\x8a$\xde\
\x04\xe3s\xe8\xfd\x88\xc2\x0d\x854\x9a\x09\xefi\xee\x22\
\xc8\x9b\x01\xc4u\xe1+\xd43\xe1{\x9c\xd2\x94\x8e\x8c\
\x0d\xf1u\x8e\xfb\xbeix\x1b\x95\x02\xcb\xb1{s\x9f\
\x0d\xbal%\xdc\xfe\xd4\x1e\x80~f\x8c\xf2:\xff\xa2\
\x86\x99\xce(JMf\x86T7\xfa\x08t\xaf)\xba\
!_C\xdbL\x88\xa8\xd3\x7fI\xa0wt\xa1b$\
4\xf3op\x9c\x8c\x0c\xf1\x9d\x09\xd7\xc2\xb8P\xd8\x19\
\xa1\xde\x07\xed\x91\x94#v\xaeO0\xf1\x8f\xf4!\x06\
j\xfd\x95+\xa79%)\x19\x19\x19B\x90\xab\xf5\xdb\
\x0c\xde\x80Pk\xd8\x1eI\xb9#\x12j\xd9\x01`\x97\
.\xe4cxnwJO2,\x1b\xe2\x0f\xd6\x04\x00\
\x9a\xa3\x0b\x9d\x8eR_\xb3\x8d\x9ar\x0aK<d\x0c\
\xd0wQ\x00oN\xcf\x91\xc1\x15\xa2\xdc\xaa\xdf\x22\xd0\
s\x17\xc2\xd5q\x8e\xe8\xac\xde\xed\x00N\xe8B\xa5\xfe\
`]\x95Sz\xccX6\x84\xc1K\xf4\xdb$h\x8b\
}r\xf2@k\xab\xc6\xe0\xe7\xf4!&\xe3or\x12\
K\x86\x14/\xac\x9d\x0a\xe0\xf2O#\xdc=\xd0\xf6\xe4\
>\x9b5\xe5\x1c\x22\xdaf\x080]\xeb\x90\x94aX\
2\x84%-4\x1d\xbe\x13\x05\xbez\x9a\x8c\x08z\xdb\
\x00Dt\xa1\x0a\x945x\x9d\xd2\xa3\xc7\xaa!\xfa\x87\
9\x88y\xaf\xbdr\xf2D\xa85\x0c\x82~\xceT\xe4\
S\x13\x979\xa6G\x87\xb5g\x88)eG\x12\x0e\xd9\
\xaa&\x9f0\x19\xb5kty\x8a=\xf3\x8a\xc5\x87:\
\x1b\xb2FX\x13\xc7\xec\x14\x93W\x98\x8f\x9a\x02\x051\
A\xb4z\x85\x8c\xd3o*\x82{lU\x93G\x88\x8c\
\xda\x85\xe9\xb79\x855C\x18c\xf4\x9bE^o\xde\
_>\xd9\x05\x03\x86EPf\x1a\xef\x94\x16=V\xe7\
!\x9aa\x83\x22I\xd2o.\x0c\x18\xc2\xa4\x9d\x13\xce\
(1b\xd5\x10C\xc6H\x22\xaa\x8c\xb5QK^\x11\
`\xc3\x15A,r\x92\x0dc\x15\x8b\xb7,\xd3}\xd7\
C\x97\xd8\xaa&\x8fH\x82A;\x0b>\xe3\x94\x16=\
\x16\x1f\xea\xe2\x03\xfd\xa6\x94ZA\x0c\x153A\xb0)\
\xeb\x9e\xa9 F\x8c\x96\x0c!\x92\xa6y\x07\xd9\x99\xc5\
\x9eW\x180Nr=\x851\x84\xb76Sg\x18\xdf\
\x082\xae\xb1UM\x9e(.k\x98\x02CB\x1fw\
\x87w5u:&H\x87%C\x22\x03\xf1\x10\x80\xd8\
\xf9\x00!\x80\xb2\x86\xe2\xd4G\x14&\x5c\xa4]\x0b\xdd\
;\x10fjC\x81\xac\xc9Y{\x86\x0c&\xbd\xbd\xa5\
\x8b\xf8\xfcE\xdaR[\x15\xe5\x01\xc9\xb8\xc9\x10\x10\xd8\
\xe1\x90\x94aX~\x1fB\x8cW\x0d\x01\xe6\x95\xb6\xa9\
\xc9\x03%\x8b\xee\x9c@\xc0\x8d\xba\x10\x0bI\xaf8&\
\xc8\x84uC<\xfc,t\x13D\x06\xdd\xa0V\xd4\x97\
\xda\xaa*\x87\xc4\xe2\xb1:\x18\xca\x168\x14\xde\xd3\xdc\
\x95\xf2\x80<c\xd9\x90\x81\xdd\x9bO\x00x]\x17\xf2\
\x80x\xad}\x92rH\xe5\x0a?\x13~l\x8anr\
DK\x0a2L\x94\xa3_\x197\xb1\xca\x17X\xf5%\
\x1b\xf4\xe4\x14?\x8f_\x0d`\xf2\xf9\x00\xe1d\xa4\xaf\
\xaf\xd59E\xc3\xc9\xc8\x90H{\xf3N\x98\xd2i\x88\
\x94\xdf\xd8#)7\xf8\xcbkf0\xf0\x13}\x8c\x81\
\x07\xf1nk,\xd51N\x90q*)\x01\xf7\xc28\
T\xbc^\xad\xac\xad\xcb^R.X/\xd8#\x9a\x01\
\xe8\xd7\xde>\x88\xf6\xf669\xa5(\x15\x19\x1b\x12n\
o\xd9\x0d\xf0\xd3\x86 \xd3\xa3EUus\xb3Ve\
3j\xb0\xeb>s\xcd#K4\x16\xda\xd5\x01dY\
\x8e\xe0\x8d{\xd6\xc0\x98\xe3T,$\xfe84\x13.\
\x08\xfc\x81\xda\xe5\x00\x1b\x13\xad\x09[\xa2o\xb5\xfc\xd9\
!Ii\xc9\xca\x90\xbe\x8e\xa6\xd3 y\x0b\x8c\xefI\
J\xd9\xabm\x1f_Ywqv\xd2\xb2G\xad\xa8\xbf\
\x8e\x89\x9e\x81\xb1d\xe2p\xc4\xa7\xadNu\x8c\xd3d\
]c\x98\xe8:\xf0\xa1w\xc6\xd5a\x80\xae\xd7\x85'\
i\xc02\xef\x94y\x7fJ\x9c8\xd0\x9bm\x1f\x99\xe0\
\x0f\xd4.\x87\xc0\xcb\x00T]\xb8_j\xe2z\xadm\
sA\xac[%\xc3\x86\x1aC \x1c\xda\xbc\x81\x08\x8f\
\x98\xc2W\xb2\xa2\x84\xfc\x81\xdaEv\xf41r\xd6\x0b\
5X\x7f?\x13\xbd\x00\xa3\x19\x00\xe0%\xc1\xb3\xf2\xab\
\xc7\x1a\xf6T\xe1\x02Ht}\xf3u\xcf\xb4\xde\x19 \
C\x11\xcfx\x10\xad\xf4L\x9f\xcf\x89I\xe5!\x9c\xec\
\xc8ie\x95\xbf\xbcf\x86gV\xdf\x8b\x00nC\xf2\
\x7f6\x0f\x11nV\xa6\x95\xbd\xad}\xf4\xf6\xe1\x5cj\
\xc9\x14\xbb\xb3\xbeI\x0d\xd6\xfd\x02@\xb2\x99\xfb{\x00\
\xdf\x1di\xdfl\x7fY\xf2\xd7V\xa9\xfe\x88r7\x03\
\x0f\x00\xc6D\x0c\x0c\xbev\xf6\xc2\xf8\x95\x87(3\xdd\
\x14\xdd\xd3\xfc\x1a0\xf8\xb9(\x06\x16\x83Q\xc2\x8c\x93\
,\x94\xbf\xc4BM\xff\xb6]\xe7\x08\xc8I\x1a\xbe\x1a\
\xac\xbd\x0d\x10\x8f\x00\xecO\xd2\xbc\x9bI<\x14\x9d\xfe\
\xbfmhm\xd5\x92\xb4\x8f\x98\x92EwN\x88\xc5c\
uC\xcb!\x93\x93\xecrXj\xe2[$x\x16\x11\
o\x85\xc9\x14\x10\xdf5T\x8e\xf05\xd3q\x0c\xe0\x85\
H\x5c\xb9\x03\x1dMyMu\xcaY]DQ\xa0\xfe\
+\x82\xf8y\xa4\xfe6\xd6\x09\x06?GR\xbc\x16Q\
zB#-i\x18S\xbej\xb2\xf4(\xd7I\xc6r\
\x02\x96\x22\xd5W\x81\x08[\x221\xa5\xf1\xdc\x1f\xd4\x17\
\xa8\xffF\x12S>\x8b\x83\x1e\xe1]\xdc\xdf\xf6D\xb7\
\x85c\xb2\x22\xb7\x85*\xd5\x8d\xbe\xc1jW^\x87a\
\x9f\xba0\x10\x01\xf8\x1d\x80\x0e\x81p\x98\x98\xfb\x99E\
?\x0b&\xc1\xb8H2}N\x10\xcf\xe6As\xd3\xaf\
\x99\x11\x8e\xb1\x86\xd5\xc9\xe6\x19\x17\x82)y\xa9\x1cR\
\xab\xeafA\xd2\xbd)\xbe\xd8c\x17\xffa\xf0\x83\xd1\
\xbe\xbe\xdf\xa6\x9b\x81\xab\x95\xb5u`\x1aV\xf1\xa5-\
\x9e\x039w\x1a\x94]G :>47\xe7\xcd\x94\
\xbc\x96r\x15/\xac\x9d*\x13t;\x08\xdf\x03`\xc7\
;\x14\x068\x04`S\xa4\xaf\xafu$K!j\xb0\
~'\xc0_\xd5\xc7\x125UH|{\xc1\xd0\x19\x19\
\xde\x8d\x7f\x83\xb2mXAq^Lq\xaa\xb6\x8e\xfc\
\xc1\xba*&^\x02\xa6\xeb\x00T`p$4\x02\xb8\
\x9b\x99\xda \xb0CHz\xc5\xca\xcb%\x7f\xb0&\xc0\
\x10\xed\xfa\x98\xc1\x8c\xf3]8gJa\x14;\x965\
x}j\xe22h\x98\x0d\xa2)\x82q\x11\x03\xe3\x00\
\x8e\x13a\x80\x19\xa7\xc0\xf8\x90\xbc\x9e\xa3\xe1]M\xc7\
3\xed\xc6\x1f\xac[\xcb\xf8\xb4\xe8S[<\x07\xf1{\
\x92}g\x0d\x80dx\x1f\xcb\xbf)\x85\x91\x9b\xdb\xd1\
\x14\x8f\x02\x87\x80\xdc\xd6\x9bH\xe0b\xfd\x7f\xa0\x9c\x9b\
\xa6\x02A\x10\xe2?\x18\xact3\x9927!\xe3;\
\xc6V\xdd\x91\x13SlY:\xb9``\xc3\xca4\x94\
]G\x00N\x93\xfd3d\x8aV=\xec\x8d\xc29S\
&\xda-\xd1\xb6\xa5\x93\x0b\x01efy\x0f\x81\xef\xc2\
\xd0\xad\x9aN\xf6\x80>\x19\x80\xac\xb8\x14\xa0\x14wo\
\x22\xc8\xf2KAg\x06 \x8e\x18.\x88\x89\x92e\xb5\
:3\xf0r\xacs\x9fme\x19\xa3\xca\x10\xad\xab\xe3\
\xb4g\xfa\xfc9\x00\xce\xff\xcb\x8b#\xdd\x83\xa6\x94\x17\
\x86)\xa3\xca\x10\x00HL*\x7f\xc3\xa3\xf0\x8d\x00\xce\
\xdfn\xc4\x91n\xd0\x99\xc20e\xd4\x19\x82\x93\x1dQ\
\xb5t\xdeK,\xc5\x0d\x00&\x9d\x0b\x8b#\xdd\xa0\xd3\
\xfd\x90\x81\xd2\xf4\xa6T\x5c\x0a\xea\x89@\xbc\xff_}\
\xcbD\xc9\xda\xb2\xa2I\xe5[\xe3';\xb2\xaa3\x19\
}\x86\x00\x88\x1d?0\xa0\x96^5\xdc\x94\xa3\xa7F\
fJ\xf9\xac$\xa6\xd0%\xac\xc8\xa5\xd9\x9a2*\x0d\
\x01\x0a\xd7\x94Qk\x08P\x98\xa6\x8cjC\x80\xc23\
e\xd4\x1b\x02\x0c\x992\xb3\xe2e\xc9\xb2\x1a\xfa\xd1\xd7\
\xd1S#\x1b}-\x98\x05\xfa\xe4,\xc4\x91S\xfa\x86\
KX\xe1%j\xe9\xbc\x97b\xc7\x0f\x8c\xf8;\xf7\xae\
!C\xc4:\xf7\x9dUg\x06\x86\x9b2\xd2!qE\
i\x12S0QJ15\xd1\xf5\xf6\xd6\x91\xea\x18]\
K'\x9fA\x7f\xdb\x13\xdd\x1e\xe1]\x0c\x18K\xf7\x94\
m\x07\xe1\xdd\xf8W@\xa6_f\xd1\x96]\x05x\xcc\
\x7fRi\xa90\xd65\xc4DJS\xb6\xbf\x9b\xd6\x14\
:v\x0a\xdeu[\x81\x84!\xb1\x86\x89\xe8\xd7V\xfa\
woYI\x88u\xee;\x9b|\xf2\x98\xfcAO\xc7\
N\xa1h\xdd\x1f@=\xfaOp\x81y0\xcb\xa6\xc5\
J\xdf\xae!)\x18\xe9\xe8+\x9d\x19\xd1\xf6\xcd\x1b\xad\
\xf6\xeb\x1a\x92\x86\xcf2\x05\x13\xc7\xa1\xe8~\xfb\xcc\x00\
\x0a\xe5\x8da\x813\xb6\xea\x8e\x89\x09\x19\xdf\x01\xdd*\
1\x80\xc1\x07\xb8\xe9\x99\xc1\x84\xd5\xd1P\xcbc\x99\xf6\
\xe5\x1a2B\xc6^S\xf3y-\xae\xec`\xf0\x97S\
\xec\x92\xd5\x95q\x0e\xd7\x10\x0b\xa41\xc5\x163\x00\xd7\
\x10\xcb$1\xc563\x00\xf7\xa1n\x99\xd8\xf1\x03\x03\
\xfeI\x0bZ\xa5\x82i\x00G\x89h\x8d\xd5\xa1\xad\x8b\
\x8b\x8b\x8b\x8b\x8b\x8b\x8b\x8b\x8b\x8b\x8b\x8b\x8b\x8b\x8bK\
F\xfc\x1f\x81\x93\xcdk\x08\xbc\x99\xa3\x00\x00\x00\x00I\
END\xaeB`\x82\
\x00\x00\x13\xc4\
\x89\
PNG\x0d\x0a\x1a\x0a\x00\x00\x00\x0dIHDR\x00\
\x00\x00d\x00\x00\x00d\x08\x06\x00\x00\x00p\xe2\x95T\
\x00\x00\x00\x06bKGD\x00\xff\x00\xff\x00\xff\xa0\xbd\
\xa7\x93\x00\x00\x13yIDATx\x9c\xed\x9d{|\
T\xd5\xb5\xc7\x7fk\x9fs&3\x09\xcf\x18\x10\xf2D\
\x11D\x05\x84\xf0\x0a\xa0(\xben\xb5\xd7j-\xe8U\
\xa1B\xa2T\xdak\xed\xa7\xd7\xfa\xf1\xda\xd6b?\xbd\
\x1f[\xad\xf6j}R\x12AE\xaf\xad\x8f\x8bZ\xdf\
 \x88\x90\x84Wx\x06\x04y\xe5A@I \x102\
\x8fs\xce^\xf7\x8f\xc9c\xced2939\x03\xc6\
;\xdf\xcf\xc7\xcf\xc7\xb3g?\x16\xb3r\xf6\xdek\xed\
\xb5\xd7\x00I\x92$I\x92$I\x92$I\x92$I\
\x92\xe4\xff5t\xa6\x05\x88\x89\xcb\x7f\xda\xcb\xe3\xf5\x8d\
a\x82\xdbV}A\x01\x9f_\xd9\x82\x8d\x0b\x1b\x13,\
\x99c\xf4\x18\x85\xb8\xa7\x14\xe5\x81Q\x0a\xc6\xe0X\xda\
1\xe3\xb8d\xbe\x5c_W\xb2%Q\xb29\x898\xd3\
\x02\xd8F\xd2\xacX\x95\x01\x00D\xe8\xa7\x0a\x9a\x97\x08\
\x91\x12A\xcfQ\x08xH\xdcM\x09y\x0e\x0a\x92P\
\xd43-\x80]\x08<\x88CfX\x99\x9f\x0bNK\
\x89\x5c7`@\x94\xefo\xaf\xcb\x14\xf3\x9bu\xa6\xe8\
1\x0a\x91\x10\x99\x04n{\xd6\xef\xbd\x12<\xb0w\xe4\
\xca\xba\x09\xf7\x0d\xcf\x02\x1c\xacO\xc4=F!=f\
\xca\x22\xf0\xa0\xf6\x07\x02\xf7\xf3t^YS\xc0\xbdB\
\xde\x1e\xc6@\xcc\x9c\xa9$P<\xc7\xe8!\x0aY \
\x00\x0cl}\xe2^)\x80\xab\x8b\x97;=5\xf4I\
I;\x906 !\xa29\xcci\x99\xb2\xdc\x13\xef\xbc\
\x02\x82\x9f\x04\xd8\x0b\xe2_\xf9J_\x5c\x15K\xfb^\
S\x0eg\x182D\xd6~\xa9Qj\x07\xe1\xfei\xa0\
\x83\x0d\xed\xcf\xaa2\x18\xc0\xe1X\xc6M\x9br\xd7\x18\
S\xca\xbf\x02\x9cA\x8c\xdfx\xcbK\xde\x8c\xa5}<\
$\xfc\x0dI)(\xbc\x16\x82\xdf\x070\x12\xa0\x09`\
\xf1I\xca\xe4\xa2\x9f\xd8n?e\xdeP\x83\x03\xff\x1e\
Z\xc6g\xd9P\x88\xf5\x0d\x01K.rM\x9a{\xa1\
\xddq=\x93\xee\x9caJ\xf9\x05\x80K\x00\x1a\xc1D\
\xaf\xbb\x0b\x0ao\xb7\xdb>^\x12j\x18\xa6L\xba\xf3\
:\x22~\x0b@\x87\xed\x101?\xe3\xf5\xe4\xfe\x02+\
\x17\x18\xe1\x9f\xf5\x9ar\xf7@S\x06f\x01b\x0e\x83\
G\x85\x7fnN\x1f\x01\xfd\xfek\xa2\x8e\xad\x16\xaf\x81\
\xfa\xc6\xc6\x8e\x1f0\xbe\x84\xc0\x12!xI\xf3\x9a\x92\
C\x11\x9a\x92\xbb\xa0\xf0!\x80~\x87\x8e\xdf\x8fID\
\xb3\xbd\xa5\x8b^\x8b:x7H\x98B\xa2)#d\
\xf8O]\xc4\xb7\x9c(-n\x08\xb6\x993\x8cH\xf9\
\x15\x80\xd9@\xe7\xee\x11c\xf6d\x18\xb7M\x88:\xbe\
\xf2\xe1\x0ehO.\x8fVE\x07\xd3kR\xd2\xa3\x81\
\xf5\x7f\xdb\x01\x00\x187/\xd5\xad\x99\x8b\x01\xcc\x8c\xd2\
\xce \xf0\xed\xde\xb2\x92\xbfG\x15 N\x12\xa2\x90\x88\
\xcah\xd9\xf9\xd0\xb1\xe6\xf0\xea{ \xa9\x88\x04\xdf\xca\
\xc0]\x88\xb6\xae\x11A\x8e\xcd\x81\xfe\x9f\xd7ZwQ\
\x91\x08\x18\xd0\x1e\xfb\x18\xca\xda\xbd\x80\xe4h5%\x80\
\x97\x88\xe9\x05Ix\x86\xc0\xf9\xa1\x1frZ\x0aH2\
\xe0\x0d\x84\x16\x1b\xc4t\xab\xb7|\xd1\x1b\xd1\x85\x88\x1d\
\xc7\x15\xd2\x992\x02\xbf\xfd>\xf8\xdc\x0ch\xbf\xff'\
\xc4\xee#\xf6;Lu\xc1\x9c2\x14r|\x1e\xe4\xe8\
lp\xff\xae\xd7\x8fP\xe8\x84\x17bK\x0d\xc4\xc6*\
\x885_\x81\x9a\xfc\xb6\xdbrv?\x04~w=\xe8\
\xb8\x17\xae\xdf.\x03|z\xe8\xc7:\x81\xfe\xcd[\xb6\
\xe8\xad\x98\x04\xeaJ^';\x8b\xa6\x0c9\xa1\xc5\xf3\
\x110\xa0=\xf1\x09\x94U{\xa2\xf6%G\x0c\x82y\
\xc3\xc50\xa7\x0c\xedz\x8bk\x97\x80\x01\xa5|?\x94\
w\xb7Al\xab\x89>~~\xae\xe5M\x14\xdbj\xe0\
z\xe8\xdd\x0eJ\x11\x84\x9b\x9bK\x8b\xff\xd7\x19\x01\x1d\
T\x88-e\xb4\xc2\x0c\xf5\x7f\xd6C}\xb9\xbc\xcd\x9a\
nE\x8e\xcc\x841\xab\x00\xf2\xe2l\xa7D\x8b\x88\xd8\
Y\x07ui9\xc4\xc6\xaa\x0e\x9f\x99?\xb8\x18\xfa\xbc\
i\x80b\xfdz\xc4\x96\x1a\xb8~\xf7\x0e\xe0\xb7\xecC\
\x02\x0c\xcc\xf0\x97\x15\xbf\xeb\x84\x5c\x8eX\xaf\xee\x82\xc2\
\xab\x88\xb0\x0cv\x94\x01\x04\xd7\x82QY\xe0!\x19P\
\xd6\x1f\x04\x0c\x13\x9c\x9e\x0a\xe3\x9e\xe90\xee\xba\x14<\
\xa8\xaf\x13bE\x85\x07\xf4\x86y\xc5\x08\xc8\xa1\x03 \
v\x1f\x09Ne\x9a\x02\xfdg\xd3a\xdc6\x11\x10\x1d\
\xffVyP\x1f\xc8\x11\x83\xa0\xac\xfe\x0a0ek\xb1\
B\xc0\x8f\xd4\xec\xb1eFM\xc5\xbe\xee\xca\xe5\xc8\x1b\
\xe2)(\xda\xc2\xc0\xe8\xb6\x02MA\xe0\xa1\xefC\x8e\
\xef\xdaAK\x8d^\xd0\x81z\xc8\x11\x83\x80\x943\xe4\
Z\xd3M\x88\x9d\x87\xc1\x99}\xc1\x19\xbd\xba\xac.6\
U\xc1\xf5\xf0{@\xa0\xfdMa\xc6f\x7fy\xf1\xd8\
\xee\x8a\xe2\xc87\xc0\x80e\xeb\xc4\xa9.p\xeeY\xf6\
\xda\xf6\xf5\x80\x13<=u\x89\xa6@\x8e\xce\xb2]\x9d\
\xb3\xfb\x83=\x1a(D!D\xf09!\x8a#\x96:\
\x01\xf7\x01h\xdb\x17R\xa3\x17\xae\x05\x1d\x16\xc0\xef\x06\
>\x1d\xae\x87\xdf\x035zCK\x03-\xdfA\xb7q\
d\x0d1j*\xaa\xd5\xec\xfcj\x007\xb6\x96\xd1\xf1\
f\x88}Ga^6\x1c\xa0\x1esR\x1c\x1dfh\
\x7f\xfe\x18bsu\xf8\x07\xf3}e%\x8e\xec\xb4\x1c\
sI\x1b5\x15[\x94\xec\xfc>\x04Ln-\xa3C\
\xc7\x01\x93!\xc7\xe485\xcc\x19E]R\x06\xf5\xfd\
m\x962\x06?\xee/+\xf9\xa3Sc8zF`\
\xd6\xdc\xf0\xa9\x96\xdd8\x0e\xa0\xe1\xade\xa2\xb2\x0e<\
\xb8\x1f\xf8\x9c\x0c'\x87\x02\xd57A\xec>\x02\xb1\xad\
\x16\xa2\xb2.\xf8\xffU\xf5\xa0\x93>@S\x80T\x97\
\xa3\xe3)\xab\xf7@{\xe1sk!\xf3G\xfe\xdc\x93\
sQY\x19\xd5\x15\x10\x0b\xce\xcf%\xe3\xe6\xf5uk\
\xe6Z\x00\xed\x9eU\x97\x0a\x7f\xc9\x8f\xc1gu\xbd\x83\
\xe9\x14\xc9\x10\xdbj\xa1\xac\xfc\x12bS\x15\xe8\xeb\x93\
Q\xab\xf3\xd9} \xf3saN\x1f\x0e92\xab[\
\xd3&\xd57!\xa5\xe8\xa5p\xfb\xa3\xd2\xc7\xbe\xc9(\
_z\x22\xee\x8e#\x8d\xe5dg\xadx\x0a\xe6Nb\
\x88\xb2\xd0\xb2\xc0\x7f\xdd\x08\x99\x9f\x1b{g\x92\xa1\xac\
\xd8\x05\xf5\xf5\x0d\xa0\x9acq\xc9\xc3\xb9\xe90n\x9d\
\x00s\xda\xf0\x88\xf6EW\x88\x8dUp\xfd\xc6\xbaD\
\x90\xe0)\xde\xb5%\xa5q\x09\x14\x85\x04m\xfc\x95\xdb\
\x11r\xfe\xcd\xfd\xd3 /\xca\x8c\xb9\x17\xb1\xef(\xd4\
'\x97\xc7\xe6\xfb\x8a\x00U5@\xfb\xd3GP\x96m\
\x85~\xeft\xf0\x90\xd8\xa6O92\x13\x9c\x9e\x0aj\
\x08\xd9\xddK\x9a\x05\xc0q\x858\xef\x5c\x9c2o(\
Is'\x00\xad\xb5L\xbf\xef\x1a\x98W\x8e\x88\xa9\x1f\
\xe5\xbd\xad\xd0\x16\xae\x06t3\xe2\xe7\xecI\x03g\xe6\
\x80S{\x83{\xf5\x01T\x15\xf05\x83\x8e7@\xd4\
\x1c\x00yOE\xeeXS\xa1\xcf\x9f\x06\xf3\xda\x91\xb1\
\xc9\xf3\xd9.h\x8f~\x1cZ\xa43\xe1B\x7fi\xf1\
W1u\xd4\x05\x8e\xbf!B\x9a\xff\xc1!\xca\x90\x17\
\x0e\x86y\xc5\xf9\xf6;`\x86Z\xfc\x05\xd47+:\
~\xa6\xb9`\x8c\x9e\x089\xfc\x22\xc8\xcc\x5c\x80:1\
\xa3XB\xd4VA\xd9\xb3\x1d\xca\xd6\xf5\x80\x1e\xe2:\
\xd7\x0dhO\xad\x00\x1dn\x841g\x8a\xed\xb5\xc5\xbc\
\xfc|(\xff\xdc\x0e\xb1\xa3\xedLK#\x89\xfb\x00\xdc\
m\xff\x1f\xd75\x8e\xee\xb2z\x8f\x9b\x97a*X\x82\
\xd0\xb7\xe3\x17W\x813\xfb\xd9\xee#\xa22\x84\x80y\
\xf1D\xe87\xcc\x82\x1c>\x12\xdc\xa7_\xf4/\x92\x08\
\xdc\xa7\x1f\xe49\xc3a\x8e\x1c\x0f\x0a\x04 \xbe\xa9\xb3\
82\xc5\x8e:@7!\xc7\xda\x5c\xd7\x88\xc0\x03{\
CY\xbe+\xa4\x0c#\xdd\xe7\x8cY\x18\xa8\xda\xdc\xe1\
\x90'^\x1c=S74s6\xc0m\xf19r\xe8\
\x00\xc8\xb1\xf6m\x10\xe5\xdd\xad\x1d\x94\xc1\x9eT\x04f\
\x14B\xbf\xeaFpZ'qXQ\xe0^\xbd\xa1_\
s#\x02?*\x04\xbb\xadg)\xea\xdf7B\xf9p\
\x87\xed\xbe\xe4\x98\x1c\xc8\x11\x96\x10/\xb7\xa9\x8bY1\
\x0b\x15\x05\xa7\x83\x1c\xee\x08}0\x7f8\xc6\xf6\x94 \
\xf6~\x03\xedo\xab-e\x9c\x9e\x81\xc0\xed?\x83\xcc\
\x1d\xdam\xc1d\xdeP\x04f\xfd\x14\xdc\xdf\xba\xa0k\
\xcf\xad\x02\x1d8j\xbb\x1f\xf3\xfa\xd1\xe1Es\xba-\
\x5c\x08\x8e)$e\xca\xbc\xa1\x0c\x5c\xdcV\xe0\xd6`\
N=\xcf^c\xc9P\x9f\xfe\xcc\xb2\x80\xb3;\x15\x81\
\x9b\xe6\x80\xfb\xa5;%\x22\xb8\xdfY\x08\xcc(\x04{\
B\xde\x94\x80\x01\xed/\x9fvu\xcc\xdb\x869\xe5\x5c\
\xc0\xd3nt20:e\xd2\x9caN\xc9\xd8\xfd5\
d\xf2L\x8f{pA.\x09y\x17@\x97\xb4\x16\x9b\
\xd3\x86A^6<Z\xcbv!\x96\xef\x82\xfa\xee\xd6\
\xf6\x02!\xa0\xff\xf0\xc7\xe0\xb3\xed{`m\xe3\xf6\x80\
\x07eC\xd9\xb9\xb9=\xd4\xb4\xfe\x1487\x1d<\xc4\
\x86\x87ZU@U\xf5\x10\xfb\xeb\xdb\x8aH\xd0)u\
\xf0\xd8\xfdF\xdey>\xd4Tv\x88\xa2\x89\x05\xdb\xbb\
\xac\x94Is\x86\x11\x94\xb9 \xca\x058\x0b\xc0\xd9\x04\
d2\xa3/\x14\x84\x9a\x1d\x00\x009\xcef\xb0\xbad\
\xa8\xafo\xb0\x14\x99\xa3'82Mu:d\xeeP\
\x98\xa3\xc6C\xd9\xb2\xae\xadL}m=\xcci\xc3l\
M\xb1r\xdc\x10(+\xbel/`z\x00\x0a\x1ep\
s\x1fPAQ#\x03\x87\x00\x1c\x01\xa8\x16\xccU\x0c\
\xf3E\x7f\xf9\xe2\xe8g\xd6\xadr\xd8\xfa\x17L-\xec\
M&\xad\x010\xc0b\xf0uV\x9f\x08r\xac\xbd3\
\x0e\xb1\xb5\xd6j\x81k.\x18\x93\xaf\xb4\xd5\xb6;\x18\
\x93\xaf\x82R\xb9\xb9mKL\x07\xeb!*\xebl\x19\
\xb0rlvPq\xdc\xf1\x1b`\xa0/\x82\xff]\x00\
0@\x00A\x14aj\xe1yXS\x12\xdd\xdf\x03\x9b\
k\x88\xc7\x10\x17\x01\xb0\x1d\x1b+\xf3s\xc1\xfd\xd3l\
\xd5UV}iy6FO\x8ck7\x15+\xdc\xab\
7\xccQ\xe3\xad\xb2\xac\xf8\xb2\x93\xdaam\xfb\xa7A\
\xe6\xc7\xe2\xc1\xa6\x81-\xdfa\x97\xd8\x9c\xb2\xa4\x1a\xd1\
\xa8W\x05\xb8oj0\xb4\xb3\x7f\x1a8=\x0d\x9c\xdd\
\x1f\xc6\xb5\xb6\xc6\x06\x10<\x0e\xb5\x8c4<6\x0b\xba\
;\x98\xc3GB\xd9\xb4\xb6]\x96\x8a\x8e\x01\x0f\x9d\x11\
x\xf0:\xa8\x1f\xee\x00\xd5\x1c\x035\x9c\x02\x8e\x9d\x02\
\xd57\x83\x1a\x9b\x01CFh!m}\xd7qY\xea\
r\xfc\x10\xe8\xbf\xbc*\xe6\x18\xa9p\xa8\xbe\xc9\xe2\xb5\
\xe5\xd44\xc8\xcc\xd3wv\x22\xb3\xf2\xc0\x9eT\x907\
h\xd7Q]#\xa8\xa1\xb9C\x5cpDR]0n\
\x8a|\x84N\xc7\x9a\xa1=\xf1)\xc4\x86\x031\xcb\x14\
\xd7\xb6\x97=j\xb7\x95\x01\x00Tm\xf5\xde\xf2\xe0\x9c\
\xce\xdd!\x89\x80\x048\xcbz\xdb-^\x8fr(\xdc\
?\x15\xec\x89\xcf+uF\xef\x87\xd0\xd1&\xcb3\xa7\
&~\xed\x08G\x86\x19\x8a\xf4M\x97\xebnB9\xb3\
\x17v\x9a-\xf1\xb2\xe0\xde\x89\x8f\xc7\xea\x80+,\xa6\
;L\xa6\xd3\xcd\xb7\xeb\x06\x958\x03\xe2\xc8p\xf7\xbe\
c\xa7\xb1qqf\x15\x12~\xee\xedw$\xb4)&\
\xa8)l\x8ar\xf8,>V\xce\xa8B\xc2\xa3\x04\xe9\
\x98}'\x9fSP\x935\xeb\x06g\x9c\xfeu,\x94\
\xb8\x14B^#\xd2=\x8f\x98\xe1\x9c\xfeVaj\x0f\
\x02\x1ci\x0f\x9f \xa4\x04\x1d\xb6F\xc1sN\xf7\x9d\
\x99t\xdc\x0b\xf2\xc6\xe7\xd2\x8ako&6\x1c@\xca\
m\x8b\x22\x1b\x86Y-\x86\xa1\x8dW\x9f\xcf\xea\x05>\
\xbb\x0f\xe8H0p\x83\xbc\xa7 j\xab \xb3\xe3O\
\xda\x10\x0b\xa2f\x7f\x9b\x0d\x02\x00<\xb8\xaf=\x1b\x04\
\x08^m\xf8h\x07\xc4\x81\x86\xa0ax\xbc\x19t\xb4\
)\x18\xd1\xd8\xc9\xb1\xb3\x1dl*D\x18\x11\x17;C\
\x06\x8d\xbbz\xeb\xf6UT\x1cD\xe0\x0f7v\xac\x1f\
\x01\x99\x9f\x0b\xe5\x83\xedm\xcf\xca\x9e\xed\xa7M!\xca\
\x1e\xeb\xe1T,\x87i\xda\xd3+\xa1|R\x19\xc3h\
\xc2\xd6+ck\xca\xf2\xaar\x07\xc0_\xdb\x1ezS\
5\xe8X'A\x06a\x98a.ze\xcb:\xd0\xc9\
\xc4gS\xa2\xa6\x13P\xb6\x87y\x99\xa7\xdb\x0c\xc4\x08\
\x18P>\xdf\x1d\xc3h\xfc\xb5\xd7\xe3\xda\xdeu=\xbb\
k\xc8\x9a\x92\x93L4\x15\x8cG\x00Z\x0a`%\x80\
\x9d\xcc8\x1ey|\x8e\x10\xff\x1a\x199*\xcb:o\
\x1b:\xd4\xd2\xcfl\xb5\xed\x0e\xea\x9aO\x01\xbd=\x18\
\x9c\xf3\xd2!/\xb2\x97\x81CT\xd6\x85\x07\xcd\x85r\
\x02\xc0N\x80V\x01\xb4\x14\x8cG\x98h*V>\xdb\
\xd4Y\x03\x8b\x5c\xb6$\x00\xd0\x12\xee\xf2`\x87\x0f.\
\x9f\xe3v\xfb0\x08$~\x02\xa6\x07\xda\x84\xdeXm\
\xef/N\x10\x8c[\xc6C\xfbs{\x88\x8d\xb2}=\
\xcc\x11\xa3\x12v&\x22\x0e\xec\x81\xb2\xddze\xda\xb8\
u\xa2\xfd\xe3\xe6\x8e>\xaaE,\x94?\xfa\xfd\xa8\xc3\
\xc6\x85\xdd\xda\xedt\x7f\xdb\xbbr\xb1\xcfW\xb6\xf8\x00\
\x93\xba(\xb4X)\xdd\x1b\xed\xaf\xc8\x829\xfd\xfc\xe0\
\x85\x9dV\xa4\x84\xf6\xce\xab\x09\xd9\x06S\xc3Qh\xef\
\xbef\xd9\xcd\xc9\xe1\x03a^j\xf3\x14Vr\x87\xfb\
\x91$\xb8\xc4\xbfv\xe1\xde\xee*\x03p\xd0\x0e\xf1\xaf\
]\xb8\x97@\xed\xa1\xe1\xcd\x81\xa0RlIA\xd0\xef\
\x99\x0eh\xed/,\xf9\x9a\xe1zk\x09\xe8x}\x94\
\x86\xb1A\x0dG\xe1zk1\xc8\x1fr\xb7\xc3\xa5B\
\xff\xe5\xd5\xb6CLEEu\xb8\x0f\xee\x90wmn\
\xb9S2:k\x182\x96\x84>*\xcb\xecg\xd5\xe3\
s\x07@\xbf{\x9a\xa5\x8c\x8e\x1d\x85\xeb\x95g!\xaa\
l*6\x0a\xe2\xc0\x1e\xb8\x96>\xdbA\xc1\xfa\xfc\xcb\
\xc0y\xf6n{\x01\x80\xfa\xcefk\x01c\x09\xb0\xc0\
1\xe3\xc9\xd1@9w\xde\xc4\xbd\x92\xe5=hY\x9b\
\xe8h\x13\xe4\xc8,\xf0\xa0>\xb6\xda\xf3\xb0\x81\x80\xdf\
\x08.\x9a-\x90\xa1C\xd9\xb9\x19\xd4t\x22\x18\xf4\xe0\
\xea\x22a@\x18\xd4\xd4\x08\xed\xb3\xf7\xa1\xad\xfa\x00d\
Xot\x197\x8f\x839s\x9c\xfd\xbe\xf6}\x03m\
\xd1\x9a\xd0\x22\xc9\x02EfMECgmb\xc5Q\
\x85\x04\xaa7\x9cR\xb3\xf3\xf3\x00\xb4\xfd+\xe9H#\
\xcc\xab/\xb0\xbd`\xca\xb19@\xc0\xb4(\x05\xcc\x10\
Gj\xa1nY\x07jn\x024W\xd03\xdcY\x9f\
,!j\xf6C\xdd\xb0\x1a\xdaGoB\xd4U#\xdc\
\x8e2n\x1e\x1fS()\x00h\x7f]\x09Q\x1d\x92\
a\x08x\xdb_V\xfc\xbc\xed\x0el\x90\x80L\x0es\
\x86\x11)\x95\x08\xd9\xc1\xe9\xf7_c\x7f\x8f\xdf\x82\xf2\
\xfevh\xcf\x7f\x0e\xe8\x917\x06\xecI\x05g\xe5A\
\xf6\xcb\x00<\x1e\xc00A'\x1bA\xa7N\x82\x0eW\
[,p\x0b.\x15\xfa\xfc\xcb`~\xcf\xfe13\xd0\
r\xf3\xf6\xd7\x96+\x09,$Ol^W\xb2\xa1\xb3\
6\xf1\x90\xa0\xfb!E\xcf20\xbf\xf5\x99\xd3S\xe1\
/\x99\x13\xf3\xb5g\xda\x7f\x14\xdaS+ v\xc5\x94\
\xe6\xaaS\xe4\x05\x83\xa1\xff<\xf6\xeb\x08\x90\x8c\x94\xf9\
KAU\x96\x99\xe9\x1f\xbe\xb2\xe2\x9b\x1d\x11,\x84\xc4\
x{\x05\xbf\x1c\xfaH\x0d\xcd\xa1Q\xe3\xb6\xe1s2\
\x10x|&\xf4\xfb\xaf\x01\xe7\xc6\xef\xf4\xe3\xbct\xe8\
\x0f|\x0f\x81\xc7g\xc4\xae\x0c\x00T\xdd\x10\xae\x0c\x08\
\xc2\xabq\x0b\x14m,\xc7{\x9ct{\x1f7\xb9K\
\x11~\xa5\xed\xc5;\xc0\xe9\xf6B\x83\x22\xc2\x0c\xb1\xe3\
\x10\x94\xcfZ\xae\xb4\x1d\x8e~\x93\x8c\x07\xf7\x85\x1c\x9b\
\x03s\xfa\x88\xa0\x05\xde\x9d\x9b\xc0>\x1d)s\x16\x87\
]\x85\xa6Z\xa1\x8b\x09\xcd\x1b\x17\xd6u\xda.\x0e\x1c\
V\xc8\x02\xe1)\xa8Z\xc6\xa0\x7fm\x1f\x81\x82\x17v\
b\xb9#b\x03jh\x0e\xfe\xe5\x1e=\x094\xb7\xec\
\x9eR5pFopN\xba}\xaf\xadM\xc4\xa6*\
\xb8\x1eZ\x06\x98\xa1\x81\x82\xb4\xc9\xaf\x8bK\x9d0\x08\
[q\xf4\xc2NJA\xf5c\x16e \xb8\x9bqZ\
\x19@p]r\xfaK\x8f\x86\xcc\xcf\x85>o\x1a\xb4\
\xe7\xda\xd3E\x128\xdf\xad\x99\x8b}\xc0-p\xe8\xec\
\xd7\xb1m\xaf\xbb\xa0\xe8\x0e\x02\xfe\x14Z&'\x0c\x81\
~\xef\x95\xdf\x99\xc4\x01|\xfe\xa0`B\x84=\x16\xc7\
\xf7Ej\xf6\xd8\x80QS\xb1\xba\xb3v\xb1\xe0\x88B\
<\x05ES\x01\xbc\x11\xda\x1f\x9f\x93\x81\xc0\x1fn\x08\
\xde\x19\xff\x0e!\xf3\xf3 *\x0f\xb5\x1d\xaa\x05\xa1\xe9\
\x22k\xdc\x16\xb3v\x93\xbdX\xd4(8\xb2\xcbb\xe0\
q\x00mG\x84\xdc\xd7\x83\xc0\x82\xeb\x01\xb7\x16\xa5U\
\x0fE\x15\xd0\x1f\xbc\x16<\xd8\x12\xb2$\x04\xf1\x93N\
t\xefT\xf2\x19Kp\x135\x07@U\xf6\x9c\x82t\
\xac\x19bs\x8dm\xcfpB\xd0\xcd`\x14\xbe\xcd \
9:\xd4\x08:\xe1\x0d/\xb6\xf7\x9b&]\xe0\xc8|\
\xa2\xe6\xe4\xefApa\x0bn\x12$C\xf9\xe2+\xc8\
\xf3\x06\x82\xb3:\xbf\xf0\xa9\xac\xd9\x0b\xd7\x03oC\xf9\
p;\x94\x8fw\x00\xfd<\xc1\x14\x1c\xa7q\xcd\x11e\
\xfb\xe0z\xf8=\xa8oW@}o[0F`\xd8\
\xc0\xce\xeb\xef:\x1cL\x22p\xca\x12P'\x891\xcf\
\xa8\xad\xb0u*\x18\x0d\xa7\xb2\x01\xedW\xb2\xc6m\x22\
\xc2\x0c\xd8QJK\x8a?\xed\xe9\x95m\x01\x01\xe4\xd5\
\xa1\xac\xdd\x07\xb1\xb1\x0a<\xa0783\xb1Q\x8cb\
W\x1d\xb4\xff^\x0e\xf5\xb5\xf5\xed\x891%CY\xb7\
\x1ft\xd2\x07\x99\x9f\xd7\xc1%\xdf\x992\x00.\xf2\x95\
\x97\xbc\xe2\x84\x5c\xdf\xde$\x98\xc3\x06\xc2\xfc\xc1\xc50\
/9\xcf\xb9\xb5H7\x83I0\xdf\xdb\x0a\xb1%\xc6\
$\x98\xbb\x0e\x07}Y\xcd\xe1\xca@\xa1\xaf\xacxI\
\xa4>\xe2\xe1\xdb\x9f&\xd6\xad\xc1,87\x98&6\
?\xc7\xf6E\xa0V\xe8\xa4\x0fbs\x0d\xc4\xa6\x83\x10\
_\xc4\x99&\xb6\xc9\x07\xd7\xaf\x97%\x5c\x19\xc0\xb7$\
\x912\x01sA\x98\xc9\x8c\xf9\x08\xd9\xadu\x94\x96 \
\xc7\xe4\x04w9v\x12)?\xfa\x11\x94\xd2}]'\
Rfz\x85\x14\xf9\xbc\x94\xe2\xe9\x88\x89\x94\x99O\x8b\
2\x00\x87\xcfCZ1k7\xed\x89\xb4\xa6P\xc7\x94\
\x7f\xcb]\x84\x7f9UV\xbc\xdb\xa8\xa9\xf8P\xcd\x1c\
\xb7\x94\xc0*\x88F\x22$\x1bD(t\xb8\x11p\xbb\
 GE\xbf\xa1\xab|\xb2\x13\xea?6F\xb3\x9fu\
\x10^\x95\x02\xb3\xfde\xc5\x0b\x8d\xea\x8a\x1a\xf3\xec\xf1\
\xaf\xa8\x0a\x0f\x07\xd0\xe6\x9b'\xdd\x0c\x0f|3A\x5c\
\xe8++y)\xaa\x00q\x920\xab-\xa2RB \
\xe6g|\x9e\xdcY\xfe/\xfe\xd2\x16\xc0e\xd4n:\
n\xd4V\xbc\xef\xc9\x1c\xf5\x82Ij-@g\x13:\
\xfe\x10\x18\x9f\xd5\x0brj\xf4\x88\x14e\xd5\x1e\xeb!\
W;\xbb\x01~\x82\xc8\x98\xeb+]\xfc\x92Y]\xd1\
nv\xd7m\xd4\x8d\x9a\x8a7\xd4\xec\xb1\x0c\xd0e\x88\
\x90\x8c\x1f\xc4\x85\xbe\xd2\xc4(\x03\x11\x06t\x9c\x94\x82\
\xc2k\x09\xf46\xda\xa7/\x9d\xc1?\xf7\x97\x95\xd8:\
isO\xbc\xf3\x1c\x10\xcf\x01\xe1\xa1\xd629&\x1b\
\x81Gn\x8a\xdaN{\xec#\xcb%Nb~\xc6\x94\
\xcasm\x89\xf7\xbb\xc03\xe9\xce\x19L\xbc\x18@\xeb\
\xa2\x95pe\x00\xa7!\xfa\xdd_V\xf2\x01$]G\
\xc0V\x00\xeb@\xf2j\xbb\xca\x00\x00\xdf\xbaE\xfb\x15\
\xd0\xb3\xa1eT\xdf\xb5s\xd5\x92\xdb\x0a\x80P\x94E\
v\x95\x01\x00\xde\xf2Eo\x08\xc2\xa5 \xac\x06PI\
\xa0\x9b\x13\xad\x0c\xe04\xfd\xc2\x8eo\xdd\xa2\x15\x08M\
\xbb\x11#\xa7\xca\xb3\xbfq\x17T\x1bh\x95\xd7F\x98\
*5X\xeb\x10\x94\x98O\xc8\x9aK\x8b+\x00L\xeb\
\xb2\xa2\x83|\xbbnPu\xca\x02\x09\xa0m\xae\xa7&\
\xbf%\xabtD\xac\x0a1\x9a\xd6\x0e:\xfd\x97O\xe2\
\xa0\x87(\x04\x00`Y\xa1\xa3\xdeO\xd1M\x90\xd5\x9a\
\xfe\xda\xc9\xd8\xa9D\xd2c~\xc7\x90\xc0u\xa1?,\
\xa9=\xb5\x22\xea\x0fK\x86\xa6\xbd`\x903Q\x12\xa7\
\x81\x1e\xa3\x10\x06Y\xde\x90\xf0\x0c\x10\xd1\x10\x90\xb1G\
X\x9c!z\xd0\x94E\x07\xe3n\xca\x88\xbf\xedi\xa6\
\xc7(\x84T\xf12\x82i\x8fb\xe5\x98\x09\xb1\xd0i\
y\x12E\xcf:\xec\x1e=;\xcd\x93\xea\x1a\xc3!y\
\x1d\xa3\x22(\xe03}\x9b\x9d\xce>\x9d$I\x92$\
I\x92$I\x92$I\x92$I\x92$\x8c\xff\x03j\
\x9c\x84\xbb+\xc22{\x00\x00\x00\x00IEND\xae\
B`\x82\
"

qt_resource_name = b"\
\x00\x05\
\x00o\xa6S\
\x00i\
\x00c\x00o\x00n\x00s\
\x00\x09\
\x0alxC\
\x00r\
\x00e\x00s\x00o\x00u\x00r\x00c\x00e\x00s\
\x00\x0d\
\x04\xdf\xde\x03\
\x00p\
\x00a\x00g\x00e\x00s\x00t\x00y\x00l\x00e\x00.\x00c\x00s\x00s\
\x00\x0b\
\x00\xb0\xe2\x96\
\x00l\
\x00o\x00a\x00d\x00i\x00n\x00g\x00.\x00g\x00i\x00f\
\x00\x16\
\x05\x22\xcd\x07\
\x00i\
\x00c\x00o\x00n\x00s\x008\x00-\x00a\x00n\x00t\x00e\x00n\x00n\x00a\x00-\x001\x000\
\x000\x00.\x00p\x00n\x00g\
\x00\x14\
\x0e\xf2|g\
\x00i\
\x00c\x00o\x00n\x00s\x008\x00-\x00b\x00r\x00o\x00o\x00m\x00-\x001\x000\x000\x00.\
\x00p\x00n\x00g\
\x00\x0d\
\x07\xd6\xcf\xa7\
\x00h\
\x00a\x00r\x00v\x00e\x00s\x00t\x00e\x00r\x00.\x00p\x00n\x00g\
\x00\x19\
\x01\xc5rg\
\x00i\
\x00c\x00o\x00n\x00s\x008\x00-\x00d\x00a\x00t\x00a\x00b\x00a\x00s\x00e\x00-\x001\
\x000\x000\x00-\x002\x00.\x00p\x00n\x00g\
\x00\x15\
\x01?o'\
\x00i\
\x00c\x00o\x00n\x00s\x008\x00-\x00f\x00o\x00l\x00d\x00e\x00r\x00-\x001\x000\x000\
\x00.\x00p\x00n\x00g\
\x00\x0d\
\x07\xd6\xd7\x7f\
\x00h\
\x00a\x00r\x00v\x00e\x00s\x00t\x00e\x00r\x00.\x00i\x00c\x00o\
\x00\x22\
\x06\x86\x86\xe7\
\x00i\
\x00c\x00o\x00n\x00s\x008\x00-\x00c\x00o\x00m\x00b\x00i\x00n\x00e\x00-\x00h\x00a\
\x00r\x00v\x00e\x00s\x00t\x00e\x00r\x00-\x001\x000\x000\x00-\x002\x00.\x00p\x00n\
\x00g\
\x00\x17\
\x00EqG\
\x00i\
\x00c\x00o\x00n\x00s\x008\x00-\x00u\x00p\x00l\x00o\x00a\x00d\x00-\x001\x000\x000\
\x00-\x002\x00.\x00p\x00n\x00g\
\x00\x1a\
\x05\xddjG\
\x00i\
\x00c\x00o\x00n\x00s\x008\x00-\x00r\x00i\x00g\x00h\x00t\x00-\x00a\x00r\x00r\x00o\
\x00w\x00-\x001\x000\x000\x00.\x00p\x00n\x00g\
\x00\x17\
\x07\x84\x5cG\
\x00i\
\x00c\x00o\x00n\x00s\x008\x00-\x00r\x00e\x00p\x00o\x00r\x00t\x00-\x001\x000\x000\
\x00-\x002\x00.\x00p\x00n\x00g\
\x00\x17\
\x0a\x03\xcc'\
\x00i\
\x00c\x00o\x00n\x00s\x008\x00-\x00a\x00d\x00d\x00-\x00f\x00i\x00l\x00e\x00-\x001\
\x000\x000\x00.\x00p\x00n\x00g\
\x00\x18\
\x02\x9f\x1d\x07\
\x00i\
\x00c\x00o\x00n\x00s\x008\x00-\x00a\x00n\x00t\x00e\x00n\x00n\x00a\x00-\x001\x000\
\x000\x00-\x002\x00.\x00p\x00n\x00g\
\x00\x18\
\x0a\x87c\x07\
\x00i\
\x00c\x00o\x00n\x00s\x008\x00-\x00b\x00i\x00n\x00o\x00c\x00u\x00l\x00a\x00r\x00-\
\x001\x000\x000\x00.\x00p\x00n\x00g\
\x00\x15\
\x0a!\xed'\
\x00i\
\x00c\x00o\x00n\x00s\x008\x00-\x00f\x00i\x00l\x00e\x00-\x001\x000\x000\x00-\x005\
\x00.\x00p\x00n\x00g\
\x00\x15\
\x04\xdavG\
\x00i\
\x00c\x00o\x00n\x00s\x008\x00-\x00r\x00e\x00w\x00i\x00n\x00d\x00-\x001\x000\x000\
\x00.\x00p\x00n\x00g\
\x00\x1a\
\x052&\xe7\
\x00i\
\x00c\x00o\x00n\x00s\x008\x00-\x00o\x00p\x00e\x00n\x00-\x00b\x00o\x00o\x00k\x00-\
\x001\x000\x000\x00-\x002\x00.\x00p\x00n\x00g\
\x00\x17\
\x07\xeaSg\
\x00i\
\x00c\x00o\x00n\x00s\x008\x00-\x00d\x00o\x00w\x00n\x00l\x00o\x00a\x00d\x00-\x001\
\x000\x000\x00.\x00p\x00n\x00g\
\x00\x19\
\x01\xc6rg\
\x00i\
\x00c\x00o\x00n\x00s\x008\x00-\x00d\x00a\x00t\x00a\x00b\x00a\x00s\x00e\x00-\x001\
\x000\x000\x00-\x003\x00.\x00p\x00n\x00g\
\x00\x1b\
\x07\xad\xc8\xc7\
\x00i\
\x00c\x00o\x00n\x00s\x008\x00-\x00f\x00a\x00s\x00t\x00-\x00f\x00o\x00r\x00w\x00a\
\x00r\x00d\x00-\x001\x000\x000\x00.\x00p\x00n\x00g\
\x00\x13\
\x0d\xc6\xc4\xe7\
\x00i\
\x00c\x00o\x00n\x00s\x008\x00-\x00d\x00o\x00o\x00r\x00-\x001\x000\x000\x00.\x00p\
\x00n\x00g\
\x00\x17\
\x0c\xa4C'\
\x00i\
\x00c\x00o\x00n\x00s\x008\x00-\x00r\x00e\x00d\x00d\x00i\x00t\x00-\x001\x000\x000\
\x00-\x002\x00.\x00p\x00n\x00g\
\x00\x19\
\x0a\x02x\x87\
\x00i\
\x00c\x00o\x00n\x00s\x008\x00-\x00d\x00o\x00w\x00n\x00l\x00o\x00a\x00d\x00-\x001\
\x000\x000\x00-\x003\x00.\x00p\x00n\x00g\
\x00\x15\
\x03\x93\xe3'\
\x00i\
\x00c\x00o\x00n\x00s\x008\x00-\x00n\x00e\x00w\x00s\x00-\x001\x000\x000\x00-\x003\
\x00.\x00p\x00n\x00g\
\x00\x15\
\x0a\x1e\xed'\
\x00i\
\x00c\x00o\x00n\x00s\x008\x00-\x00f\x00i\x00l\x00e\x00-\x001\x000\x000\x00-\x004\
\x00.\x00p\x00n\x00g\
\x00\x1f\
\x0cOr\xa7\
\x00i\
\x00c\x00o\x00n\x00s\x008\x00-\x00m\x00a\x00g\x00n\x00i\x00f\x00y\x00i\x00n\x00g\
\x00-\x00g\x00l\x00a\x00s\x00s\x00-\x001\x000\x000\x00.\x00p\x00n\x00g\
\x00\x17\
\x08\x95\xdb\x07\
\x00i\
\x00c\x00o\x00n\x00s\x008\x00-\x00s\x00e\x00t\x00t\x00i\x00n\x00g\x00s\x00-\x001\
\x000\x000\x00.\x00p\x00n\x00g\
"

qt_resource_struct = b"\
\x00\x00\x00\x00\x00\x02\x00\x00\x00\x02\x00\x00\x00\x01\
\x00\x00\x00\x00\x00\x00\x00\x00\
\x00\x00\x00\x00\x00\x02\x00\x00\x00\x01\x00\x00\x00\x05\
\x00\x00\x00\x00\x00\x00\x00\x00\
\x00\x00\x00\x10\x00\x02\x00\x00\x00\x02\x00\x00\x00\x03\
\x00\x00\x00\x00\x00\x00\x00\x00\
\x00\x00\x00H\x00\x04\x00\x00\x00\x01\x00\x00\x04t\
\x00\x00\x01\x9d\xa8\x9d{u\
\x00\x00\x00(\x00\x00\x00\x00\x00\x01\x00\x00\x00\x00\
\x00\x00\x01\x9cZ\xd7E\xf0\
\x00\x00\x00\x00\x00\x02\x00\x00\x00\x1a\x00\x00\x00\x06\
\x00\x00\x00\x00\x00\x00\x00\x00\
\x00\x00\x01\xb6\x00\x00\x00\x00\x00\x01\x00\x00\x8d\x17\
\x00\x00\x01\x9d\xa8F\xd3\xcd\
\x00\x00\x01\x1c\x00\x00\x00\x00\x00\x01\x00\x00^\xcd\
\x00\x00\x01\x9d\xa8F\xd3\xca\
\x00\x00\x00\xe4\x00\x00\x00\x00\x00\x01\x00\x00Lo\
\x00\x00\x01\x9d\xa8F\xd3\xc9\
\x00\x00\x03\xc6\x00\x00\x00\x00\x00\x01\x00\x00\xfdL\
\x00\x00\x01\x9d\xa8F\xd3\xc9\
\x00\x00\x02\x8c\x00\x00\x00\x00\x00\x01\x00\x00\xb1\x83\
\x00\x00\x01\x9d\xa8F\xd3\xc8\
\x00\x00\x04\xd2\x00\x00\x00\x00\x00\x01\x00\x01Fe\
\x00\x00\x01\x9d\xa8F\xd3\xcb\
\x00\x00\x03(\x00\x00\x00\x00\x00\x01\x00\x00\xe4\x1d\
\x00\x00\x01\x9d\xa8F\xd3\xcc\
\x00\x00\x00d\x00\x00\x00\x00\x00\x01\x00\x00.M\
\x00\x00\x01\x9d\xa8F\xd3\xc8\
\x00\x00\x03X\x00\x00\x00\x00\x00\x01\x00\x00\xee\x0b\
\x00\x00\x01\x9d\xa8F\xd3\xcb\
\x00\x00\x01\xea\x00\x00\x00\x00\x00\x01\x00\x00\x95\x89\
\x00\x00\x01\x9d\xa8F\xd3\xcc\
\x00\x00\x01l\x00\x00\x00\x00\x00\x01\x00\x00w\xa8\
\x00\x00\x01\x9d\xa8F\xd3\xc9\
\x00\x00\x02$\x00\x00\x00\x00\x00\x01\x00\x00\x9b\x95\
\x00\x00\x01\x9d\xa8F\xd3\xcc\
\x00\x00\x03\xfe\x00\x00\x00\x00\x00\x01\x00\x01\x14Q\
\x00\x00\x01\x9d\xa8F\xd3\xca\
\x00\x00\x00\xc4\x00\x00\x00\x00\x00\x01\x00\x00D\xc5\
\x00\x00\x01\x9cd\xa7\x1c\xc1\
\x00\x00\x01L\x00\x00\x00\x00\x00\x01\x00\x00f\xe6\
\x00\x00\x01\x9cZ\xd7E\xe8\
\x00\x00\x03\x92\x00\x00\x00\x00\x00\x01\x00\x00\xf5\xe4\
\x00\x00\x01\x9d\xa8F\xd3\xc9\
\x00\x00\x05v\x00\x00\x00\x00\x00\x01\x00\x01x\x82\
\x00\x00\x01\x9d\xa8F\xd3\xcc\
\x00\x00\x04\x9a\x00\x00\x00\x00\x00\x01\x00\x01>\x05\
\x00\x00\x01\x9d\xa8F\xd3\xc9\
\x00\x00\x02X\x00\x00\x00\x00\x00\x01\x00\x00\xa4Q\
\x00\x00\x01\x9d\xa8F\xd3\xc8\
\x00\x00\x05\x02\x00\x00\x00\x00\x00\x01\x00\x01b\xad\
\x00\x00\x01\x9d\xa8F\xd3\xca\
\x00\x00\x02\xf8\x00\x00\x00\x00\x00\x01\x00\x00\xda\x12\
\x00\x00\x01\x9d\xa8F\xd3\xca\
\x00\x00\x02\xc2\x00\x00\x00\x00\x00\x01\x00\x00\xc3\xe1\
\x00\x00\x01\x9d\xa8F\xd3\xc8\
\x00\x00\x052\x00\x00\x00\x00\x00\x01\x00\x01l\x96\
\x00\x00\x01\x9d\xa8F\xd3\xcb\
\x00\x00\x04f\x00\x00\x00\x00\x00\x01\x00\x01!\xbf\
\x00\x00\x01\x9d\xa8F\xd3\xcc\
\x00\x00\x04:\x00\x00\x00\x00\x00\x01\x00\x01\x1e\x1c\
\x00\x00\x01\x9d\xa8F\xd3\xc9\
\x00\x00\x00\x96\x00\x00\x00\x00\x00\x01\x00\x00<\x1d\
\x00\x00\x01\x9d\xa8F\xd3\xc8\
"

def qInitResources():
    QtCore.qRegisterResourceData(0x03, qt_resource_struct, qt_resource_name, qt_resource_data)

def qCleanupResources():
    QtCore.qUnregisterResourceData(0x03, qt_resource_struct, qt_resource_name, qt_resource_data)

qInitResources()
